{
"type": "FeatureCollection",
"name": "Canals",
"crs": { "type": "name", "properties": { "name": "urn:ogc:def:crs:OGC:1.3:CRS84" } },
"features": [
{"type":"Feature","properties":{"osm_id":"808205284","code":8103,"fclass":"canal","width":0,"name":null},"geometry":{"type":"MultiLineString","coordinates":[[[79.9170643,7.1337939],[79.9170556,7.1338567],[79.9170288,7.1339266],[79.9169833,7.1340152],[79.9169609,7.134113],[79.9169265,7.1342053],[79.9168642,7.1343225],[79.9167944,7.1345108],[79.9166428,7.134892],[79.91664,7.134964],[79.9166019,7.1350858],[79.9165042,7.1359533],[79.9166496,7.1364541],[79.9166825,7.1366688],[79.9167137,7.136698],[79.9166981,7.1373182],[79.9166629,7.1374028],[79.9166152,7.1374868],[79.9166105,7.1375163],[79.9166343,7.1375708],[79.9167476,7.1376891],[79.9173343,7.1381399],[79.9175454,7.1383032],[79.9176873,7.138502],[79.9180022,7.139012],[79.9181381,7.1392345],[79.9182526,7.1394309]]]}},
{"type":"Feature","properties":{"osm_id":"808205283","code":8103,"fclass":"canal","width":0,"name":null},"geometry":{"type":"MultiLineString","coordinates":[[[79.917071,7.1337282],[79.9170643,7.1337939]]]}},
{"type":"Feature","properties":{"osm_id":"808205282","code":8103,"fclass":"canal","width":0,"name":null},"geometry":{"type":"MultiLineString","coordinates":[[[79.9231318,7.1156066],[79.9227798,7.1157417]]]}},
{"type":"Feature","properties":{"osm_id":"940431829","code":8103,"fclass":"canal","width":0,"name":null},"geometry":{"type":"MultiLineString","coordinates":[[[79.8673778,7.033308],[79.867124,7.0332768],[79.8670891,7.0334019],[79.8668611,7.03337],[79.8668021,7.0332236],[79.8663864,7.0331783],[79.8661557,7.0331224],[79.8662549,7.0324862],[79.8664024,7.0324303],[79.8664319,7.0322839],[79.8667726,7.0323238],[79.8667726,7.0319804],[79.86655,7.0319405],[79.8665312,7.0318074],[79.8663354,7.0317355],[79.8663595,7.0316237],[79.8665124,7.031637],[79.8666117,7.0317009],[79.8667136,7.0316849],[79.8667726,7.0316317],[79.8676113,7.0317835]]]}},
{"type":"Feature","properties":{"osm_id":"940431828","code":8103,"fclass":"canal","width":0,"name":null},"geometry":{"type":"MultiLineString","coordinates":[[[79.865106,7.0304443],[79.8654252,7.030519],[79.8655694,7.0304522],[79.8665053,7.0307477],[79.8672545,7.0310272],[79.8677122,7.0311254],[79.8683441,7.0312569],[79.8685831,7.0312795],[79.8687784,7.0311948],[79.8699335,7.0313209],[79.8773968,7.0324836]]]}},
{"type":"Feature","properties":{"osm_id":"940431823","code":8103,"fclass":"canal","width":0,"name":null},"geometry":{"type":"MultiLineString","coordinates":[[[79.865925,7.0377916],[79.8660516,7.0370392],[79.8661396,7.0365165],[79.8655307,7.0363674],[79.8653457,7.0362609],[79.8654261,7.0358004],[79.8653913,7.0354703],[79.8664297,7.0356683],[79.86736,7.0358457],[79.8687708,7.0361465],[79.8689268,7.0361527],[79.8692375,7.0361651],[79.8697659,7.0360294],[79.8706081,7.0357605],[79.8711178,7.0357285],[79.8721102,7.0357285],[79.873572,7.0357552],[79.8754388,7.0357073],[79.8769623,7.0356886],[79.8772126,7.0356352],[79.8775502,7.0357143],[79.8778271,7.0357105],[79.8786199,7.035895],[79.8792306,7.0358084],[79.8797048,7.03559],[79.8817379,7.0354884],[79.8819655,7.0356164],[79.8825231,7.0356164],[79.8830428,7.0356879],[79.8838925,7.035462],[79.8847839,7.0353754],[79.8859901,7.0353943],[79.8863126,7.0355863],[79.8865136,7.0355938]]]}},
{"type":"Feature","properties":{"osm_id":"940431822","code":8103,"fclass":"canal","width":0,"name":null},"geometry":{"type":"MultiLineString","coordinates":[[[79.8865136,7.0355938],[79.8866768,7.0355857]]]}},
{"type":"Feature","properties":{"osm_id":"940431833","code":8103,"fclass":"canal","width":0,"name":null},"geometry":{"type":"MultiLineString","coordinates":[[[79.8664695,7.0354597],[79.8664856,7.0352068],[79.8664293,7.0351456],[79.866145,7.0351216],[79.8662147,7.0347809],[79.8664749,7.0347862],[79.8664749,7.0345972],[79.8663703,7.0344029]]]}},
{"type":"Feature","properties":{"osm_id":"940431832","code":8103,"fclass":"canal","width":0,"name":null},"geometry":{"type":"MultiLineString","coordinates":[[[79.866204,7.0343549],[79.8663703,7.0344029],[79.8671937,7.0345093]]]}},
{"type":"Feature","properties":{"osm_id":"940431831","code":8103,"fclass":"canal","width":0,"name":null},"geometry":{"type":"MultiLineString","coordinates":[[[79.8672266,7.0342946],[79.866448,7.0341606],[79.8664534,7.033772],[79.8663515,7.0337533],[79.8663756,7.0335909]]]}},
{"type":"Feature","properties":{"osm_id":"940431830","code":8103,"fclass":"canal","width":0,"name":null},"geometry":{"type":"MultiLineString","coordinates":[[[79.8659652,7.0335217],[79.8663756,7.0335909],[79.8666063,7.0336256],[79.8666599,7.0335936],[79.8666653,7.0334552],[79.8666331,7.0334099],[79.8663676,7.0333647],[79.8663864,7.0331783]]]}},
{"type":"Feature","properties":{"osm_id":"940431821","code":8103,"fclass":"canal","width":0,"name":null},"geometry":{"type":"MultiLineString","coordinates":[[[79.8866768,7.0355857],[79.8869942,7.0355701]]]}},
{"type":"Feature","properties":{"osm_id":"940431818","code":8103,"fclass":"canal","width":0,"name":null},"geometry":{"type":"MultiLineString","coordinates":[[[79.8704651,7.0187453],[79.8706428,7.0186544]]]}},
{"type":"Feature","properties":{"osm_id":"940431817","code":8103,"fclass":"canal","width":0,"name":null},"geometry":{"type":"MultiLineString","coordinates":[[[79.8706428,7.0186544],[79.8708457,7.0185772]]]}},
{"type":"Feature","properties":{"osm_id":"940431853","code":8103,"fclass":"canal","width":0,"name":null},"geometry":{"type":"MultiLineString","coordinates":[[[79.8722376,7.0142616],[79.8722004,7.0141327]]]}},
{"type":"Feature","properties":{"osm_id":"940431852","code":8103,"fclass":"canal","width":0,"name":null},"geometry":{"type":"MultiLineString","coordinates":[[[79.8828095,7.018103],[79.8828337,7.0183905]]]}},
{"type":"Feature","properties":{"osm_id":"940431851","code":8103,"fclass":"canal","width":0,"name":null},"geometry":{"type":"MultiLineString","coordinates":[[[79.8828337,7.0183905],[79.8829007,7.0190641],[79.8828363,7.0195592],[79.8825172,7.0199665],[79.8794696,7.0231063]]]}},
{"type":"Feature","properties":{"osm_id":"940431850","code":8103,"fclass":"canal","width":0,"name":null},"geometry":{"type":"MultiLineString","coordinates":[[[79.8702984,7.0145853],[79.8702823,7.0142749],[79.8704553,7.0134576],[79.8704633,7.0130583],[79.8705518,7.0125179],[79.8707771,7.011264],[79.8711565,7.0085797]]]}},
{"type":"Feature","properties":{"osm_id":"940431861","code":8103,"fclass":"canal","width":0,"name":null},"geometry":{"type":"MultiLineString","coordinates":[[[79.8688808,7.017898],[79.8690283,7.0165271],[79.8691142,7.0162688],[79.869424,7.0158429]]]}},
{"type":"Feature","properties":{"osm_id":"940431860","code":8103,"fclass":"canal","width":0,"name":null},"geometry":{"type":"MultiLineString","coordinates":[[[79.8654436,7.0142696],[79.8672612,7.0146262],[79.8673687,7.0146572],[79.8674521,7.0146824],[79.8689251,7.0148912],[79.8697592,7.0151933],[79.8697843,7.0152468],[79.8695728,7.0155953]]]}},
{"type":"Feature","properties":{"osm_id":"940431857","code":8103,"fclass":"canal","width":0,"name":null},"geometry":{"type":"MultiLineString","coordinates":[[[79.8708457,7.0185772],[79.8722838,7.0147931],[79.8723181,7.0145637]]]}},
{"type":"Feature","properties":{"osm_id":"940431854","code":8103,"fclass":"canal","width":0,"name":null},"geometry":{"type":"MultiLineString","coordinates":[[[79.8723181,7.0145637],[79.8722376,7.0142616]]]}},
{"type":"Feature","properties":{"osm_id":"940431837","code":8103,"fclass":"canal","width":0,"name":null},"geometry":{"type":"MultiLineString","coordinates":[[[79.868401,7.0262141],[79.8690174,7.0262348],[79.8692108,7.0263345]]]}},
{"type":"Feature","properties":{"osm_id":"940431836","code":8103,"fclass":"canal","width":0,"name":null},"geometry":{"type":"MultiLineString","coordinates":[[[79.8690174,7.0262348],[79.8686001,7.0297378],[79.8684503,7.0307505],[79.8683441,7.0312569],[79.8683536,7.0316183]]]}},
{"type":"Feature","properties":{"osm_id":"940431835","code":8103,"fclass":"canal","width":0,"name":null},"geometry":{"type":"MultiLineString","coordinates":[[[79.8660143,7.0294011],[79.8660321,7.0296023],[79.8662237,7.0296023],[79.8662313,7.0301105],[79.8674868,7.0303421],[79.8674584,7.0305623],[79.8677846,7.0306527]]]}},
{"type":"Feature","properties":{"osm_id":"940431834","code":8103,"fclass":"canal","width":0,"name":null},"geometry":{"type":"MultiLineString","coordinates":[[[79.8681279,7.0287232],[79.8680179,7.0296851],[79.8677846,7.0306527],[79.8677122,7.0311254],[79.8676647,7.031435],[79.8676113,7.0317835],[79.8673778,7.033308],[79.8672266,7.0342946],[79.8671937,7.0345093],[79.867183,7.0347489],[79.8670784,7.0349459],[79.8669818,7.0355715]]]}},
{"type":"Feature","properties":{"osm_id":"940431843","code":8103,"fclass":"canal","width":0,"name":null},"geometry":{"type":"MultiLineString","coordinates":[[[79.8720222,7.0208873],[79.8717883,7.0210996],[79.8716973,7.0211185],[79.8704911,7.0209942],[79.8704114,7.0210206],[79.8703735,7.0211072],[79.8702976,7.0211938],[79.8701952,7.0212352],[79.869941,7.0211825],[79.8698614,7.0212239],[79.8695352,7.0217058],[79.8694479,7.0217321],[79.8693417,7.0217284],[79.8692954,7.0217321],[79.8681089,7.0215665],[79.8680141,7.0216342],[79.8679689,7.0217581],[79.8679796,7.0219231],[79.8680386,7.0221095],[79.8681405,7.0222506],[79.8683658,7.0224955]]]}},
{"type":"Feature","properties":{"osm_id":"940431840","code":8103,"fclass":"canal","width":0,"name":null},"geometry":{"type":"MultiLineString","coordinates":[[[79.8662721,7.0223142],[79.8671739,7.0223985],[79.8683658,7.0224955],[79.8691596,7.0225698]]]}},
{"type":"Feature","properties":{"osm_id":"940431839","code":8103,"fclass":"canal","width":0,"name":null},"geometry":{"type":"MultiLineString","coordinates":[[[79.8671739,7.0223985],[79.8671739,7.0226771],[79.8671151,7.0229425],[79.8671398,7.0230517],[79.8672649,7.0230799],[79.8679553,7.0231477],[79.8680368,7.023191],[79.8680634,7.0232945],[79.8679932,7.0238159],[79.8678699,7.0242225],[79.8678263,7.0246555],[79.8678813,7.0247082],[79.8679572,7.0247119],[79.8680729,7.0246649],[79.8686162,7.0247413],[79.8690895,7.0248079]]]}},
{"type":"Feature","properties":{"osm_id":"940431838","code":8103,"fclass":"canal","width":0,"name":null},"geometry":{"type":"MultiLineString","coordinates":[[[79.8686162,7.0247413],[79.8685774,7.0251411],[79.8685357,7.0253689],[79.8684657,7.0258082],[79.868401,7.0262141],[79.8683365,7.0269896],[79.868401,7.0271948],[79.868382,7.0273115],[79.8683308,7.0273623],[79.8681222,7.0274771],[79.8677694,7.0275072],[79.8675551,7.0274884],[79.8669672,7.0274018],[79.8669216,7.0274545],[79.8668989,7.027959],[79.8668628,7.0280287],[79.8667965,7.0280192],[79.8665215,7.0279552],[79.8664589,7.0279948],[79.8664171,7.0282338],[79.8665708,7.0283185],[79.8668059,7.0283505],[79.8669122,7.0283825],[79.8669482,7.0284522],[79.8669463,7.0285727],[79.8668628,7.0288983],[79.866768,7.0289736],[79.8667111,7.0293952],[79.8666637,7.0294517],[79.8660143,7.0294011],[79.8657704,7.0293821]]]}},
{"type":"Feature","properties":{"osm_id":"378068730","code":8103,"fclass":"canal","width":0,"name":null},"geometry":{"type":"MultiLineString","coordinates":[[[79.8687007,7.1831],[79.8687643,7.1831301],[79.8692648,7.1833958],[79.869518,7.183577],[79.8694668,7.1838664],[79.8694243,7.183934],[79.8694387,7.1840247],[79.8694099,7.1841304],[79.8695228,7.1843172],[79.8696134,7.1843451],[79.8702553,7.1843793],[79.87045,7.1846035],[79.8705392,7.1848054],[79.870521,7.1850494],[79.8704462,7.1854621],[79.8704666,7.1854891],[79.870602,7.1854894],[79.8713397,7.1855949],[79.8719749,7.1855598],[79.8722452,7.1854608],[79.8723482,7.1853405],[79.8727946,7.1849818],[79.8733288,7.1843272],[79.8734672,7.1842133],[79.873802,7.1837002],[79.8738513,7.183598],[79.8739018,7.1833989],[79.8741367,7.1832893],[79.8747998,7.1830541],[79.8750369,7.1830977],[79.8773853,7.1838499],[79.8776504,7.1839958],[79.8777154,7.1840173]]]}},
{"type":"Feature","properties":{"osm_id":"377957108","code":8103,"fclass":"canal","width":0,"name":"Galthata oya"},"geometry":{"type":"MultiLineString","coordinates":[[[80.0286278,7.098988],[80.0287979,7.0988078],[80.0289448,7.0986574],[80.028956,7.0986409],[80.0290357,7.0985232],[80.0292036,7.0982803],[80.0293435,7.098271],[80.0295836,7.0982918],[80.0298284,7.098234],[80.0300429,7.0981993],[80.0302574,7.0981623],[80.0304626,7.0981391],[80.0306421,7.0981183],[80.030887,7.0981299],[80.0310922,7.0981501],[80.0312166,7.0981583],[80.0313526,7.0981648],[80.0314516,7.0981484],[80.0314887,7.098074],[80.0314293,7.0979693],[80.0314384,7.0978826],[80.031473,7.0978114],[80.0315447,7.0977304],[80.0315884,7.0976388],[80.0316173,7.0976028],[80.0316222,7.0975652],[80.0316197,7.097494],[80.0316816,7.0973419],[80.0318332,7.0972265],[80.0319808,7.0971006],[80.0320105,7.0969959],[80.032083,7.0968674],[80.0321415,7.0966883],[80.0322297,7.0965419],[80.032285,7.0964003],[80.0323789,7.096276],[80.0324861,7.0960584],[80.0325916,7.0958694],[80.0326922,7.0956437],[80.032726,7.0956199],[80.0327367,7.0955766],[80.0327326,7.0955381],[80.0327896,7.0954445],[80.0328873,7.0953677],[80.0329857,7.0953367],[80.0330611,7.0953091],[80.03313,7.0952342],[80.0334006,7.0948974],[80.0334875,7.094777],[80.0337547,7.0945371],[80.0339318,7.0944037],[80.0340991,7.0942638],[80.034168,7.0941661],[80.0342609,7.0940267],[80.034407,7.0939024],[80.0345624,7.0938173],[80.0347363,7.0937644],[80.0348152,7.0937207],[80.0349522,7.0935845],[80.0350937,7.0935661],[80.0352475,7.0935613],[80.0353541,7.0935906],[80.0353967,7.0935678],[80.0355809,7.0935156],[80.0356675,7.0934634],[80.0358016,7.0933101],[80.0358729,7.0932259],[80.0359309,7.0931914],[80.0360028,7.0931881],[80.0360941,7.0932115],[80.0361707,7.0932367]]]}},
{"type":"Feature","properties":{"osm_id":"377943753","code":8103,"fclass":"canal","width":0,"name":null},"geometry":{"type":"MultiLineString","coordinates":[[[80.0279551,7.0752521],[80.028065,7.075224],[80.0282461,7.0752976],[80.02899,7.0758278],[80.02911,7.0758468],[80.0291134,7.0758726]]]}},
{"type":"Feature","properties":{"osm_id":"377943752","code":8103,"fclass":"canal","width":0,"name":null},"geometry":{"type":"MultiLineString","coordinates":[[[80.0304647,7.0765836],[80.0305554,7.0766336],[80.0306501,7.0767076],[80.0306666,7.0767894],[80.0309028,7.0768909],[80.0309401,7.0769279],[80.0309981,7.0769698],[80.0310146,7.0770082],[80.0309924,7.0770445],[80.0309572,7.0770402],[80.0309401,7.0769279]]]}},
{"type":"Feature","properties":{"osm_id":"378250243","code":8103,"fclass":"canal","width":0,"name":null},"geometry":{"type":"MultiLineString","coordinates":[[[80.0451389,7.0905973],[80.045395,7.0904546],[80.045496,7.0904175],[80.0455857,7.0904063],[80.0456829,7.0904249],[80.0457186,7.0904236],[80.0457876,7.0904212],[80.045896,7.0904026],[80.0459558,7.0903655],[80.0460605,7.0902876],[80.0465402,7.0899875],[80.046769,7.0898291],[80.0468677,7.0898111],[80.0469763,7.0897736],[80.0470669,7.0897621],[80.0472199,7.0897556],[80.0473894,7.0896935],[80.0474848,7.089699],[80.0476222,7.0896828],[80.0477665,7.0896597],[80.0478921,7.0896597],[80.0479736,7.0896597],[80.0480574,7.0896551],[80.048069,7.0895812],[80.048076,7.0895246],[80.0480329,7.0895154],[80.0479852,7.0894946],[80.0479503,7.0894634],[80.0479189,7.0894311],[80.0479026,7.0894126],[80.0478875,7.0893803],[80.0478875,7.0893098],[80.047951,7.089221],[80.0479975,7.0891609],[80.0480104,7.0891228],[80.0480197,7.0890893],[80.0480325,7.0890755],[80.0480697,7.089047]]]}},
{"type":"Feature","properties":{"osm_id":"378108865","code":8103,"fclass":"canal","width":0,"name":null},"geometry":{"type":"MultiLineString","coordinates":[[[79.8871801,7.194577],[79.887146,7.1944061],[79.887239,7.1941934],[79.8873038,7.1941372],[79.8872067,7.1939887],[79.8872188,7.1936876]]]}},
{"type":"Feature","properties":{"osm_id":"378108579","code":8103,"fclass":"canal","width":0,"name":null},"geometry":{"type":"MultiLineString","coordinates":[[[79.8879519,7.1948172],[79.8881676,7.1949765],[79.8882605,7.1951384],[79.8884192,7.1951789],[79.8884759,7.1951406],[79.8884963,7.1950709],[79.8885915,7.1949607],[79.8887477,7.1948351],[79.8889497,7.1944678],[79.8890891,7.1944105],[79.8891612,7.1943374],[79.8891981,7.1941991],[79.8891372,7.1941895],[79.8892045,7.1940973],[79.8892077,7.1939701],[79.8894826,7.1938022],[79.88986,7.1936464]]]}},
{"type":"Feature","properties":{"osm_id":"378068731","code":8103,"fclass":"canal","width":0,"name":null},"geometry":{"type":"MultiLineString","coordinates":[[[79.8687643,7.1831301],[79.868829,7.1830846],[79.8688743,7.1830283],[79.868897,7.1828215],[79.8688879,7.1827293],[79.8688109,7.1826371],[79.8688111,7.1824753]]]}},
{"type":"Feature","properties":{"osm_id":"1216769573","code":8103,"fclass":"canal","width":0,"name":null},"geometry":{"type":"MultiLineString","coordinates":[[[79.9832577,6.5537562],[79.9833127,6.5535338],[79.9834777,6.5532644],[79.9837375,6.5531137],[79.9837717,6.5531099],[79.9838722,6.5531532],[79.9841548,6.5530892],[79.9843008,6.5530383],[79.9844146,6.5529535],[79.9845512,6.5529102],[79.9845682,6.55288],[79.9845872,6.5527368],[79.9846195,6.5526765],[79.9848546,6.5525258],[79.9849779,6.5524033],[79.9850993,6.5523392],[79.9851505,6.5522959],[79.9852112,6.5522074],[79.9855507,6.5518531],[79.9858921,6.5514424],[79.9860324,6.5511126],[79.9860556,6.5509565],[79.9860305,6.5508545]]]}},
{"type":"Feature","properties":{"osm_id":"377583570","code":8103,"fclass":"canal","width":0,"name":null},"geometry":{"type":"MultiLineString","coordinates":[[[79.9736107,7.0657113],[79.9736145,7.065714],[79.973657,7.065714],[79.9737119,7.0656963],[79.9737901,7.0656677],[79.9739273,7.0655888],[79.9740371,7.0654894],[79.9741263,7.0651994],[79.9741537,7.0650877],[79.9741811,7.0650087],[79.9742662,7.0647527],[79.9742854,7.0646792],[79.9742868,7.0646588]]]}},
{"type":"Feature","properties":{"osm_id":"377943751","code":8103,"fclass":"canal","width":0,"name":null},"geometry":{"type":"MultiLineString","coordinates":[[[80.0293242,7.0759075],[80.0295677,7.0760072],[80.0300159,7.0760354],[80.0302167,7.0760736],[80.0303567,7.0760374],[80.0303749,7.0760555],[80.0303729,7.0761179],[80.03041,7.0761186]]]}},
{"type":"Feature","properties":{"osm_id":"377936892","code":8103,"fclass":"canal","width":0,"name":null},"geometry":{"type":"MultiLineString","coordinates":[[[79.9978751,7.0802008],[79.9984169,7.080568]]]}},
{"type":"Feature","properties":{"osm_id":"1216769575","code":8103,"fclass":"canal","width":0,"name":null},"geometry":{"type":"MultiLineString","coordinates":[[[79.979758,6.5584883],[79.9798653,6.5583951],[79.9799725,6.5583258],[79.9800476,6.5582325],[79.9801308,6.5580727],[79.9802327,6.5578808],[79.9803185,6.5577183],[79.980348,6.557561],[79.9804714,6.5572946],[79.9808523,6.5567457],[79.9810562,6.5564099],[79.9812198,6.5562234],[79.9812788,6.5560608],[79.9813753,6.555901],[79.9815792,6.5556745],[79.9816494,6.5555273],[79.9818352,6.5553201],[79.9819737,6.5552033],[79.982188,6.5548283],[79.9823359,6.5546531],[79.9826584,6.5545928],[79.9827266,6.5545664],[79.9827513,6.55454],[79.9828082,6.5544043],[79.9830396,6.5541801],[79.9831458,6.5538975],[79.9832008,6.5538391]]]}},
{"type":"Feature","properties":{"osm_id":"1216769574","code":8103,"fclass":"canal","width":0,"name":null},"geometry":{"type":"MultiLineString","coordinates":[[[79.9832008,6.5538391],[79.9832577,6.5537562]]]}},
{"type":"Feature","properties":{"osm_id":"380933287","code":8103,"fclass":"canal","width":0,"name":null},"geometry":{"type":"MultiLineString","coordinates":[[[80.0309613,7.0392083],[80.031067,7.0391601]]]}},
{"type":"Feature","properties":{"osm_id":"1216769569","code":8103,"fclass":"canal","width":0,"name":null},"geometry":{"type":"MultiLineString","coordinates":[[[79.9884027,6.5542462],[79.9881479,6.5541636],[79.9872333,6.5537106],[79.9869302,6.5535214],[79.9867853,6.5533162],[79.9867049,6.5530791],[79.9867022,6.5523596],[79.9866915,6.5522876],[79.9865895,6.5520611],[79.986544,6.5518693],[79.9862194,6.5513737],[79.9861068,6.5510219],[79.9860556,6.5509565]]]}},
{"type":"Feature","properties":{"osm_id":"1216769568","code":8103,"fclass":"canal","width":0,"name":null},"geometry":{"type":"MultiLineString","coordinates":[[[79.9906772,6.5547871],[79.9900925,6.5546965],[79.9898779,6.5547232],[79.9896017,6.5547045],[79.9890679,6.5545446],[79.9884908,6.5542859]]]}},
{"type":"Feature","properties":{"osm_id":"1216769567","code":8103,"fclass":"canal","width":0,"name":null},"geometry":{"type":"MultiLineString","coordinates":[[[79.9884908,6.5542859],[79.9884027,6.5542462]]]}},
{"type":"Feature","properties":{"osm_id":"381336496","code":8103,"fclass":"canal","width":0,"name":null},"geometry":{"type":"MultiLineString","coordinates":[[[80.0572658,7.1461595],[80.057234,7.1461035],[80.0571596,7.145851],[80.0571274,7.1457419],[80.0567063,7.1443819],[80.0566634,7.1442542],[80.0565615,7.1432162],[80.0566956,7.14299],[80.0567347,7.1429685]]]}},
{"type":"Feature","properties":{"osm_id":"1216427324","code":8103,"fclass":"canal","width":0,"name":null},"geometry":{"type":"MultiLineString","coordinates":[[[79.992377,6.545901],[79.9930703,6.5458054],[79.9935771,6.5457812],[79.9939988,6.5458213]]]}},
{"type":"Feature","properties":{"osm_id":"379863875","code":8103,"fclass":"canal","width":0,"name":null},"geometry":{"type":"MultiLineString","coordinates":[[[79.8821791,7.1886764],[79.882442,7.1892228],[79.8824782,7.1893532],[79.8825984,7.1895084],[79.8826664,7.1896658],[79.8827502,7.1897535],[79.8827616,7.1899289],[79.8828001,7.1900773],[79.8828953,7.1902235],[79.8831333,7.1904799],[79.883437,7.1905316],[79.8836727,7.1905114],[79.8844071,7.1903832]]]}},
{"type":"Feature","properties":{"osm_id":"378621344","code":8103,"fclass":"canal","width":0,"name":null},"geometry":{"type":"MultiLineString","coordinates":[[[79.9207945,7.0627394],[79.9206974,7.0629184],[79.9206118,7.0631226],[79.9205279,7.0633594],[79.920474,7.0635322],[79.9204507,7.0636408],[79.9204321,7.0636893],[79.9204257,7.0640627],[79.9204251,7.0640958],[79.9203926,7.064142],[79.9202273,7.0644178],[79.9202431,7.0645901],[79.9202849,7.0647333],[79.9203175,7.0648673],[79.9203506,7.0650706],[79.9204395,7.0653058],[79.9205053,7.0654686]]]}},
{"type":"Feature","properties":{"osm_id":"378276681","code":8103,"fclass":"canal","width":0,"name":null},"geometry":{"type":"MultiLineString","coordinates":[[[79.8630112,7.1129844],[79.8632721,7.1129518],[79.8634708,7.1129613],[79.8635638,7.1129836],[79.8637208,7.1129804],[79.8638875,7.1129963],[79.8639356,7.1130853],[79.8640253,7.1131617],[79.8641567,7.1131521],[79.8642336,7.113044],[79.8643458,7.1130376],[79.8644676,7.1131585],[79.8645894,7.1132443],[79.8646386,7.1134336]]]}},
{"type":"Feature","properties":{"osm_id":"380025041","code":8103,"fclass":"canal","width":0,"name":null},"geometry":{"type":"MultiLineString","coordinates":[[[79.9204257,7.0640627],[79.9204896,7.0640537],[79.92085,7.0641631],[79.9208812,7.0641206],[79.9213942,7.0641252],[79.9214315,7.0638003],[79.9214678,7.0637928],[79.9215049,7.0634703],[79.921449,7.0633664],[79.9214606,7.0632474],[79.9214316,7.0632347],[79.9213815,7.0632347],[79.9214255,7.0630738]]]}},
{"type":"Feature","properties":{"osm_id":"380024722","code":8103,"fclass":"canal","width":0,"name":null},"geometry":{"type":"MultiLineString","coordinates":[[[79.9201792,7.0676266],[79.9203983,7.0676097],[79.9205868,7.0676467],[79.9213618,7.0679053],[79.9215457,7.0679746],[79.9218815,7.0680722],[79.9220559,7.0681196],[79.9227059,7.0683413],[79.9227968,7.0684038],[79.9229047,7.0684636],[79.9230404,7.0685084],[79.9231885,7.0685259],[79.9233367,7.0685782],[79.9234447,7.0686056]]]}},
{"type":"Feature","properties":{"osm_id":"380024721","code":8103,"fclass":"canal","width":0,"name":null},"geometry":{"type":"MultiLineString","coordinates":[[[79.920595,7.0664484],[79.9201792,7.0676266],[79.9200456,7.067998],[79.9199789,7.0680994],[79.91994,7.0681555],[79.9198885,7.0682053],[79.9198383,7.0682527],[79.9198182,7.0682813],[79.9198044,7.0682789],[79.9197717,7.0683038]]]}},
{"type":"Feature","properties":{"osm_id":"382203119","code":8103,"fclass":"canal","width":0,"name":null},"geometry":{"type":"MultiLineString","coordinates":[[[80.0362126,7.0318831],[80.0366549,7.0314993]]]}},
{"type":"Feature","properties":{"osm_id":"381350133","code":8103,"fclass":"canal","width":0,"name":null},"geometry":{"type":"MultiLineString","coordinates":[[[80.0284807,7.130814],[80.028943,7.1311012],[80.0292034,7.1311935],[80.0295367,7.1312907],[80.0299357,7.1312273],[80.0318478,7.1309035],[80.0329565,7.1306519],[80.0345379,7.1301146],[80.0349912,7.1300075]]]}},
{"type":"Feature","properties":{"osm_id":"381348364","code":8103,"fclass":"canal","width":0,"name":null},"geometry":{"type":"MultiLineString","coordinates":[[[80.0393937,7.12745],[80.0391891,7.1274074],[80.0390459,7.1274154],[80.0389025,7.1273584],[80.0380154,7.128135],[80.0375928,7.1285156],[80.0365336,7.1291783]]]}},
{"type":"Feature","properties":{"osm_id":"381343915","code":8103,"fclass":"canal","width":0,"name":null},"geometry":{"type":"MultiLineString","coordinates":[[[80.0567217,7.1429465],[80.0567471,7.1428975],[80.0567978,7.1428355],[80.0568019,7.1428049],[80.0567971,7.1427348],[80.0567601,7.142662],[80.0567478,7.1426007],[80.056697,7.1424993],[80.0566449,7.1424135],[80.0566058,7.1423087],[80.0565756,7.1422393],[80.0565282,7.1421522],[80.0564727,7.1420494],[80.0564418,7.1419902],[80.0563959,7.1419037],[80.0563629,7.141854],[80.0562799,7.141788],[80.0561729,7.1417125],[80.0560988,7.1416587],[80.0560543,7.1416131],[80.0559671,7.1415614],[80.055891,7.1415042],[80.0557874,7.1414321],[80.0557243,7.1413919],[80.0556358,7.1413436],[80.0555274,7.1412721],[80.0553992,7.1411932],[80.0553251,7.1411346],[80.0552572,7.1411081],[80.0551666,7.1410502],[80.0550816,7.1409931],[80.0550425,7.1409665],[80.0549698,7.1409175],[80.0548923,7.140859],[80.0547818,7.1407889],[80.0546968,7.1407378],[80.054657,7.1407092],[80.0545788,7.1406595],[80.0545088,7.1406187],[80.0544443,7.1405758],[80.0543991,7.1405466],[80.0543504,7.1405057],[80.0542776,7.1404451],[80.0542303,7.1404036],[80.0541919,7.1403662],[80.0541411,7.140326],[80.0540739,7.1402838],[80.0540252,7.1402587],[80.0539676,7.1402423],[80.0539093,7.1402355],[80.0538414,7.1402144],[80.0537687,7.1401804],[80.0536946,7.1401055],[80.0536438,7.1400524],[80.0535601,7.139953],[80.0534922,7.1398945],[80.0534127,7.1398299],[80.0533626,7.1397972],[80.0532912,7.1397468],[80.0531877,7.1396815],[80.0531184,7.1396379],[80.0530484,7.1395964],[80.0530038,7.1395637],[80.0529688,7.1395181],[80.0529345,7.1394501],[80.0529071,7.1393772],[80.0528913,7.1393371],[80.0528529,7.1392472],[80.0528056,7.1391567],[80.0527672,7.1391016],[80.0527082,7.1390526],[80.0526403,7.1390308],[80.0525998,7.1390076],[80.0525388,7.1389627],[80.0524311,7.1389028],[80.052333,7.1388416],[80.0522692,7.1388007],[80.0522294,7.138766],[80.052156,7.1386775],[80.0520881,7.1385918],[80.0520085,7.1385033],[80.0519495,7.13844],[80.0518603,7.1383549],[80.0518254,7.1383175],[80.0517527,7.1382453],[80.0516244,7.1381548],[80.0515448,7.1380786],[80.051492,7.1380235],[80.051411,7.1379574],[80.0513513,7.1379075],[80.0513235,7.1378937],[80.0502408,7.1373449],[80.0501886,7.137099],[80.0496251,7.134707],[80.0495912,7.1345931],[80.049346,7.1342437],[80.0490173,7.1338813],[80.0484772,7.1333584],[80.0479659,7.132939],[80.0477363,7.1326646],[80.0470267,7.1321676]]]}},
{"type":"Feature","properties":{"osm_id":"381342977","code":8103,"fclass":"canal","width":0,"name":null},"geometry":{"type":"MultiLineString","coordinates":[[[80.0450283,7.1333454],[80.0450857,7.1332781],[80.0449213,7.1329157],[80.0448509,7.1326465],[80.04489,7.1325041],[80.0449161,7.1322866],[80.0450231,7.1319941],[80.0451796,7.1316524],[80.0451744,7.1315204],[80.0451731,7.1315095]]]}},
{"type":"Feature","properties":{"osm_id":"381408770","code":8103,"fclass":"canal","width":0,"name":null},"geometry":{"type":"MultiLineString","coordinates":[[[80.0133326,7.1299643],[80.0132889,7.1297155],[80.0132626,7.1295015],[80.0132451,7.1292817],[80.013216,7.1291544],[80.013216,7.1290937],[80.0132014,7.1290185],[80.013251,7.1287639],[80.0131694,7.1283156],[80.0131111,7.1280524],[80.0128954,7.1272975],[80.01284,7.1269273],[80.0128196,7.1268087],[80.0127846,7.1267335],[80.01277,7.1265947],[80.0127496,7.1264472],[80.0127117,7.1263141],[80.012735,7.1253452],[80.012738,7.1251572],[80.0127292,7.1250965],[80.0127729,7.1245787]]]}},
{"type":"Feature","properties":{"osm_id":"381408769","code":8103,"fclass":"canal","width":0,"name":null},"geometry":{"type":"MultiLineString","coordinates":[[[80.0134171,7.1271038],[80.0134608,7.1269505],[80.0134492,7.1267943],[80.013455,7.1266439],[80.0133851,7.1263836],[80.0133763,7.1261146],[80.01342,7.1260394],[80.0133938,7.1259092],[80.0132393,7.1247291],[80.0132131,7.1244226],[80.0131956,7.1243618]]]}},
{"type":"Feature","properties":{"osm_id":"381408767","code":8103,"fclass":"canal","width":0,"name":null},"geometry":{"type":"MultiLineString","coordinates":[[[80.0136053,7.1341207],[80.0135805,7.1340294],[80.0135699,7.1338415],[80.0135115,7.1337081],[80.0135239,7.1335728],[80.013515,7.1331005],[80.0134602,7.13286],[80.0134549,7.132809],[80.0134407,7.1327458],[80.0133912,7.1326738],[80.0132319,7.1322963],[80.013223,7.1321506],[80.0131877,7.1320435],[80.0131806,7.1319434],[80.0131346,7.1317959],[80.0131452,7.131745],[80.0131664,7.1317063],[80.0131664,7.1316027],[80.013124,7.1314798],[80.0131293,7.1314289],[80.0132054,7.1313095],[80.0132054,7.1312831],[80.0131664,7.130874],[80.0131133,7.1304912],[80.0130903,7.130414],[80.0130779,7.1303121],[80.013039,7.130061],[80.0130266,7.1299574],[80.0130107,7.129752],[80.0129753,7.1295448],[80.0129098,7.129162],[80.0128426,7.1286124],[80.0124798,7.1273165],[80.0124763,7.1271901],[80.0124497,7.1269689],[80.0123772,7.1266265],[80.0123453,7.1264193],[80.0123754,7.1254482],[80.012402,7.1252094],[80.0123843,7.1249531],[80.0124161,7.12463],[80.0124108,7.1244614]]]}},
{"type":"Feature","properties":{"osm_id":"384290142","code":8103,"fclass":"canal","width":0,"name":null},"geometry":{"type":"MultiLineString","coordinates":[[[80.0089137,7.0989114],[80.0092306,7.0994191],[80.0092698,7.0994328]]]}},
{"type":"Feature","properties":{"osm_id":"384290141","code":8103,"fclass":"canal","width":0,"name":null},"geometry":{"type":"MultiLineString","coordinates":[[[80.0096674,7.0981005],[80.0098716,7.0977758],[80.010392,7.0976814]]]}},
{"type":"Feature","properties":{"osm_id":"384786129","code":8103,"fclass":"canal","width":0,"name":null},"geometry":{"type":"MultiLineString","coordinates":[[[80.0449736,7.0926988],[80.0450455,7.0926778],[80.0451214,7.0926287],[80.0450966,7.0925698],[80.0450126,7.0924454]]]}},
{"type":"Feature","properties":{"osm_id":"384786128","code":8103,"fclass":"canal","width":0,"name":null},"geometry":{"type":"MultiLineString","coordinates":[[[80.0369841,7.0924227],[80.0369646,7.0924971],[80.0370179,7.0925749],[80.0369841,7.0926489],[80.0369576,7.0927203],[80.0369287,7.0927972],[80.0368817,7.092861],[80.0368191,7.0929453],[80.0367824,7.0929891],[80.0367375,7.093039],[80.0366641,7.0931367],[80.0366043,7.0932132],[80.0365516,7.093277],[80.0364954,7.0933501],[80.0364591,7.0933853],[80.0362905,7.0934837],[80.0361865,7.0935457],[80.0361197,7.093578],[80.0360466,7.0936266],[80.0359959,7.0936532],[80.0359679,7.0936734],[80.0359248,7.0937081],[80.0358799,7.0937573],[80.0358056,7.0938249],[80.035766,7.0938662],[80.0357166,7.0939121]]]}},
{"type":"Feature","properties":{"osm_id":"384786127","code":8103,"fclass":"canal","width":0,"name":null},"geometry":{"type":"MultiLineString","coordinates":[[[80.0314887,7.098074],[80.0315188,7.098094],[80.0315841,7.0980767],[80.0316517,7.0980235],[80.0317228,7.0980026],[80.0317683,7.0979552],[80.0318044,7.097895],[80.0318347,7.0978592],[80.0318814,7.0978441],[80.0319233,7.0978765],[80.0319358,7.0977631],[80.0320037,7.0975855],[80.0320298,7.097496],[80.032077,7.0973926],[80.0321379,7.0973044],[80.0321715,7.0972301],[80.0322509,7.0971895],[80.0322733,7.0971387],[80.0323342,7.0971013],[80.0324007,7.0970313],[80.0324464,7.096982],[80.0325489,7.0968978],[80.032609,7.0968413],[80.0327051,7.0967698],[80.0328037,7.0966791],[80.0328718,7.0966115],[80.0329913,7.0964951],[80.0331635,7.0963433],[80.0333334,7.0962089],[80.0334576,7.0961223],[80.0335056,7.0960754],[80.0336082,7.0959935],[80.0337123,7.0959012],[80.033766,7.0958249],[80.0338173,7.0957732],[80.0338934,7.0957327],[80.034012,7.0956786],[80.0341041,7.0956444],[80.0342202,7.0956019],[80.034334,7.0955732],[80.0344878,7.0955096],[80.0345984,7.0954667],[80.0346993,7.0954158],[80.0348067,7.0953888],[80.0349349,7.0953188],[80.0350887,7.0952345],[80.0351736,7.0951741],[80.0352474,7.0952107],[80.0353467,7.0952663],[80.0353771,7.0953154],[80.035398,7.095349],[80.0354244,7.0953991],[80.0354228,7.0954715],[80.0354436,7.0954977],[80.035458,7.0955208]]]}},
{"type":"Feature","properties":{"osm_id":"384782819","code":8103,"fclass":"canal","width":0,"name":null},"geometry":{"type":"MultiLineString","coordinates":[[[80.0423869,7.0919743],[80.0423514,7.091749],[80.0422482,7.0915346],[80.0421882,7.0914655],[80.0420561,7.0914607],[80.0419241,7.0913892],[80.0416989,7.091427]]]}},
{"type":"Feature","properties":{"osm_id":"383935050","code":8103,"fclass":"canal","width":0,"name":null},"geometry":{"type":"MultiLineString","coordinates":[[[79.9552102,7.06567],[79.9551763,7.0656481],[79.9551445,7.065638],[79.955072,7.0656942],[79.9550147,7.0657767],[79.95491,7.065837],[79.9547737,7.0659116],[79.9547044,7.0659521],[79.9544943,7.0660202],[79.9543594,7.0660642],[79.9542227,7.0660941],[79.9541409,7.0661175],[79.9540777,7.0661273],[79.9540616,7.0661297],[79.9539893,7.0661384],[79.9539164,7.0661575],[79.9538506,7.0662003],[79.9537759,7.0662486],[79.9536973,7.066292],[79.9536535,7.0662632],[79.9535829,7.0662366],[79.9535343,7.0662399],[79.9534505,7.066238],[79.9533993,7.0662464],[79.9533413,7.0662588],[79.9532553,7.0662778],[79.9532255,7.0662944],[79.9531752,7.0663057],[79.9531494,7.0663137],[79.9531263,7.0663247],[79.9530955,7.0663506],[79.9530493,7.0663756],[79.9529951,7.0664089],[79.9528742,7.0664602],[79.9528135,7.0664892],[79.9527565,7.0665184],[79.9527014,7.0665466],[79.9527174,7.0666103],[79.9527204,7.0666368],[79.9527418,7.0666925],[79.9527399,7.0667081],[79.9527402,7.0667912],[79.9527312,7.0668244],[79.9527146,7.0668363],[79.9527041,7.0668587],[79.9526699,7.0668773],[79.9526072,7.0668992],[79.952548,7.0669052],[79.9524826,7.0669222],[79.9524424,7.0669388],[79.9523915,7.0669481],[79.9523202,7.0669571]]]}},
{"type":"Feature","properties":{"osm_id":"384277935","code":8103,"fclass":"canal","width":0,"name":"Kuganavila canal"},"geometry":{"type":"MultiLineString","coordinates":[[[80.0091649,7.1008971],[80.0094816,7.1010243],[80.0097663,7.1010916],[80.0097922,7.1011246],[80.0098974,7.1013433],[80.0100182,7.1015535],[80.0103337,7.1020084],[80.0104517,7.1022202],[80.0105552,7.1024575],[80.0106083,7.1026131],[80.010624,7.1026927],[80.0107007,7.102793],[80.0108052,7.1028829],[80.0109238,7.1029452],[80.0112838,7.1031559],[80.0114785,7.1032415],[80.0115943,7.1032855],[80.0116658,7.1032855],[80.0119049,7.103173],[80.01218,7.1031022],[80.0125008,7.1030326],[80.0126709,7.1030057],[80.0129242,7.102972],[80.0132233,7.1029746],[80.0134275,7.1029763],[80.0141066,7.1030034],[80.014309,7.1030034],[80.014594,7.1030304],[80.0148926,7.1031201],[80.0151731,7.1031965],[80.0153253,7.103236],[80.0155082,7.1033793],[80.0159122,7.1036051]]]}},
{"type":"Feature","properties":{"osm_id":"384271110","code":8103,"fclass":"canal","width":0,"name":null},"geometry":{"type":"MultiLineString","coordinates":[[[79.9687018,7.0679006],[79.9688081,7.0677186],[79.9689646,7.0674991],[79.9690259,7.0673776],[79.9690225,7.0670939],[79.968915,7.0667285],[79.9689054,7.0666664],[79.9688982,7.0665697],[79.9688729,7.0664515],[79.9688669,7.0663918],[79.9688934,7.0661817],[79.968897,7.0661208],[79.9688862,7.0660647],[79.9688886,7.0658379],[79.9688826,7.0656588],[79.9688814,7.0654582],[79.9689054,7.0652791],[79.9689102,7.0651311],[79.9689138,7.0649532],[79.968909,7.0648075],[79.9689336,7.0645798],[79.9690443,7.0644091],[79.9691404,7.0642274]]]}},
{"type":"Feature","properties":{"osm_id":"193042830","code":8103,"fclass":"canal","width":0,"name":"Attanagalu Oya"},"geometry":{"type":"MultiLineString","coordinates":[[[79.9584736,7.1582321],[79.9581919,7.1585166],[79.9581705,7.1587614],[79.9581973,7.1590861],[79.9580471,7.1590914],[79.9578647,7.1592085],[79.9574838,7.1598366],[79.957387,7.1599181],[79.9571512,7.159959],[79.9567006,7.159959],[79.9565343,7.1600602],[79.9564646,7.1602411],[79.9566041,7.1604487],[79.9565987,7.1608532],[79.9566523,7.1609544],[79.9567918,7.1614015],[79.9567274,7.1614121],[79.9565182,7.1613908],[79.9563841,7.1615664],[79.9563734,7.1618379],[79.9561588,7.1620348],[79.9560062,7.1622614],[79.9556546,7.1625777],[79.9553434,7.162615],[79.9552898,7.1628652],[79.9554668,7.1630089],[79.9551235,7.1632963],[79.9546085,7.1636263],[79.9546353,7.1637434],[79.9541525,7.1641319],[79.9537502,7.1644885],[79.9535517,7.1645987],[79.9534691,7.1644363],[79.9533026,7.1644014],[79.953137,7.1643936],[79.9529405,7.164451],[79.9528142,7.1644508],[79.9526273,7.1644915],[79.9525455,7.1644545],[79.952479,7.1642426],[79.9524294,7.164169],[79.9522485,7.1640244],[79.9521747,7.1639978],[79.9520941,7.1640124],[79.9520221,7.1641309],[79.9519768,7.1642833],[79.9518387,7.164542],[79.9517482,7.1645853],[79.9516402,7.1644995],[79.9514485,7.164385],[79.9513627,7.1643787],[79.9503488,7.1646451],[79.9499438,7.1648979],[79.9497765,7.1649377],[79.9497299,7.1649077],[79.9496483,7.1649557],[79.9496333,7.1650121],[79.9494073,7.1652333],[79.9492856,7.1652467],[79.9491123,7.1651201],[79.9488005,7.165359],[79.9487188,7.1653719],[79.9484531,7.1653282],[79.9484045,7.1653717],[79.9483286,7.1653722],[79.9482482,7.1654509],[79.9482052,7.1654558],[79.9481602,7.1654994],[79.948084,7.1654997],[79.9479951,7.1654289],[79.9479519,7.1654108],[79.9479013,7.165349],[79.9477275,7.1653211],[79.9475853,7.165362],[79.9475539,7.1654994],[79.9474528,7.1657418],[79.9474026,7.1658291],[79.9474329,7.1658915],[79.9474742,7.1659082],[79.9475232,7.1659592],[79.9475343,7.1660419],[79.9476189,7.1662681],[79.9476567,7.1663221],[79.9478047,7.1664455],[79.9478005,7.1666052],[79.9477154,7.1667128],[79.9477197,7.1667847],[79.9477676,7.1668962],[79.9477565,7.1670462],[79.9476787,7.1671973],[79.9475326,7.1672807],[79.94711,7.167522],[79.9458671,7.1677443],[79.9452653,7.1678089],[79.944573,7.1681068],[79.9440892,7.1681648],[79.9438736,7.1681743],[79.9437535,7.1681466],[79.9435721,7.1680489],[79.9434399,7.1680043],[79.9433124,7.1679986],[79.9431957,7.1680731],[79.9431051,7.1681896],[79.943005,7.1683551],[79.9427861,7.1683533],[79.9426947,7.1682998],[79.9425879,7.1682889],[79.9423461,7.1683551],[79.9421715,7.1683029],[79.9419734,7.1681469],[79.9418106,7.1680401],[79.9415949,7.1681263],[79.9410008,7.1680591],[79.9406779,7.1679744],[79.9395603,7.1675275],[79.9392259,7.1674634],[79.9390337,7.167404],[79.9388764,7.1673041],[79.9386512,7.1669979],[79.938451,7.1669648],[79.9383592,7.1670889],[79.9383926,7.1673786],[79.9383175,7.1675358],[79.9381507,7.1676931],[79.9378421,7.1677427],[79.9376503,7.1677096],[79.9375418,7.1678834],[79.9374251,7.1680323],[79.937321,7.1680428],[79.9367408,7.1678741],[79.9364492,7.1678999],[79.9362908,7.1680406],[79.9361239,7.1679579],[79.9359625,7.1679402],[79.9357703,7.1684237],[79.9356402,7.1685206],[79.9353232,7.1686365],[79.9351731,7.1686447],[79.9351184,7.1687414],[79.9351314,7.1688516],[79.9351862,7.1690463],[79.9351353,7.1692307],[79.9349047,7.1696201],[79.9348318,7.1701466],[79.9348979,7.1703991],[79.9348671,7.1705017],[79.9348012,7.1705951],[79.9347757,7.1707112],[79.9347811,7.1708129],[79.934631,7.1708874],[79.9344642,7.1707963],[79.9343474,7.1706557],[79.9343307,7.1703908],[79.934264,7.1703164],[79.9341639,7.1703743],[79.9340667,7.1704046],[79.9337172,7.1703192],[79.9332714,7.1703826],[79.9331822,7.170354],[79.9330342,7.1701168],[79.9329477,7.1701176],[79.9328378,7.1701922],[79.9326774,7.1702483],[79.9325625,7.1702584],[79.9325128,7.1701461],[79.9324124,7.1700975],[79.9322709,7.1701682],[79.9321538,7.170275],[79.9319036,7.1702915],[79.9316283,7.1702667],[79.9314523,7.1701453],[79.9313085,7.170125],[79.9310945,7.170184],[79.9308453,7.1702796],[79.9306108,7.1705564],[79.9302021,7.170606],[79.9299352,7.1705315],[79.9296433,7.1705398],[79.9293013,7.1706226],[79.9288592,7.1705812],[79.9287091,7.1706722],[79.9288342,7.1709867],[79.9288702,7.1711764],[79.9287675,7.1712432],[79.9286579,7.1712675],[79.9283254,7.1711356],[79.9281952,7.1711378],[79.9280919,7.1712267],[79.9279084,7.1713011],[79.9277833,7.1711522],[79.9275794,7.1711007],[79.9275045,7.1711157],[79.9272912,7.1710363],[79.9270744,7.1711274],[79.9267946,7.1713175],[79.9266922,7.171336],[79.9265825,7.1712718],[79.9264171,7.1712176],[79.9262601,7.1712219],[79.9261935,7.1712091],[79.9261386,7.1711551],[79.9258281,7.1707566],[79.9256981,7.1703908],[79.9252811,7.1698198],[79.9253312,7.1696709],[79.9256955,7.1695737],[79.9258066,7.1694723],[79.9257899,7.1693564],[79.9257315,7.1692488],[79.925523,7.1691744],[79.9252811,7.1691992],[79.9250046,7.1692664],[79.9248245,7.1692536],[79.9246205,7.1691152],[79.9244981,7.1689884],[79.924347,7.1689013],[79.9242149,7.1688781],[79.9238573,7.1689566],[79.9234247,7.1689479],[79.9229823,7.1687489],[79.9226135,7.1687451],[79.9225202,7.1688554],[79.9224831,7.1690804],[79.922369,7.1691995],[79.9222361,7.1693911],[79.9221478,7.1694571],[79.9220408,7.1694457],[79.9217577,7.1693692],[79.9214902,7.1692346],[79.9202163,7.1687255],[79.9183998,7.1678946],[79.9182462,7.1677944],[79.9181065,7.1675929],[79.9180098,7.167403],[79.9178808,7.1672626],[79.9172714,7.1667845],[79.9172498,7.1665955],[79.9171528,7.1661891],[79.9169018,7.1658289],[79.9167461,7.1656798],[79.91666,7.1654544],[79.9166364,7.1651853],[79.9165992,7.1650904],[79.9164123,7.1650507],[79.9162559,7.1650825],[79.9161041,7.1652087],[79.9158925,7.1653262],[79.9157976,7.1652758],[79.9154627,7.1652672],[79.9153441,7.1652061],[79.9151605,7.1649637],[79.9150826,7.1648949],[79.9149433,7.1649035],[79.9148667,7.1648766],[79.9146336,7.1647466],[79.9144983,7.1647071],[79.9144456,7.1646221],[79.9144479,7.1644361],[79.9144255,7.1643395],[79.9143756,7.1642681],[79.9142684,7.1642292],[79.91406,7.1643349],[79.9139578,7.1643376],[79.9136639,7.1641236],[79.9135604,7.1640754],[79.9134858,7.1640628],[79.9132949,7.1641896],[79.9132149,7.164221],[79.9128222,7.1641515],[79.9127207,7.1640927],[79.9127125,7.1639703],[79.9127678,7.1638346],[79.9127672,7.1637642],[79.9127392,7.163722],[79.9126906,7.1636901],[79.9126417,7.1636973],[79.9124947,7.1638312],[79.9123874,7.1638351],[79.9122796,7.1637741],[79.9121439,7.1636537],[79.9120329,7.163595],[79.9117711,7.1636406],[79.9116469,7.1636989],[79.9111928,7.163816],[79.9108035,7.1638979],[79.9106627,7.1639185],[79.9103317,7.1638862],[79.9102433,7.163617],[79.9100722,7.1634122],[79.9096948,7.1632776],[79.9092583,7.163225],[79.9090637,7.1631781],[79.9087806,7.1631606],[79.9085683,7.1631898],[79.9084563,7.1632191],[79.9083973,7.1632601],[79.9083914,7.1633537],[79.9084386,7.163459],[79.9084032,7.1635702],[79.9083088,7.1636112],[79.9081142,7.1635585],[79.9079785,7.1634766],[79.9077087,7.1627679],[79.9076527,7.1625142],[79.9075657,7.1623004],[79.9074413,7.1621616],[79.9073062,7.1620839],[79.907147,7.1620722],[79.9069405,7.1621131],[79.9065648,7.1621381],[79.9063964,7.1621235],[79.90628,7.1620605],[79.9060409,7.16184],[79.9057197,7.1613934],[79.9056333,7.1613504],[79.9055487,7.1613524],[79.9054497,7.1614426],[79.9053776,7.1617737],[79.9052479,7.1619902],[79.9052007,7.1621424],[79.9050533,7.1623413],[79.9049471,7.1624116],[79.9048233,7.1623882],[79.9046935,7.1623179],[79.9044812,7.1620546],[79.9043161,7.1618966],[79.9042276,7.1617035],[79.9041509,7.1614285],[79.9041686,7.1609603],[79.9041155,7.1607848],[79.9037452,7.1603996],[79.9036378,7.1602698],[79.9035847,7.1601411],[79.9035393,7.1599533],[79.9034795,7.159576],[79.903396,7.1594506],[79.903305,7.1592499],[79.9029183,7.1588479],[79.9028359,7.1587934],[79.902706,7.1588303],[79.9025363,7.1589127],[79.9023684,7.1589185],[79.9021534,7.1589504],[79.9020967,7.1589257],[79.9019905,7.1587462],[79.9018567,7.1586034],[79.9017329,7.1585026],[79.9015446,7.1584126],[79.9014171,7.1584539],[79.901306,7.158604],[79.9011962,7.1586782],[79.9009544,7.1587659],[79.9006949,7.1589415],[79.9004,7.1589064],[79.9001994,7.1590644],[79.9000756,7.1591873],[79.8997512,7.159591],[79.8995448,7.1598895],[79.899362,7.1600007],[79.8990966,7.1600416],[79.8989349,7.160088],[79.8988301,7.1600848]]]}},
{"type":"Feature","properties":{"osm_id":"1204194334","code":8103,"fclass":"canal","width":0,"name":null},"geometry":{"type":"MultiLineString","coordinates":[[[79.985113,6.4498239],[79.9850553,6.4496906],[79.9850151,6.4494921],[79.9849789,6.4493148],[79.9849078,6.4491336],[79.9846892,6.4486912],[79.9844639,6.4483713],[79.9837424,6.4474878],[79.983328,6.4473585]]]}},
{"type":"Feature","properties":{"osm_id":"28509584","code":8103,"fclass":"canal","width":0,"name":"Hamilton Canal"},"geometry":{"type":"MultiLineString","coordinates":[[[79.8370644,7.2079192],[79.837338,7.2084926],[79.838534,7.2111925],[79.8401047,7.214891],[79.840504,7.2158164],[79.8446135,7.2253405],[79.8459017,7.2283812],[79.847318,7.2315978],[79.8478469,7.2329386],[79.8479971,7.2332593],[79.8480253,7.233371],[79.8480333,7.2334695],[79.8478617,7.2348451],[79.8469472,7.2390136],[79.8468424,7.2392621],[79.8466817,7.2394894],[79.8460409,7.2400559],[79.8459114,7.2402237],[79.8457381,7.2405534],[79.8451473,7.241907],[79.8450936,7.2420879],[79.8450802,7.2427797],[79.845099,7.2440968],[79.8451473,7.2450787],[79.8451526,7.2456441],[79.8451352,7.2458357],[79.8447785,7.2464304],[79.8447704,7.2465448],[79.8449099,7.2475505],[79.8448858,7.2485124],[79.8449407,7.2495302],[79.8450266,7.2502432],[79.8450789,7.2508991],[79.8451234,7.2535473],[79.8450869,7.2554224],[79.8448992,7.2568938],[79.8448308,7.2573142],[79.8447651,7.2575363],[79.8447061,7.2576707],[79.8445974,7.2578077],[79.844238,7.2580951],[79.8440422,7.2582873],[79.8438571,7.2585527],[79.8438209,7.258739],[79.8438236,7.2589824],[79.8439564,7.2599376],[79.8440315,7.2601771],[79.844466,7.2612833],[79.8445183,7.2615826],[79.8444995,7.2617383],[79.8443131,7.2623416],[79.8442435,7.2630609],[79.8442461,7.2642679],[79.8441062,7.2654098],[79.8440878,7.2668381],[79.8440959,7.2671255],[79.8441495,7.2673064],[79.8441991,7.2674181],[79.8444164,7.2676643],[79.8446347,7.2677917],[79.845965,7.2683451],[79.8474499,7.2690345]]]}},
{"type":"Feature","properties":{"osm_id":"1357114686","code":8103,"fclass":"canal","width":0,"name":null},"geometry":{"type":"MultiLineString","coordinates":[[[79.8428524,6.9299967],[79.8424101,6.9298673],[79.8420708,6.9296385],[79.841893,6.9291723],[79.8416724,6.9282473]]]}},
{"type":"Feature","properties":{"osm_id":"112452048","code":8103,"fclass":"canal","width":0,"name":null},"geometry":{"type":"MultiLineString","coordinates":[[[79.90099,7.1673176],[79.9016418,7.1671231],[79.9017645,7.1670181],[79.901829,7.1669629],[79.9019113,7.1666842],[79.9017629,7.1663474],[79.9013853,7.1658127],[79.9012606,7.1656154],[79.9012319,7.1655203],[79.9010914,7.1654966],[79.9008439,7.1653492],[79.9007644,7.1651673],[79.9005258,7.1647767],[79.9003853,7.1646407],[79.9002494,7.1645805],[79.8998529,7.1644048],[79.8988786,7.1637615],[79.8983165,7.1634871],[79.8978491,7.1631338],[79.8976066,7.1630416],[79.8972918,7.1628395],[79.896837,7.162321],[79.8967396,7.1622051],[79.8969588,7.1620353],[79.8970935,7.1617999],[79.8972922,7.1615392],[79.8976889,7.1613224],[79.8980142,7.1613867],[79.8982258,7.1613835],[79.8984982,7.1613168],[79.8986649,7.1612373],[79.8987742,7.1611251],[79.8988575,7.1607435],[79.8988703,7.1605717],[79.8989866,7.1604163],[79.8988301,7.1600848],[79.8977409,7.1598595],[79.8976016,7.1597303],[79.8975308,7.1594868]]]}},
{"type":"Feature","properties":{"osm_id":"50315992","code":8103,"fclass":"canal","width":0,"name":null},"geometry":{"type":"MultiLineString","coordinates":[[[80.0063375,7.2186626],[80.0062427,7.2186062],[80.0060739,7.2185704],[80.0059506,7.2184764],[80.0057515,7.2184651],[80.0052697,7.2182788],[80.0048051,7.2181904],[80.004769,7.2182073],[80.0047671,7.2182393],[80.0048051,7.2184557],[80.0047595,7.2185761],[80.0046761,7.2186551],[80.0044352,7.2187285],[80.0043044,7.2186739],[80.0039952,7.2186608],[80.0021651,7.2183023],[80.0019948,7.218152],[80.0017588,7.2180349],[80.0016153,7.2179897],[80.0014034,7.2178713],[80.0004096,7.2175719],[80.0002997,7.2174961],[79.9997994,7.2172899],[79.9996237,7.2171954],[79.9991785,7.2172646],[79.9988218,7.2173497],[79.9987024,7.2174242],[79.9986514,7.2175267],[79.9985629,7.2176118],[79.9982464,7.2177342],[79.9979487,7.2177875],[79.9976,7.2177848],[79.9973533,7.2178407],[79.9971628,7.2179498],[79.9966425,7.2180589],[79.9962857,7.2183702],[79.9951002,7.2192882],[79.9939764,7.220028],[79.9932414,7.2207145],[79.9931207,7.2209008],[79.992992,7.2209912],[79.992705,7.2210471],[79.9912539,7.2217922],[79.991093,7.2219625],[79.990975,7.2219705],[79.9909347,7.2219305],[79.9909294,7.221856],[79.9908704,7.2217576],[79.9906021,7.2217203],[79.9904707,7.2218667],[79.9903017,7.2219465],[79.9902374,7.2219252],[79.9901783,7.2218028],[79.9900845,7.2217735],[79.9897116,7.2222419],[79.9896231,7.2225612],[79.9889767,7.2229763],[79.9888882,7.223088],[79.9886656,7.2231572],[79.9881291,7.2242136],[79.9877885,7.2246287],[79.9876651,7.2248762],[79.9876007,7.2249161],[79.9874398,7.2249108],[79.9873593,7.2250092],[79.9872735,7.2252061],[79.9871438,7.2253008],[79.9865377,7.2255963],[79.9863497,7.2256733],[79.9860872,7.2257384],[79.9857442,7.2256674],[79.9853653,7.225398],[79.9849775,7.2252027],[79.9846971,7.2251228],[79.9844674,7.2252767],[79.9843242,7.2254395],[79.9841721,7.2254839],[79.9839424,7.2257473],[79.9839155,7.2259603],[79.9836858,7.2259899],[79.9835606,7.2261172],[79.983489,7.226348],[79.9832175,7.2267209],[79.9830833,7.2270346],[79.9831608,7.2271855],[79.9831787,7.2273572],[79.9832414,7.2275436],[79.9832175,7.2276975],[79.9830206,7.2277951],[79.9829371,7.2279342],[79.9826925,7.2280556],[79.9823852,7.2281621],[79.9822808,7.2280201],[79.9821346,7.2279194],[79.9819288,7.227881],[79.9818065,7.2277685],[79.9815947,7.2277833],[79.9812039,7.2279254],[79.9810249,7.2278869],[79.9808967,7.2279402],[79.9806849,7.2278691],[79.9805954,7.2279342],[79.9804403,7.2279786],[79.9803627,7.2279017],[79.9802672,7.2279106],[79.9802046,7.2279845],[79.980139,7.2281858],[79.9800167,7.2281947],[79.9797064,7.227955],[79.9795185,7.2278869],[79.9792828,7.2280852],[79.9791247,7.2280674],[79.9789487,7.2280822],[79.9786922,7.2281828],[79.9784655,7.2279638],[79.9779822,7.2279609],[79.9777137,7.2278395],[79.9775168,7.2279076],[79.9773379,7.2278336],[79.9771141,7.2278721],[79.9767412,7.2278484],[79.97661,7.2278662],[79.9763713,7.2279786],[79.97573,7.2281592],[79.975542,7.2281532],[79.9753899,7.2282035],[79.9752497,7.228171],[79.9751184,7.2281887],[79.9748052,7.2281236],[79.974674,7.2282361],[79.9743548,7.2282331],[79.9743279,7.2283456],[79.974489,7.2285912],[79.9745397,7.2287717],[79.9745188,7.2289227],[79.9740386,7.2291653],[79.9739073,7.2293044],[79.9739192,7.229482],[79.9738626,7.2295264],[79.9736269,7.2295145],[79.9733375,7.2296655],[79.9731347,7.2296152],[79.9729199,7.2297365],[79.9726246,7.2297809],[79.9723591,7.2297838],[79.9721413,7.2296921],[79.9711759,7.2297437],[79.9707841,7.2298991],[79.9704482,7.230099],[79.9702299,7.2304711],[79.9693008,7.2307043],[79.9691721,7.230621],[79.9692565,7.2304118],[79.9687471,7.2305395],[79.968582,7.2306617],[79.9683581,7.2307172],[79.968165,7.2308866],[79.9679971,7.2310004],[79.9677956,7.2310087],[79.9677732,7.230881],[79.9673422,7.2308338],[79.9672275,7.2308033],[79.9669756,7.2302536],[79.966886,7.2301564],[79.9668049,7.2299954],[79.9666118,7.2298621],[79.9667545,7.229515],[79.9666174,7.2290514],[79.9664719,7.2288169],[79.9663233,7.2288169],[79.9662045,7.2284043],[79.9661377,7.2280285],[79.9661451,7.2278591],[79.9662639,7.2278001],[79.9665461,7.2278296],[79.9669026,7.2276381],[79.967014,7.227417],[79.9669546,7.2273139],[79.9667318,7.2272549],[79.9667467,7.2271371],[79.9669769,7.2270265],[79.9671848,7.226835],[79.9672517,7.2262971],[79.9670957,7.2262603],[79.9669323,7.2263561],[79.9668432,7.2262898],[79.966717,7.2260982],[79.9666501,7.2257225],[79.9667318,7.2252141],[79.9668729,7.2250225],[79.9668878,7.2248531],[79.9669992,7.2247794],[79.9671031,7.2248015],[79.967222,7.2247205],[79.9671997,7.2244994],[79.967014,7.2240132],[79.9659669,7.2235343],[79.9659817,7.2228196],[79.9658406,7.2224217],[79.9653282,7.2222302],[79.9652539,7.2219576],[79.9651351,7.2218765],[79.9650088,7.2219207],[79.964838,7.2217881],[79.9648157,7.2215744],[79.964734,7.2212945],[79.964838,7.2212503],[79.9649791,7.2212503],[79.9650088,7.2211766],[79.9648677,7.2208524],[79.9646523,7.2206314],[79.9643964,7.2197984],[79.9642431,7.219591],[79.9642013,7.2193733],[79.9641177,7.2192177],[79.9640446,7.2188894],[79.9638112,7.2187443],[79.9637206,7.2185576],[79.9635603,7.2178768],[79.9636091,7.2177489],[79.963731,7.2177005],[79.9637694,7.2176417],[79.9635464,7.217303],[79.9634941,7.2170957],[79.9634175,7.2170404],[79.9632747,7.2170611],[79.9631458,7.2170991],[79.9630029,7.2172028],[79.962874,7.2172097],[79.9628148,7.2171199],[79.962773,7.2169712],[79.9628218,7.2168053],[79.9628357,7.216598],[79.9625709,7.21628],[79.9624769,7.2163941],[79.9623758,7.2163077],[79.9620971,7.2161452],[79.9621076,7.2160104],[79.9621599,7.2158514],[79.9619996,7.2157028],[79.9617418,7.2151429],[79.9615711,7.214939],[79.9614875,7.2149114],[79.9613307,7.214939],[79.9612889,7.2147869],[79.9612088,7.2146867],[79.9609301,7.2147075],[79.9608639,7.2145727],[79.9605155,7.2145416],[79.9605538,7.2143895],[79.9605469,7.2142478],[79.9604946,7.2140439],[79.9603587,7.2139367],[79.9602159,7.213878],[79.9597595,7.2140024],[79.9595261,7.2137397],[79.9593241,7.213636],[79.959115,7.2137708],[79.9588712,7.2138434],[79.9587458,7.2138123],[79.9587527,7.2136602],[79.9587179,7.213598],[79.9586378,7.2135842],[79.9585089,7.2136602],[79.9580142,7.2136429],[79.9578017,7.2135946],[79.9575369,7.2136395],[79.9574045,7.2137363],[79.9573523,7.2136568],[79.9572338,7.2135496],[79.9570631,7.2136084],[79.9568123,7.2136049],[79.9565649,7.2135047],[79.9561573,7.2136429],[79.9558856,7.2136741],[79.9558299,7.2135876],[79.9550808,7.2134529],[79.9549519,7.2135669],[79.9546349,7.2136533],[79.9543945,7.2136153],[79.95429,7.2136844],[79.9542413,7.2136499],[79.9542482,7.2134425],[79.954196,7.2133768],[79.9538125,7.2134396],[79.9535067,7.2135775],[79.9533789,7.2137871],[79.9530787,7.2140628],[79.9527507,7.2141345],[79.9523394,7.2144268],[79.9519447,7.2144875],[79.9515722,7.2144654],[79.9513221,7.2143],[79.9509496,7.214322],[79.9507217,7.2142614],[79.9504938,7.2143275],[79.9503159,7.2144709],[79.9501102,7.2148239],[79.9497378,7.2152099],[79.9494209,7.2150886],[79.9492375,7.2153202],[79.9491652,7.2155353],[79.9493209,7.2156676],[79.9491319,7.2158827],[79.9487928,7.2161474],[79.9485927,7.2162522],[79.948337,7.2162743],[79.9480646,7.2164232],[79.9478922,7.2163294],[79.947731,7.2165169],[79.947631,7.2168258],[79.9476866,7.2169526],[79.9476421,7.2170243],[79.9475031,7.217085],[79.9472974,7.2170353],[79.9469384,7.2167268],[79.9465954,7.2170451],[79.9463151,7.2171951],[79.9462672,7.2174403],[79.946116,7.2173451],[79.9460017,7.2173012],[79.9458247,7.2173269],[79.9457509,7.2174586],[79.9456624,7.2177842],[79.9453747,7.218322],[79.9452088,7.2185086],[79.9451019,7.2187281],[79.9452715,7.2190427],[79.9451867,7.2191634],[79.9449949,7.2192915],[79.9448437,7.2197817],[79.9448695,7.2200415],[79.9449802,7.2204512],[79.9448806,7.2207512],[79.9448957,7.2207793],[79.9449101,7.2208061],[79.9451055,7.2207878],[79.9452309,7.2207403],[79.9452604,7.2207769],[79.9452494,7.2209122],[79.9452162,7.2211537],[79.9452014,7.2213842],[79.9451129,7.2217061],[79.9450502,7.2218086],[79.944947,7.2218927],[79.944947,7.2220094],[79.944947,7.2220866],[79.9450133,7.2223537],[79.9449728,7.2224707],[79.9448986,7.2225493],[79.9447879,7.2225954],[79.9446664,7.2227903],[79.94457,7.2230277],[79.9444378,7.2232509],[79.9443414,7.2232439],[79.9441271,7.2235769],[79.9439556,7.2236797],[79.9438235,7.2239242],[79.9437342,7.2239632],[79.9435199,7.2239703],[79.9431734,7.2241085],[79.9431377,7.2241935],[79.9433841,7.2244061],[79.9434413,7.2246117],[79.9434413,7.2248774],[79.9433984,7.2249554],[79.9432163,7.2249518],[79.9431627,7.2250121],[79.9432198,7.2251538],[79.9433448,7.2252814],[79.943277,7.2254019],[79.9432663,7.2256818],[79.9433377,7.2258519],[79.9433198,7.2260149],[79.9432448,7.2262842],[79.9431448,7.2265216],[79.9429841,7.2266527],[79.9427305,7.2267378],[79.942409,7.2269149],[79.9421768,7.2270106],[79.942084,7.227241],[79.9422626,7.2275351],[79.942109,7.2277973],[79.9418804,7.227939],[79.9416339,7.2281375],[79.9412517,7.2283146],[79.9410374,7.2285237],[79.9408088,7.2287009],[79.9403786,7.228827],[79.9402409,7.2288674],[79.9401873,7.2289418],[79.9400837,7.2292466],[79.9399051,7.2292395],[79.9396944,7.2290552],[79.9395122,7.2288568],[79.9393479,7.2288887],[79.939205,7.2290162],[79.9390907,7.2293812],[79.9390229,7.2294911],[79.9389157,7.229445],[79.9387764,7.2294344],[79.9379763,7.2294698],[79.9377048,7.2294592],[79.9373691,7.2295194],[79.9372333,7.2295726],[79.9372262,7.229895],[79.9371262,7.2301998],[79.9369726,7.2301431],[79.9367761,7.2301962],[79.9366511,7.2301608],[79.9365011,7.2301643],[79.9363868,7.2305364],[79.9363547,7.2307348],[79.9363654,7.2310148],[79.9362582,7.2312168],[79.9362819,7.2314184],[79.9353701,7.2315612],[79.9343927,7.2315212],[79.9342462,7.2315988],[79.9339532,7.2316239],[79.9330591,7.2314961],[79.9329884,7.2313783],[79.9327585,7.2311854],[79.9324504,7.2310626],[79.932218,7.23102],[79.9306016,7.2305064],[79.930104,7.2302759],[79.9297807,7.2299677],[79.9296646,7.2296495],[79.9295964,7.2293864],[79.9293362,7.2294891],[79.9289296,7.2298098],[79.9284497,7.2299927],[79.9282173,7.2300178],[79.928091,7.2298424],[79.9280153,7.2296469],[79.9278764,7.2295442],[79.9278107,7.2294114],[79.9278258,7.2291809],[79.9277475,7.2290356],[79.9275025,7.2289704],[79.9272803,7.229013],[79.9271098,7.2289754],[79.9266021,7.2290982],[79.9265238,7.2290306],[79.9264111,7.2288727],[79.9259757,7.2282081],[79.9257025,7.2281774],[79.9256397,7.2281395],[79.925527,7.2279802],[79.9254433,7.2279446],[79.9253833,7.2279544],[79.925218,7.228152],[79.92482,7.2281623],[79.9247255,7.2281862],[79.9244369,7.2284407],[79.9240075,7.2287383],[79.9236517,7.2288444],[79.9234796,7.2288021],[79.9233465,7.2288426],[79.9230232,7.2291007],[79.9228836,7.2291402],[79.9226622,7.2292485],[79.9225363,7.2293203],[79.9224176,7.2294224],[79.922237,7.229455],[79.9220981,7.2292203],[79.9220038,7.2292071],[79.9219097,7.2292296],[79.9218892,7.2293135],[79.9217819,7.2293755],[79.9216245,7.2293979],[79.9215873,7.2293755],[79.9215384,7.2292724],[79.9214172,7.2291488],[79.9213232,7.2287486],[79.9212651,7.2286738],[79.9209834,7.228574],[79.9208718,7.2283246],[79.9207733,7.2282975],[79.920621,7.2283254],[79.9205699,7.2283806],[79.9205663,7.2284883],[79.9205257,7.2285109],[79.9201467,7.2282972],[79.9201888,7.2280869],[79.9201725,7.2274716],[79.9201465,7.2272805],[79.9201586,7.227013],[79.9201034,7.2269445],[79.9200789,7.2269141],[79.9198004,7.2268507],[79.919746,7.2268039],[79.9196985,7.226737],[79.9196885,7.226447],[79.9196503,7.2263376],[79.9195846,7.2262662],[79.9195059,7.226253],[79.9193773,7.2263329],[79.9192599,7.2264097],[79.91902,7.2266295],[79.9189049,7.2266907],[79.918711,7.2266828],[79.9185829,7.2265763],[79.9184711,7.2263169],[79.918402,7.2262542],[79.9183254,7.2262443],[79.9181237,7.2261299],[79.9180214,7.2259069],[79.917997,7.2257181],[79.917896,7.2255828],[79.9177771,7.2255082],[79.9173808,7.2254425],[79.9170019,7.2255427],[79.9167504,7.2256952],[79.9166898,7.2257776],[79.9166125,7.2258277],[79.9165308,7.2258368],[79.9163415,7.2257647],[79.9161584,7.225662],[79.916121,7.2256194],[79.916065,7.225378],[79.916044,7.2249891],[79.9158899,7.2244338],[79.9159361,7.2242967],[79.9163664,7.2241016],[79.9164359,7.2240193],[79.9164231,7.223933],[79.9163728,7.2238887],[79.9162378,7.2238307],[79.9160775,7.2238138],[79.9157378,7.2237334],[79.91499,7.2235195],[79.9148763,7.2234004],[79.9147237,7.2228065],[79.9146639,7.2227441],[79.9144437,7.2226275],[79.9143717,7.2226196],[79.9141405,7.2225269],[79.9136412,7.2224658],[79.9133688,7.2224663],[79.9128657,7.2223844],[79.9126751,7.222293],[79.9126077,7.2221968],[79.9125062,7.2218393],[79.912162,7.2215818],[79.9116024,7.2212446],[79.9114919,7.2211989],[79.9113206,7.2211738],[79.9111302,7.2210887],[79.9110806,7.2207055],[79.9109628,7.2205787],[79.9108036,7.2205035],[79.9106169,7.2204763],[79.9103037,7.2205514],[79.9100166,7.2204607],[79.9090562,7.2197013],[79.9089619,7.2196134],[79.9088798,7.2194817],[79.9088841,7.2190599],[79.9086977,7.2188696],[79.9084549,7.2187574],[79.908231,7.2187672],[79.9080632,7.2187988],[79.9079735,7.2188723],[79.907778,7.2188676],[79.9075483,7.2185769],[79.9074397,7.2185011],[79.9072774,7.2184718],[79.9072116,7.2184097],[79.9071163,7.2183665],[79.9062636,7.2177241],[79.9057761,7.2174884],[79.9055067,7.2172962],[79.9052724,7.2170535],[79.905126,7.2169633],[79.9050096,7.2169178],[79.904929,7.2169432],[79.9048969,7.2170924],[79.9047876,7.2171838],[79.904547,7.2171866],[79.9043472,7.2171467],[79.9042088,7.2170647],[79.9038574,7.216799],[79.9037758,7.2165573],[79.9036965,7.2164922],[79.9034649,7.2164466],[79.9034134,7.216358],[79.9034168,7.2156043],[79.9032823,7.2154849],[79.9030651,7.2154298],[79.902821,7.2153372],[79.9027115,7.2152544],[79.9026078,7.2149126],[79.9023857,7.2147584],[79.9022743,7.2147495],[79.9021265,7.2148894],[79.9020093,7.2148886],[79.9017719,7.2147683],[79.9015245,7.2144371],[79.9013381,7.2142994],[79.9011774,7.2142474],[79.9011234,7.2142694],[79.9010899,7.2143231],[79.9010362,7.2145458],[79.9010827,7.214886],[79.9010547,7.215168],[79.9008988,7.2153996],[79.9007774,7.2154096],[79.9000497,7.214774],[79.8995448,7.2143891],[79.8994281,7.2141519],[79.899322,7.2138111],[79.8991048,7.2136407],[79.8985412,7.2133126],[79.8983203,7.2132429],[79.8979682,7.2132348],[79.89765,7.2133601],[79.8969933,7.2134804],[79.8964036,7.213536],[79.8960265,7.213492],[79.8955031,7.2135054],[79.8952813,7.2134348],[79.895241,7.2133831],[79.8952299,7.2133108],[79.8953447,7.2129301],[79.895487,7.2120244],[79.8954192,7.2119218],[79.895222,7.2117584],[79.8951852,7.2116781],[79.8951532,7.2114899],[79.8952101,7.2114106],[79.8952937,7.2114148],[79.8954368,7.2115889],[79.8955212,7.2116587],[79.8955559,7.211649],[79.8955748,7.2115966],[79.8955579,7.2114728],[79.8954684,7.2113048],[79.8953586,7.2111904],[79.8951486,7.2111056],[79.8949462,7.2109036],[79.8948735,7.2107141],[79.8947465,7.2105783],[79.8946937,7.2104756],[79.8946723,7.2103582],[79.8946626,7.2102772],[79.8947081,7.2100063],[79.8947031,7.209962],[79.8946619,7.209935],[79.8944752,7.2099222],[79.8943146,7.2098762],[79.8942504,7.2099064],[79.8938359,7.2102668],[79.8936523,7.2103024],[79.8935992,7.2102566],[79.8935128,7.2100993],[79.893496,7.2098934],[79.8935169,7.2097583],[79.8935008,7.2096992],[79.8933597,7.2095795],[79.8933462,7.2095263],[79.8934219,7.2094361],[79.893629,7.2094461],[79.8936997,7.2093394],[79.8936642,7.2091793],[79.8935191,7.2090835],[79.8934563,7.2089718],[79.8935027,7.208935],[79.8936543,7.208935],[79.8936322,7.2088358],[79.8936169,7.2088188],[79.8935981,7.2087647],[79.8935554,7.2087361],[79.8933222,7.2086243],[79.8932098,7.2086443],[79.8931803,7.2086871],[79.8931837,7.2088954],[79.8931041,7.208955],[79.8930519,7.2089418],[79.8929521,7.2087874],[79.8928955,7.2087457],[79.8928208,7.2087395],[79.8925586,7.2088025],[79.8924842,7.2087505],[79.892386,7.2084747],[79.892322,7.2083373],[79.8921564,7.2082055],[79.8921372,7.2081491],[79.892153,7.2078892],[79.892107,7.207759],[79.8920178,7.207675],[79.8921269,7.2073427],[79.8920508,7.207133],[79.891917,7.206976],[79.8916912,7.2068937],[79.8915357,7.2066302],[79.8913913,7.2066798],[79.8914216,7.2068752],[79.8909677,7.206949],[79.8907487,7.2066846],[79.8906312,7.2064704],[79.890674,7.2063144],[79.8907844,7.2061827],[79.8907971,7.2061066],[79.8907675,7.2060346],[79.8906794,7.2059314],[79.8905517,7.2058343],[79.8903683,7.205883],[79.8902799,7.2059732],[79.8897748,7.2058729],[79.8896339,7.2059217],[79.8895222,7.2060133],[79.8893757,7.2062288],[79.8893838,7.2062785],[79.8895395,7.2064206],[79.8891988,7.2067808],[79.8891476,7.2068088],[79.8889555,7.2068348],[79.8885991,7.2068145],[79.8881854,7.2066686],[79.8879164,7.2065495],[79.887842,7.2065822],[79.8878244,7.2066392],[79.8879058,7.2068201],[79.8878977,7.2068891],[79.8878359,7.2069219],[79.8877559,7.206913],[79.8876459,7.2068555],[79.8874441,7.2066472],[79.8872675,7.2066066],[79.8871081,7.2065364],[79.8870405,7.2064608],[79.8868926,7.2061841],[79.8867281,7.2061528],[79.8865746,7.2060807],[79.8865349,7.2060045],[79.8865654,7.2056395],[79.886615,7.205555],[79.8868469,7.2054637],[79.8870527,7.2051281],[79.8870657,7.2050264],[79.8870419,7.2046856],[79.8871148,7.2044237],[79.887244,7.2037029],[79.8872481,7.2034132],[79.8871918,7.2030903],[79.8872946,7.2029011],[79.8875269,7.202861],[79.8876077,7.2024701],[79.8878401,7.2016783],[79.8879888,7.2015545],[79.8883756,7.201558],[79.8888201,7.2012172],[79.8891636,7.2006459],[79.8891814,7.2001116],[79.8893477,7.1995655],[79.8896549,7.1992961],[79.8897807,7.1990549],[79.889757,7.1987715],[79.8896992,7.1985143],[79.8895402,7.1982418],[79.8891413,7.1980807],[79.8887878,7.1974458],[79.8887238,7.1972625],[79.8888191,7.1969431],[79.8889334,7.1967446],[79.8890277,7.1967034],[79.8891557,7.1967321],[79.8892633,7.1969066],[79.8894717,7.1969341],[79.8896978,7.1968793],[79.8899264,7.1966667],[79.890105,7.196369],[79.8902979,7.1962627],[79.8904674,7.1962586],[79.8905083,7.1962207],[79.8905414,7.1961142],[79.8905415,7.1959879],[79.8906274,7.1957963],[79.8911102,7.1956047],[79.8916468,7.1956433],[79.8918934,7.1957218],[79.8921329,7.1956948],[79.8933203,7.195956],[79.8937709,7.1960092],[79.8940177,7.1960092],[79.8941894,7.1959347],[79.8946754,7.1955262],[79.8956807,7.194817],[79.896024,7.1943061],[79.8961803,7.1939615],[79.8963137,7.1936674],[79.8963996,7.1933945],[79.8966826,7.1932684],[79.8967927,7.1931134],[79.8968608,7.1928478],[79.8971398,7.1923049],[79.8971398,7.1922091],[79.8972025,7.1920563],[79.8972578,7.1919217],[79.8971853,7.1916979],[79.8971625,7.1915264],[79.8970218,7.1909425],[79.8968268,7.1905273],[79.8967208,7.1903017],[79.896329,7.189535],[79.896245,7.1893144],[79.896204,7.1890671],[79.8962143,7.1887356],[79.8961899,7.188601],[79.8960795,7.1883735],[79.8960347,7.1881962],[79.8963137,7.1878236],[79.896539,7.1876214],[79.8967428,7.1874511],[79.8972275,7.1871846],[79.8973142,7.1871124],[79.897439,7.1869538],[79.8974616,7.1868763],[79.8975019,7.1864004],[79.8974878,7.1862295],[79.8974425,7.1860689],[79.8974509,7.1859183],[79.8977305,7.1855483],[79.8977191,7.1854073],[79.8976119,7.1852157],[79.8975229,7.1846427],[79.8978586,7.1843748],[79.8979123,7.1841193],[79.8978586,7.1838426],[79.8975046,7.1835658],[79.8974295,7.1834274],[79.8969482,7.1832216],[79.8967839,7.1828351],[79.8965898,7.1822065],[79.8965016,7.1820471],[79.8963295,7.181817],[79.8961969,7.1815448],[79.896184,7.1815182],[79.8961571,7.1813557],[79.8961758,7.1811951],[79.8962079,7.181085],[79.8963798,7.1809278],[79.8967745,7.1808696],[79.8979337,7.1808727],[79.8981018,7.1807865],[79.898216,7.180532],[79.8982182,7.1804767],[79.8982254,7.180298],[79.8981659,7.1801046],[79.8980178,7.1799703],[79.8978504,7.1797133],[79.8978197,7.1794835],[79.8979046,7.1793057],[79.8982254,7.1790717],[79.8984163,7.1788927],[79.8986088,7.1786711],[79.8988541,7.1783307],[79.8990679,7.177906],[79.8990745,7.1775645],[79.8989928,7.1773665],[79.8986594,7.1768343],[79.8984613,7.1766378],[79.8981483,7.1767009],[79.8979046,7.1767501],[79.8974423,7.1767782],[79.8970177,7.1768905],[79.8966026,7.1769186],[79.896027,7.1768623],[79.8958509,7.1767627],[79.8956955,7.1765749],[79.8954235,7.1761026],[79.8952687,7.1757698],[79.895208,7.1756955],[79.8947395,7.1751227],[79.8946565,7.174996],[79.8945945,7.1749013],[79.8945428,7.1746006],[79.8951007,7.1742726],[79.8953039,7.1740607],[79.89539,7.1738591],[79.8954,7.1737466],[79.8954141,7.1735892],[79.895359,7.1731552],[79.8954712,7.1728225],[79.8956139,7.1724035],[79.8956552,7.1721028],[79.8958033,7.171686],[79.8960306,7.1713033],[79.8965371,7.1707332],[79.8968287,7.170354],[79.8971254,7.1701046],[79.8975427,7.1700397],[79.8979953,7.1698401],[79.898649,7.1698751],[79.8988551,7.169915],[79.8990916,7.1698368],[79.8991719,7.1698102],[79.8992156,7.1697697],[79.8994032,7.1695957],[79.8994597,7.1694261],[79.8994399,7.1693868],[79.8993554,7.1693012],[79.8989838,7.1692171],[79.8988101,7.1691129],[79.8986147,7.1688868],[79.8985836,7.1686977],[79.8987545,7.168548],[79.8991166,7.1685331],[79.8992071,7.1682287],[79.8992775,7.1675452],[79.8994096,7.1674143],[79.8997314,7.1672186],[79.9001415,7.1670743],[79.9003077,7.1671001],[79.9005413,7.1672392],[79.9007541,7.1673319],[79.90099,7.1673176]]]}},
{"type":"Feature","properties":{"osm_id":"340474555","code":8103,"fclass":"canal","width":0,"name":null},"geometry":{"type":"MultiLineString","coordinates":[[[79.9718241,7.0532477],[79.9718086,7.0532232],[79.9717591,7.0531249],[79.9716742,7.0529422],[79.9716671,7.0528369],[79.9716126,7.0526975],[79.9715832,7.0526128],[79.97153,7.0525553],[79.9714597,7.0524752],[79.9714689,7.0523873],[79.9714476,7.0522749],[79.9714264,7.0521274],[79.9714052,7.0519658],[79.9713582,7.0518444]]]}},
{"type":"Feature","properties":{"osm_id":"340474538","code":8103,"fclass":"canal","width":0,"name":null},"geometry":{"type":"MultiLineString","coordinates":[[[79.9739422,7.057239],[79.9738933,7.0572019],[79.9738334,7.0571161],[79.9737059,7.0571231],[79.9736069,7.0570177],[79.9735431,7.0568913],[79.973437,7.0567578],[79.9733449,7.0566665],[79.9732742,7.0565611],[79.9732606,7.0564675],[79.9732649,7.0563786],[79.9732459,7.0563153],[79.9732175,7.0561958],[79.9731892,7.0561045],[79.9731255,7.055964],[79.9730618,7.0558587],[79.9729769,7.0557603],[79.972899,7.0556409],[79.9728141,7.0555566],[79.9725876,7.055381],[79.9724814,7.0552896],[79.9724043,7.0552397],[79.9723648,7.0552052],[79.9723092,7.0551488],[79.9722799,7.055098],[79.9722253,7.0550468],[79.9721777,7.0550092],[79.9720951,7.0549721],[79.9718356,7.0548623],[79.9716788,7.0547258],[79.9715954,7.0545248],[79.9715431,7.0543548],[79.9715782,7.0541505],[79.9716099,7.0540381],[79.971599,7.0539112],[79.971507,7.0536746],[79.9714048,7.0534413],[79.9713265,7.0532215],[79.9712686,7.0529679],[79.971197,7.0527177],[79.9711118,7.0524979],[79.971071,7.0523424],[79.9710233,7.0522342],[79.9709449,7.0521395],[79.9708563,7.0520279],[79.9706996,7.0519333],[79.9705599,7.0519434],[79.9704782,7.0519637],[79.9704509,7.0519197],[79.9704347,7.0518349]]]}},
{"type":"Feature","properties":{"osm_id":"332279679","code":8103,"fclass":"canal","width":0,"name":null},"geometry":{"type":"MultiLineString","coordinates":[[[79.9713582,7.0518444],[79.9713672,7.0517548],[79.9713672,7.0516562],[79.9713265,7.0515755],[79.971304,7.0514679],[79.971313,7.0513872],[79.9713265,7.051329],[79.9713627,7.0512617],[79.9713672,7.0511766],[79.9713717,7.0511138],[79.9714078,7.0510601],[79.9714575,7.0509973],[79.9714801,7.050948],[79.9714801,7.0508539],[79.9714891,7.0508001],[79.971532,7.0507217],[79.9715885,7.0506813]]]}},
{"type":"Feature","properties":{"osm_id":"332011774","code":8103,"fclass":"canal","width":0,"name":null},"geometry":{"type":"MultiLineString","coordinates":[[[79.9708894,7.0711496],[79.9709256,7.0710945],[79.9710376,7.0710205],[79.9710287,7.0709506],[79.9709384,7.0708011],[79.9708719,7.0706566],[79.9708571,7.0706298],[79.9708267,7.0705934],[79.9708257,7.0704914],[79.9707325,7.0703428],[79.970602,7.0701834],[79.9704715,7.0699978],[79.970341,7.069821],[79.9702205,7.0697089],[79.9702105,7.0696864],[79.9702381,7.0696541],[79.9702908,7.0696466],[79.9703636,7.0696441],[79.970469,7.0696042],[79.9705493,7.069542],[79.9705895,7.0694922],[79.9706171,7.0694324],[79.9706447,7.0693676],[79.9706723,7.0693103],[79.9707024,7.069273],[79.9707476,7.0692555],[79.9708455,7.0692207],[79.9709107,7.0691982],[79.9709735,7.0691509],[79.9710312,7.0690837],[79.9710689,7.0690239],[79.9711617,7.0689491],[79.9712069,7.0689018],[79.9712672,7.068842],[79.9713148,7.0687872],[79.9713625,7.0687275],[79.9713901,7.0685855],[79.9713901,7.0684584],[79.9714002,7.0683738],[79.9714178,7.068294],[79.9714328,7.0681994],[79.9714389,7.0681675],[79.9714996,7.0680577],[79.9715636,7.06796],[79.9716178,7.0678843],[79.9716621,7.0678256],[79.9717114,7.0677719],[79.971731,7.0677255],[79.971704,7.0676913],[79.97164,7.0676424],[79.9716252,7.0675862],[79.9716523,7.06753],[79.9716843,7.0674885],[79.9717064,7.0674445],[79.9717237,7.0673883],[79.9717581,7.0673126],[79.971832,7.0672393],[79.9719231,7.0671758],[79.9719797,7.0671416],[79.9720462,7.0670781],[79.9720855,7.0670219],[79.9721028,7.0669974],[79.9721471,7.0669364],[79.9722111,7.0668704],[79.9722751,7.0668313],[79.9723465,7.0667922],[79.9724154,7.0667678],[79.9724745,7.0667409],[79.972541,7.0666994],[79.9725951,7.0666554],[79.9726419,7.066587],[79.9727059,7.066521],[79.9727502,7.0664502],[79.9728044,7.0663744],[79.9728561,7.0662718],[79.9729102,7.0661766],[79.972957,7.0660935],[79.9730013,7.0660055],[79.9730776,7.0659225],[79.9731441,7.0658565],[79.9732032,7.0658223],[79.9732524,7.0658199],[79.9733386,7.0658296],[79.9734174,7.0658052],[79.9734863,7.0657686],[79.9735528,7.0657392],[79.9736107,7.0657113],[79.9735973,7.0656486],[79.9735601,7.0655496],[79.9735242,7.0654646],[79.9734728,7.0653676],[79.9734213,7.065256],[79.973449,7.065221],[79.9735018,7.0651235],[79.9735541,7.0650224],[79.9735923,7.0649126],[79.9736583,7.0647789],[79.973721,7.0646591],[79.9737475,7.0645644],[79.9737604,7.0645278],[79.973858,7.0643198],[79.9739097,7.0641268],[79.9739565,7.0639558],[79.9740205,7.063819],[79.9740747,7.0636822],[79.9741534,7.0634647],[79.974215,7.0633401],[79.9742765,7.0631984],[79.9743061,7.063069],[79.9743405,7.0628882],[79.9743676,7.0627318],[79.9743554,7.0626248],[79.9743873,7.0624283],[79.9744384,7.0621811],[79.9744078,7.0618463],[79.9744065,7.0618325],[79.974366,7.0614025],[79.974312,7.0611192],[79.9743094,7.0610559],[79.9743022,7.0608764],[79.9742811,7.0606319],[79.974263,7.0604941],[79.9742245,7.0603905],[79.9742652,7.0603208],[79.9742564,7.0602764],[79.9743043,7.0602574],[79.9743394,7.0602099],[79.974349,7.0601402],[79.974365,7.0600578],[79.9743841,7.0599595],[79.9743969,7.059893],[79.9743873,7.0598391],[79.9743522,7.0597757],[79.9743458,7.0597155],[79.9743586,7.0596236],[79.9743713,7.0595634],[79.9743458,7.0594905],[79.9743234,7.0594176],[79.9743139,7.0593415],[79.9743075,7.0592591],[79.9742883,7.0591704],[79.9742532,7.0591197],[79.9742468,7.0590785],[79.9742404,7.0589961],[79.9742308,7.0588852],[79.9742085,7.0587679],[79.9741797,7.0586665],[79.9741542,7.0585651],[79.9741318,7.0584256],[79.9741191,7.0582735],[79.9741159,7.0581531],[79.9740967,7.0580231],[79.9740552,7.0578964],[79.9740233,7.0578076],[79.9740353,7.0577195],[79.974024,7.0576097],[79.9739947,7.0575136],[79.9739795,7.0574355],[79.9739414,7.0573061],[79.9739422,7.057239]]]}},
{"type":"Feature","properties":{"osm_id":"1203772073","code":8103,"fclass":"canal","width":0,"name":null},"geometry":{"type":"MultiLineString","coordinates":[[[80.1024824,6.6793184],[80.1021673,6.6792265],[80.1019688,6.6791379],[80.1018742,6.6791339],[80.1017046,6.679068],[80.1014203,6.67902],[80.1013472,6.679066],[80.1013559,6.6791419],[80.1013385,6.6791672],[80.1012513,6.6791679],[80.1011923,6.6792059]]]}},
{"type":"Feature","properties":{"osm_id":"1209038694","code":8103,"fclass":"canal","width":0,"name":null},"geometry":{"type":"MultiLineString","coordinates":[[[79.9755202,6.5416334],[79.9716898,6.5413274]]]}},
{"type":"Feature","properties":{"osm_id":"1209038693","code":8103,"fclass":"canal","width":0,"name":null},"geometry":{"type":"MultiLineString","coordinates":[[[79.9716898,6.5413274],[79.9715692,6.5411305]]]}},
{"type":"Feature","properties":{"osm_id":"329628985","code":8103,"fclass":"canal","width":0,"name":null},"geometry":{"type":"MultiLineString","coordinates":[[[79.9048349,7.0082362],[79.9044111,7.0080498],[79.9037405,7.007576],[79.9034991,7.0072831],[79.9031504,7.0071926],[79.9027964,7.0069211],[79.9026033,7.0066655],[79.9026945,7.0063141],[79.9027009,7.0059336],[79.9025959,7.0054415],[79.9022686,7.0049108],[79.9020832,7.0047051],[79.9019631,7.004142],[79.9022359,7.0037738],[79.9026396,7.0031457],[79.902956,7.0024418],[79.9033924,7.0019437],[79.9038156,7.0012719],[79.9045076,7.0012187],[79.9049158,7.0003143],[79.9051304,6.9996115],[79.9052269,6.9985572],[79.9051641,6.9978597],[79.9047978,6.9975882],[79.9041165,6.99766],[79.9039287,6.9976414],[79.9037141,6.9974923],[79.9035259,6.9966982],[79.9034562,6.9961711],[79.9034938,6.9955055],[79.9033976,6.9951043],[79.9021585,6.993467],[79.9017508,6.9933499],[79.9014074,6.9935629],[79.9008656,6.9937412],[79.9002165,6.9935842],[79.8995728,6.9933499],[79.8986019,6.9928893],[79.8976202,6.992647],[79.8970086,6.9928174],[79.8966331,6.9932753],[79.8963005,6.9939995],[79.8962572,6.9947335],[79.8960042,6.9950692],[79.8958392,6.9954051],[79.8955602,6.9955542],[79.895056,6.9954797],[79.8943854,6.9952001],[79.8935915,6.9949233],[79.8931892,6.9945213],[79.8929639,6.9941166],[79.8926044,6.9920161],[79.892307,6.9914028],[79.8911882,6.9901951],[79.8896057,6.9884305],[79.8885328,6.9878981],[79.8879857,6.9874721],[79.8877014,6.98683],[79.8873956,6.9863007],[79.88732,6.9860385],[79.8870625,6.985751],[79.8869821,6.985506],[79.8870743,6.9848098],[79.8869241,6.9844584],[79.8868088,6.9843906],[79.8866344,6.984288],[79.8863232,6.9843413],[79.8854864,6.9845542],[79.8842038,6.9847747],[79.8835337,6.9846607],[79.8832389,6.9844746],[79.883008,6.9841815],[79.8825681,6.9832657],[79.8824013,6.9826555],[79.8822892,6.9823445],[79.8821959,6.9822208],[79.8820897,6.9821409],[79.8818257,6.9821037],[79.8816177,6.9820237],[79.8812066,6.9816649],[79.8804805,6.9811979]]]}},
{"type":"Feature","properties":{"osm_id":"376336700","code":8103,"fclass":"canal","width":0,"name":null},"geometry":{"type":"MultiLineString","coordinates":[[[79.9334083,7.0754045],[79.9334706,7.0754896],[79.9335719,7.0756152],[79.9336441,7.075697],[79.9336825,7.0757922],[79.9337164,7.0758964],[79.933756,7.0759636],[79.9337804,7.0760077],[79.9338044,7.0760566],[79.9338671,7.0761257],[79.9339278,7.0761891],[79.9339789,7.0762319],[79.9340619,7.0763],[79.9340986,7.0763237],[79.9341047,7.0763326],[79.9341169,7.0763429],[79.9341284,7.0763603],[79.9341422,7.0763838]]]}},
{"type":"Feature","properties":{"osm_id":"376336699","code":8103,"fclass":"canal","width":0,"name":null},"geometry":{"type":"MultiLineString","coordinates":[[[79.9323478,7.0732543],[79.9323206,7.0733438],[79.9322885,7.0734199],[79.9322378,7.0735058],[79.9321624,7.0736076],[79.9321376,7.073642],[79.9321055,7.0736825],[79.9320822,7.0737093],[79.932078,7.0737307],[79.9321424,7.0738163],[79.9321949,7.0738812],[79.932262,7.0739731],[79.9323187,7.0740323],[79.9324472,7.0741792],[79.9325691,7.0743002],[79.9327091,7.0744346],[79.93277,7.0745131],[79.9328219,7.0745579],[79.93291,7.0746721],[79.93298,7.0747595],[79.9330432,7.0748604],[79.9330726,7.0748917],[79.9331403,7.0749881],[79.9331922,7.0750822],[79.9332825,7.0752188],[79.9333322,7.0753017],[79.9334083,7.0754045]]]}},
{"type":"Feature","properties":{"osm_id":"376184062","code":8103,"fclass":"canal","width":0,"name":null},"geometry":{"type":"MultiLineString","coordinates":[[[80.0132233,7.1029746],[80.0134253,7.1032572],[80.0140494,7.1042265],[80.0139694,7.104382],[80.0140473,7.1044575],[80.0141591,7.1045741],[80.0142315,7.1046213],[80.0142473,7.1046527],[80.0145893,7.104996]]]}},
{"type":"Feature","properties":{"osm_id":"376345331","code":8103,"fclass":"canal","width":0,"name":null},"geometry":{"type":"MultiLineString","coordinates":[[[79.9477839,7.0694462],[79.9477837,7.0693734],[79.9478177,7.0692689],[79.9478349,7.069153],[79.9478416,7.069004],[79.9478403,7.0688651],[79.9478615,7.06867],[79.9478854,7.0683643],[79.947896,7.0681349]]]}},
{"type":"Feature","properties":{"osm_id":"376343526","code":8103,"fclass":"canal","width":0,"name":null},"geometry":{"type":"MultiLineString","coordinates":[[[79.9341422,7.0763838],[79.934332,7.0765689],[79.9344779,7.0767197],[79.9346298,7.0769127],[79.9346724,7.076973],[79.934718,7.0770243],[79.9348122,7.0770605],[79.9348669,7.0771208],[79.9348791,7.0772053],[79.9349034,7.0772445],[79.9349976,7.0772777],[79.9350584,7.0773652],[79.9351435,7.0774496],[79.9351952,7.077519],[79.9352286,7.0775582],[79.9352803,7.0776427],[79.9352924,7.0777543],[79.9353654,7.0778628],[79.9354687,7.0779835],[79.9356024,7.0781675],[79.9357605,7.0783304],[79.935876,7.0784872],[79.9359793,7.0785867],[79.9360614,7.0787044],[79.9361708,7.078819],[79.9362438,7.0788974],[79.9362894,7.0789487],[79.9363684,7.0790362],[79.9364018,7.0790693],[79.9364395,7.0791209],[79.9364728,7.0791666]]]}},
{"type":"Feature","properties":{"osm_id":"376343112","code":8103,"fclass":"canal","width":0,"name":null},"geometry":{"type":"MultiLineString","coordinates":[[[79.9474808,7.0751423],[79.9475272,7.0749942],[79.9475323,7.0748885],[79.9475601,7.074742],[79.9475425,7.0746467],[79.9476135,7.0743722],[79.9476693,7.0738762],[79.9476871,7.0737981],[79.9476871,7.0736495],[79.9477277,7.0732365],[79.947748,7.0730754],[79.9477404,7.0729998],[79.9477033,7.0725532],[79.9476897,7.0724588],[79.9477804,7.0722384],[79.9477758,7.0720495],[79.9478076,7.071919],[79.9478076,7.0718471],[79.9476172,7.0717077],[79.9476535,7.0715098],[79.9476489,7.0713973],[79.9475946,7.0711904],[79.9476625,7.071051],[79.9476761,7.0709656],[79.9476625,7.0707992],[79.9476399,7.0707317],[79.9476852,7.0705518],[79.9476106,7.070339],[79.9476067,7.0702673],[79.9476035,7.0701908],[79.9476392,7.0701336],[79.9476765,7.0700793],[79.9476991,7.0699957],[79.9477275,7.0699095],[79.9477541,7.06982],[79.9477833,7.0696624],[79.9477839,7.0694462]]]}},
{"type":"Feature","properties":{"osm_id":"1209387417","code":8103,"fclass":"canal","width":0,"name":null},"geometry":{"type":"MultiLineString","coordinates":[[[79.9910411,6.5461799],[79.990932,6.5461701]]]}},
{"type":"Feature","properties":{"osm_id":"1209387416","code":8103,"fclass":"canal","width":0,"name":null},"geometry":{"type":"MultiLineString","coordinates":[[[79.990932,6.5461701],[79.9908169,6.5461205],[79.9907114,6.5460045],[79.9906311,6.5457893],[79.9904724,6.5455372],[79.990205,6.5454013],[79.9898769,6.545279],[79.9895861,6.5451772]]]}},
{"type":"Feature","properties":{"osm_id":"1209387415","code":8103,"fclass":"canal","width":0,"name":null},"geometry":{"type":"MultiLineString","coordinates":[[[79.9834992,6.5464682],[79.9833883,6.5464655]]]}},
{"type":"Feature","properties":{"osm_id":"1209406324","code":8103,"fclass":"canal","width":0,"name":null},"geometry":{"type":"MultiLineString","coordinates":[[[79.9930953,6.5386746],[79.9957862,6.5386589],[79.9970898,6.5384298],[79.9999329,6.5368682],[80.0004854,6.536687],[80.0005218,6.536665]]]}},
{"type":"Feature","properties":{"osm_id":"1209406323","code":8103,"fclass":"canal","width":0,"name":null},"geometry":{"type":"MultiLineString","coordinates":[[[79.9949215,6.5339308],[79.9948934,6.5340261]]]}},
{"type":"Feature","properties":{"osm_id":"370196594","code":8103,"fclass":"canal","width":0,"name":null},"geometry":{"type":"MultiLineString","coordinates":[[[79.8889172,7.0235315],[79.8889732,7.0243909],[79.8891851,7.0250273],[79.8888874,7.0259349],[79.8890922,7.0270667],[79.8888824,7.0279615],[79.8887803,7.0297061],[79.8882587,7.0319853],[79.8869942,7.0355701],[79.8852421,7.0395038],[79.8842101,7.0416647],[79.8826167,7.0449399],[79.8815507,7.0478775],[79.8806776,7.0501238],[79.880479,7.0506349],[79.8797816,7.0532967],[79.8794754,7.0550918],[79.8790275,7.058682],[79.878778,7.0594867],[79.8780635,7.0614],[79.87723,7.0636678],[79.8770542,7.0642643],[79.8769635,7.0649508],[79.877196,7.0657893],[79.8773887,7.0667009],[79.8778367,7.0693569],[79.8779671,7.0704373],[79.8779614,7.071287],[79.8777331,7.0729399],[79.8775968,7.073728],[79.8774634,7.0744924],[79.8771233,7.0756478],[79.8769375,7.0761399],[79.876951,7.0763318],[79.8771203,7.0766381],[79.8772011,7.0767687]]]}},
{"type":"Feature","properties":{"osm_id":"1209406322","code":8103,"fclass":"canal","width":0,"name":null},"geometry":{"type":"MultiLineString","coordinates":[[[79.9948934,6.5340261],[79.994523,6.5352842],[79.9946216,6.5364902],[79.9943751,6.5377269],[79.9933996,6.5384955]]]}},
{"type":"Feature","properties":{"osm_id":"1209406321","code":8103,"fclass":"canal","width":0,"name":null},"geometry":{"type":"MultiLineString","coordinates":[[[80.0016861,6.5175045],[80.0014432,6.5179383],[80.0012588,6.5183582],[80.0010813,6.5188082],[80.0010019,6.5190541],[80.0008245,6.5194648],[80.0007287,6.5197362],[80.0006493,6.5202535],[80.000598,6.520351],[80.0003738,6.5208822],[80.000215,6.5214645],[80.0000586,6.5219471],[79.9999558,6.5221025],[79.9996476,6.5224737],[79.9994889,6.5226639],[79.9992647,6.5228727],[79.9991946,6.5230884],[79.9988888,6.5239097],[79.9988631,6.5243737],[79.9987206,6.5246474],[79.9983657,6.5249049],[79.9979921,6.5254083],[79.9978357,6.5257818],[79.9973056,6.5269928],[79.9970044,6.5277723],[79.9969157,6.5278743],[79.996925,6.5280089],[79.9969017,6.5280808],[79.9966752,6.5286468],[79.9965024,6.5292523],[79.9964277,6.5295469],[79.9964487,6.5298277],[79.9962385,6.5306466],[79.996005,6.5318854],[79.9959156,6.5321068],[79.9954596,6.532719],[79.9951269,6.5332333],[79.9949215,6.5339308]]]}},
{"type":"Feature","properties":{"osm_id":"1209093741","code":8103,"fclass":"canal","width":0,"name":null},"geometry":{"type":"MultiLineString","coordinates":[[[79.9518127,6.6471344],[79.9520919,6.647122],[79.9530121,6.647194]]]}},
{"type":"Feature","properties":{"osm_id":"1209041536","code":8103,"fclass":"canal","width":0,"name":null},"geometry":{"type":"MultiLineString","coordinates":[[[79.9486009,6.6477227],[79.9488385,6.6477182],[79.9489537,6.6477224],[79.9489872,6.6477578],[79.9493846,6.6477383],[79.9499077,6.6476584],[79.950377,6.6475731],[79.9508254,6.6474313],[79.9516942,6.6471464],[79.9518127,6.6471344]]]}},
{"type":"Feature","properties":{"osm_id":"376928400","code":8103,"fclass":"canal","width":0,"name":null},"geometry":{"type":"MultiLineString","coordinates":[[[79.9280887,7.1117573],[79.9281125,7.1117866],[79.9281322,7.1118045]]]}},
{"type":"Feature","properties":{"osm_id":"376928399","code":8103,"fclass":"canal","width":0,"name":null},"geometry":{"type":"MultiLineString","coordinates":[[[79.9281322,7.1118045],[79.9281799,7.1118559],[79.928232,7.1119554]]]}},
{"type":"Feature","properties":{"osm_id":"1213518944","code":8103,"fclass":"canal","width":0,"name":null},"geometry":{"type":"MultiLineString","coordinates":[[[79.9725988,6.5550666],[79.9724888,6.5551945]]]}},
{"type":"Feature","properties":{"osm_id":"376485994","code":8103,"fclass":"canal","width":0,"name":null},"geometry":{"type":"MultiLineString","coordinates":[[[80.0336022,7.1011939],[80.0336175,7.1008883],[80.0336165,7.1008147],[80.033621,7.1007091],[80.03362,7.1005904],[80.0336225,7.1004683],[80.0336251,7.1003752],[80.0336291,7.1002726],[80.0336177,7.1001281],[80.0335966,7.0999469],[80.0335763,7.0997388],[80.0335314,7.0995335],[80.0334973,7.0994514],[80.0334208,7.0994259],[80.0333523,7.0994103],[80.0332702,7.0993599],[80.0331475,7.0993288],[80.0331035,7.0993089]]]}},
{"type":"Feature","properties":{"osm_id":"376485126","code":8103,"fclass":"canal","width":0,"name":null},"geometry":{"type":"MultiLineString","coordinates":[[[80.03665,7.098174],[80.0365619,7.0985785],[80.0365167,7.0987555],[80.0365055,7.0989774],[80.0364931,7.0990025],[80.0363486,7.0992378],[80.0363305,7.0997486],[80.0363044,7.0998181],[80.0362869,7.0999449],[80.0362898,7.099991],[80.0362943,7.1000963],[80.0362853,7.1001568],[80.0360392,7.1003136],[80.0357253,7.1004279],[80.0353983,7.1005473],[80.0353264,7.1005873],[80.0352737,7.1006235],[80.0352124,7.1006691],[80.0351645,7.1007119],[80.0351607,7.1007414],[80.0351817,7.1007927],[80.0352229,7.1008412],[80.0352546,7.1008888],[80.0352996,7.1009173],[80.0353149,7.1009468],[80.0353691,7.1009807]]]}},
{"type":"Feature","properties":{"osm_id":"376484925","code":8103,"fclass":"canal","width":0,"name":null},"geometry":{"type":"MultiLineString","coordinates":[[[79.9275625,7.1137787],[79.9275991,7.1137265],[79.9276227,7.1136465],[79.9276181,7.1135733],[79.9276093,7.1135172],[79.9275843,7.1134519],[79.9275733,7.1134186],[79.9275684,7.1133541],[79.9275719,7.1132978],[79.9275268,7.1131539],[79.9274483,7.1131261],[79.9274397,7.1130558],[79.9274612,7.113012],[79.9274429,7.1129619],[79.9274215,7.112915],[79.9274182,7.1128211],[79.9274075,7.1127412],[79.9274408,7.1126452],[79.9274763,7.1125386],[79.9274935,7.1124639],[79.9276375,7.1122773],[79.9277213,7.112161],[79.927804,7.1120363],[79.9278717,7.1119691],[79.9279352,7.111903],[79.927947,7.1118529],[79.9279362,7.1118166],[79.927991,7.1117622],[79.9280323,7.1117231],[79.9280624,7.1117377],[79.9280887,7.1117573]]]}},
{"type":"Feature","properties":{"osm_id":"405846766","code":8103,"fclass":"canal","width":0,"name":null},"geometry":{"type":"MultiLineString","coordinates":[[[79.8789726,7.0873434],[79.8792297,7.0873825],[79.8794102,7.0874196],[79.8795097,7.0874422],[79.8795188,7.0874469],[79.8798498,7.0875225],[79.8802807,7.0876195],[79.8804749,7.087659],[79.8807439,7.0877174],[79.8809086,7.0877507],[79.8809197,7.0877704],[79.8809234,7.0878265],[79.8808902,7.0881237],[79.8808034,7.0891038]]]}},
{"type":"Feature","properties":{"osm_id":"405846765","code":8103,"fclass":"canal","width":0,"name":null},"geometry":{"type":"MultiLineString","coordinates":[[[79.87912,7.0887085],[79.8790889,7.0885418],[79.8790536,7.0884142],[79.8790412,7.0883092],[79.8790723,7.0882433],[79.8791345,7.0881507],[79.8791822,7.0880766],[79.8792382,7.0879634],[79.8792984,7.0878482],[79.8793295,7.0877823],[79.8793544,7.0877432],[79.8793896,7.0876712],[79.8794726,7.0875333],[79.8795188,7.0874469],[79.8796074,7.0872843],[79.8799207,7.0866898]]]}},
{"type":"Feature","properties":{"osm_id":"1209406326","code":8103,"fclass":"canal","width":0,"name":null},"geometry":{"type":"MultiLineString","coordinates":[[[80.0005218,6.536665],[80.0006252,6.5366021]]]}},
{"type":"Feature","properties":{"osm_id":"405641305","code":8103,"fclass":"canal","width":0,"name":null},"geometry":{"type":"MultiLineString","coordinates":[[[79.9058017,7.0771012],[79.9058245,7.077197],[79.9058661,7.0774153],[79.9058875,7.0776482],[79.9059573,7.0779437],[79.9059975,7.0783735],[79.9059948,7.0785452],[79.9059975,7.0789099],[79.9059506,7.0794795],[79.9058808,7.0799839],[79.9058205,7.0805735],[79.905795,7.0808024],[79.9057937,7.0808823],[79.9058258,7.0809861],[79.9058902,7.0812469],[79.9059371,7.0815464],[79.905972,7.0817766],[79.9060055,7.0821173],[79.906023,7.0821872],[79.9060377,7.0822457],[79.9060538,7.0822524],[79.906196,7.0822471],[79.9065031,7.0822524],[79.9066607,7.0822777],[79.9067197,7.082283],[79.9067639,7.0823322],[79.9067706,7.082456],[79.9067036,7.0827382],[79.906658,7.0827608],[79.9065386,7.0828247],[79.9064193,7.0828766],[79.906371,7.0829538],[79.906312,7.0830775],[79.9062047,7.0832798],[79.9061229,7.0834009],[79.9060689,7.0834953],[79.9060145,7.0836269],[79.905969,7.0837194],[79.9059047,7.0838118],[79.9058426,7.0838599],[79.9058261,7.0838841],[79.9057826,7.0839695]]]}},
{"type":"Feature","properties":{"osm_id":"1209406325","code":8103,"fclass":"canal","width":0,"name":null},"geometry":{"type":"MultiLineString","coordinates":[[[80.0006252,6.5366021],[80.0009414,6.5364099],[80.001215,6.536266],[80.0014779,6.5361487],[80.0019982,6.5358929],[80.0021162,6.5358663],[80.0028512,6.5355518]]]}},
{"type":"Feature","properties":{"osm_id":"405278049","code":8103,"fclass":"canal","width":0,"name":null},"geometry":{"type":"MultiLineString","coordinates":[[[79.8907223,7.0891006],[79.8908177,7.0891211],[79.8909745,7.089157],[79.8910885,7.0891794],[79.8912453,7.0892029],[79.8914315,7.0892118],[79.8917237,7.0892298],[79.8920137,7.0892577]]]}},
{"type":"Feature","properties":{"osm_id":"406900018","code":8103,"fclass":"canal","width":0,"name":null},"geometry":{"type":"MultiLineString","coordinates":[[[79.8795082,7.0811941],[79.8799698,7.0812087],[79.8804927,7.081216],[79.8813791,7.0812111],[79.8822384,7.0812014],[79.8829873,7.0811892],[79.8833138,7.0811916],[79.8836109,7.081216],[79.8839718,7.0813086]]]}},
{"type":"Feature","properties":{"osm_id":"404367456","code":8103,"fclass":"canal","width":0,"name":null},"geometry":{"type":"MultiLineString","coordinates":[[[79.8780682,7.1068542],[79.8781039,7.1066912],[79.8781628,7.106505],[79.8781764,7.1061149],[79.8781787,7.1057812],[79.8781992,7.1053527],[79.878231,7.1047754],[79.8782401,7.104453],[79.8782423,7.1040019],[79.8782537,7.1038035],[79.8782605,7.1033908],[79.8782696,7.1032713],[79.8782742,7.103127],[79.8782969,7.1027775],[79.8783014,7.1025429],[79.8783128,7.1023671],[79.8783378,7.1021393],[79.878356,7.1019318],[79.87839,7.1016454],[79.878415,7.1014402],[79.878431,7.1011854],[79.8784378,7.1010231],[79.8784537,7.1008742],[79.8784582,7.1007028],[79.8784787,7.1004773],[79.8784764,7.1002022],[79.8784696,7.0999519],[79.8784809,7.0996813],[79.8785355,7.0992799],[79.8785696,7.098874],[79.8785832,7.0985267],[79.8786014,7.0979968],[79.8786627,7.0975796],[79.8787105,7.0970609],[79.8787309,7.0966257],[79.8787786,7.0961251],[79.8787923,7.0955748],[79.87884,7.095205],[79.8788377,7.0948668],[79.878849,7.0944903]]]}},
{"type":"Feature","properties":{"osm_id":"404181393","code":8103,"fclass":"canal","width":0,"name":"Depa Ela"},"geometry":{"type":"MultiLineString","coordinates":[[[79.883044,7.1115989],[79.8832585,7.1115319],[79.8834194,7.111501],[79.8837854,7.1114114],[79.8841776,7.1113194],[79.884508,7.1112369],[79.8848289,7.1111637],[79.8850214,7.1111307],[79.8852211,7.1110765],[79.8853971,7.1110465],[79.8854114,7.1110182],[79.8854328,7.1109663],[79.8854399,7.1108673],[79.885478,7.110655],[79.8855564,7.1104002],[79.885573,7.1103271],[79.8856539,7.1102634],[79.8857299,7.1102564],[79.8858963,7.1102398],[79.8860627,7.1102233],[79.8861364,7.1102021],[79.8861697,7.1101314],[79.8861744,7.1100559],[79.886153,7.1098743],[79.8861697,7.109728],[79.8862338,7.1095016],[79.8863075,7.1093341],[79.8864192,7.1090676],[79.8864858,7.1089237],[79.8866498,7.1086265],[79.8867354,7.1083034],[79.8869018,7.1078576],[79.8870491,7.1074944],[79.887187,7.1072302],[79.8874865,7.1066028],[79.8876505,7.1062301],[79.8878288,7.1057843],[79.8880522,7.1052913],[79.8881663,7.1050743],[79.88824,7.1048456],[79.8883327,7.1043243],[79.8883897,7.1039516],[79.8884658,7.1035011],[79.888545,7.1031796],[79.8885836,7.1030178],[79.8886357,7.102736],[79.8887181,7.1024091],[79.888824,7.1020505],[79.8888677,7.1019337],[79.8889248,7.1018453],[79.8890055,7.1016285],[79.8891047,7.101375],[79.8891719,7.1011465],[79.8892526,7.1008813],[79.8893047,7.1006778],[79.8893803,7.1003659],[79.8894727,7.1000641],[79.8895248,7.0998256],[79.8896085,7.0995143],[79.8896286,7.0993673],[79.8896149,7.0993283],[79.8896375,7.0992835],[79.8896862,7.0986749],[79.8897028,7.0981466],[79.8897266,7.097538],[79.8897314,7.0971559],[79.8897432,7.0969224],[79.8897385,7.0966842],[79.8897123,7.0962195],[79.889729,7.0956723],[79.8897551,7.0952029],[79.8897834,7.0947457]]]}},
{"type":"Feature","properties":{"osm_id":"404181392","code":8103,"fclass":"canal","width":0,"name":null},"geometry":{"type":"MultiLineString","coordinates":[[[79.8889256,7.0980121],[79.8889945,7.0981136],[79.8890729,7.0981796],[79.8891395,7.098215],[79.8892298,7.0982032],[79.8893273,7.0981466],[79.889401,7.0981112],[79.8894461,7.0981348],[79.889458,7.0982197],[79.8894889,7.0982975],[79.8894913,7.0983282],[79.8894556,7.0983707],[79.889401,7.0984202],[79.8893819,7.0985075],[79.889401,7.098616],[79.8893962,7.0987127],[79.8893487,7.0987551],[79.8893297,7.0987952],[79.8893439,7.0988401],[79.8893582,7.0989037],[79.8893653,7.0989792],[79.8893867,7.0990523],[79.8894105,7.099116],[79.8894437,7.0991656],[79.8894865,7.0992127],[79.8895055,7.0992575],[79.8895127,7.0993],[79.8895436,7.0993189],[79.8896149,7.0993283]]]}},
{"type":"Feature","properties":{"osm_id":"404674416","code":8103,"fclass":"canal","width":0,"name":null},"geometry":{"type":"MultiLineString","coordinates":[[[79.8819608,7.0974184],[79.8819368,7.0976955],[79.8819149,7.0978657],[79.8819229,7.0979172],[79.8819548,7.097939],[79.8820645,7.0979647],[79.8822999,7.0980201],[79.8824914,7.0980399],[79.8825692,7.0980676],[79.8825851,7.0980854],[79.8826091,7.0981191],[79.882615,7.0981547],[79.8825931,7.0982319],[79.8825552,7.098321],[79.8825013,7.0984318],[79.8824535,7.098511],[79.8824216,7.0985625],[79.8823966,7.0986733],[79.8823707,7.0987525],[79.8823418,7.0988722],[79.8822989,7.0989683],[79.882258,7.0990435],[79.882241,7.0990989],[79.882236,7.099183],[79.8822251,7.0993255]]]}},
{"type":"Feature","properties":{"osm_id":"404669994","code":8103,"fclass":"canal","width":0,"name":null},"geometry":{"type":"MultiLineString","coordinates":[[[79.8802976,7.1080418],[79.8802931,7.1079408],[79.880315,7.1079151],[79.880313,7.1078854],[79.8802911,7.1078518],[79.8802827,7.1078062],[79.8802967,7.1077726],[79.8803316,7.1077419],[79.8803785,7.1076984],[79.8804064,7.1076459],[79.8804273,7.1075915],[79.8804195,7.107471],[79.8803786,7.1073731],[79.8803657,7.1072889],[79.8803766,7.1071771],[79.8804085,7.1071049],[79.8804405,7.1070395],[79.8804933,7.106996],[79.8805233,7.1069972],[79.8805699,7.1069992],[79.8806636,7.1070269],[79.8807803,7.1070882],[79.8809,7.1071813],[79.8810276,7.1073386],[79.8811194,7.1074831],[79.8811543,7.1075336]]]}},
{"type":"Feature","properties":{"osm_id":"404669993","code":8103,"fclass":"canal","width":0,"name":null},"geometry":{"type":"MultiLineString","coordinates":[[[79.8805233,7.1069972],[79.880569,7.1068946],[79.8805889,7.1068352],[79.8805749,7.1067936],[79.880541,7.1067679],[79.8804852,7.1067442],[79.8804213,7.1067422],[79.8803456,7.1067501],[79.8802678,7.106758],[79.88019,7.1067541],[79.8800902,7.1067382],[79.8799905,7.1067145],[79.8798529,7.1066551],[79.8797531,7.1066135],[79.8797172,7.10657],[79.8797132,7.1065284],[79.8797013,7.1064908],[79.8796813,7.1064611],[79.8796295,7.1064393],[79.8794699,7.1063978],[79.8793402,7.106374]]]}},
{"type":"Feature","properties":{"osm_id":"404669992","code":8103,"fclass":"canal","width":0,"name":null},"geometry":{"type":"MultiLineString","coordinates":[[[79.8811928,7.1091302],[79.8810911,7.109458],[79.8810538,7.1096693],[79.8809452,7.1098009],[79.8807802,7.1099772],[79.8805785,7.1100948],[79.8803725,7.1103005],[79.8802414,7.1105133],[79.8801158,7.1106938],[79.8799847,7.1108268],[79.8798168,7.1109738],[79.8796955,7.1111529],[79.879632,7.1112453],[79.8795841,7.1112971],[79.8795559,7.1113517],[79.8795023,7.111409],[79.8794628,7.1114916],[79.8793894,7.1116526],[79.8793542,7.1117156],[79.879232,7.1119028],[79.8791437,7.1120932],[79.8789762,7.1122548],[79.8788682,7.1124225],[79.8785896,7.1127382],[79.878413,7.1128832],[79.8781252,7.1129784],[79.8780369,7.1129542],[79.8777127,7.1126098],[79.8775026,7.1123968],[79.8772118,7.1121944],[79.8769195,7.1120539],[79.8765359,7.1117668],[79.8762579,7.1114937],[79.8759376,7.1112985],[79.8757336,7.1112351],[79.8754961,7.1113076],[79.8753378,7.1115206],[79.8752068,7.11164],[79.8750071,7.1117087]]]}},
{"type":"Feature","properties":{"osm_id":"418901386","code":8103,"fclass":"canal","width":0,"name":null},"geometry":{"type":"MultiLineString","coordinates":[[[79.9222697,7.1223053],[79.922261,7.122443],[79.9222639,7.1226144],[79.9222462,7.1228062],[79.9222078,7.1230098],[79.9221414,7.1232031],[79.9220632,7.1234536],[79.9220499,7.1235151],[79.9220543,7.1235883],[79.9220248,7.1236835],[79.9219363,7.1238973],[79.9219147,7.1239517]]]}},
{"type":"Feature","properties":{"osm_id":"418887888","code":8103,"fclass":"canal","width":0,"name":null},"geometry":{"type":"MultiLineString","coordinates":[[[79.9190331,7.1295241],[79.9190391,7.1293443],[79.9190636,7.1293063],[79.9190672,7.1292829],[79.9190658,7.1292631],[79.9190732,7.1292455],[79.9190894,7.1292419],[79.9191019,7.1292485],[79.9191248,7.1292485],[79.9191558,7.1292345],[79.9191794,7.1292096],[79.9192052,7.1291972],[79.9192296,7.1291943],[79.9192481,7.129206],[79.9192857,7.1292287],[79.9193189,7.1292316],[79.9193366,7.129217],[79.9193506,7.1291987],[79.919361,7.1291599],[79.919375,7.129124],[79.9194038,7.1291064],[79.9194768,7.1290892],[79.9195285,7.1290687],[79.9195447,7.1290321],[79.9195388,7.1289823],[79.9195196,7.1289442],[79.9195093,7.1289135],[79.9195063,7.1288725],[79.9195462,7.1288271],[79.9195846,7.1288344],[79.9196436,7.1289003],[79.9196953,7.1289354],[79.9197617,7.1289618],[79.9198045,7.1289735],[79.9198753,7.1289515],[79.9199314,7.1289603]]]}},
{"type":"Feature","properties":{"osm_id":"416065330","code":8103,"fclass":"canal","width":0,"name":null},"geometry":{"type":"MultiLineString","coordinates":[[[79.8719851,7.1205196],[79.8728913,7.1205337],[79.8733337,7.1205337],[79.8736265,7.1203425],[79.8738218,7.1203997],[79.8741209,7.1204895],[79.8742557,7.120509],[79.8746425,7.1204756],[79.8754196,7.1203988],[79.8757358,7.1203654],[79.8760419,7.1203487]]]}},
{"type":"Feature","properties":{"osm_id":"418923520","code":8103,"fclass":"canal","width":0,"name":"Geekiyanage Othe Ela"},"geometry":{"type":"MultiLineString","coordinates":[[[79.9102114,7.1344907],[79.9102692,7.1344969],[79.9104023,7.1342902],[79.9106117,7.1337769],[79.9108027,7.133205],[79.910974,7.1326905],[79.9109914,7.1326089],[79.9110099,7.1325021],[79.9109821,7.1324539],[79.9109705,7.1324114],[79.9109914,7.1323552],[79.9110758,7.1322219],[79.9110932,7.1321094],[79.9111013,7.1320462],[79.911136,7.1319486],[79.911165,7.1318832],[79.9111499,7.1318223],[79.9111025,7.1317304],[79.9110504,7.1316673],[79.9110643,7.1315719],[79.9110978,7.1314548],[79.9111079,7.1313505],[79.9110859,7.1312437],[79.91107,7.1311903],[79.9110651,7.1311369],[79.9110602,7.1311077],[79.911037,7.131098],[79.9110149,7.1311041],[79.9109342,7.1311187],[79.9108987,7.1311162],[79.9108632,7.1310774],[79.9107629,7.130899],[79.910681,7.1306744],[79.9106883,7.1305858],[79.9107783,7.1305789],[79.9108257,7.1305822],[79.9108732,7.1305708],[79.9109108,7.1305188],[79.910955,7.1304003],[79.9110401,7.1302898],[79.9112316,7.1301794],[79.9114103,7.1299977]]]}},
{"type":"Feature","properties":{"osm_id":"418921146","code":8103,"fclass":"canal","width":0,"name":null},"geometry":{"type":"MultiLineString","coordinates":[[[79.9078247,7.128689],[79.9078775,7.1287422],[79.907931,7.1287712],[79.9080487,7.1288131],[79.9081299,7.1288284],[79.9082639,7.1288679],[79.9083434,7.1288824],[79.9084132,7.128892],[79.9085082,7.1289112],[79.9085821,7.1289293],[79.9086198,7.1289515],[79.9086413,7.1289676],[79.9086604,7.1289744],[79.9086925,7.128976],[79.9087326,7.1289901],[79.9087822,7.1290131],[79.9088784,7.1290671],[79.9089539,7.1291118],[79.9090645,7.1291883],[79.9093551,7.1293119],[79.9094623,7.1293617],[79.9095212,7.1293977],[79.9095212,7.1294252],[79.9094866,7.129499],[79.9094814,7.1295488],[79.9094831,7.1296106],[79.9094675,7.1296724],[79.909452,7.1297033],[79.9094537,7.129729],[79.9094779,7.1297462],[79.9095142,7.1297479],[79.9096163,7.1297668],[79.9097582,7.1297771],[79.9098516,7.1297805],[79.9098914,7.1298011],[79.909945,7.1298063],[79.9100903,7.12982],[79.9102616,7.1298166],[79.9103844,7.1298097],[79.9105297,7.129808],[79.9106906,7.1298269],[79.9107615,7.1298423],[79.9108204,7.1298698],[79.9108601,7.1298973],[79.9108826,7.1299161],[79.9109345,7.1299505],[79.9109761,7.1299573],[79.9110435,7.1299573],[79.911085,7.1299676],[79.9111196,7.1299745],[79.9111612,7.1299779],[79.9112079,7.1299728],[79.9112511,7.1299728],[79.9112978,7.1299728],[79.9113757,7.1299917],[79.9114103,7.1299977],[79.911495,7.1300123],[79.9116109,7.1300277],[79.9117649,7.1300311],[79.9119033,7.1300517],[79.9119985,7.1300861],[79.91204,7.130105],[79.9120936,7.1301221],[79.9121974,7.1301118],[79.9122631,7.1301084],[79.9123375,7.130105],[79.9123704,7.1300947],[79.9125659,7.130014],[79.9126506,7.1299814],[79.9129344,7.1298784],[79.913116,7.1298149],[79.9135347,7.1296655],[79.9138184,7.1295539],[79.9140813,7.1294527],[79.9141678,7.1294338],[79.9142413,7.1294321],[79.9143348,7.1294381],[79.9144221,7.1294415],[79.9144792,7.1294673],[79.9145173,7.1295325],[79.9145424,7.1295943],[79.9145588,7.1296389],[79.9145891,7.1296647],[79.9147223,7.1296741],[79.9151331,7.1296981],[79.9155468,7.1297264],[79.9156936,7.1297459],[79.9157891,7.1298114],[79.9158943,7.1298939],[79.91609,7.1300299],[79.9162019,7.1301091],[79.9162263,7.1301358],[79.9162361,7.1301735],[79.9162263,7.130273],[79.9162153,7.1303531],[79.9162117,7.1304635],[79.916219,7.1306213],[79.9162618,7.1307876],[79.9163218,7.1309333],[79.9163768,7.1310959],[79.9164184,7.1312088],[79.9164539,7.1313484],[79.9164575,7.131488],[79.9164331,7.1316628],[79.9163976,7.131772],[79.9162912,7.131982],[79.9162643,7.1320718],[79.916241,7.1321823],[79.916219,7.1322551],[79.9161407,7.1324505],[79.9160734,7.1326108],[79.9159144,7.132947],[79.9158386,7.1330744],[79.9156514,7.1332978],[79.9154459,7.1336206],[79.915112,7.1340649],[79.9148893,7.1344011],[79.914824,7.1345103],[79.9147857,7.1345629],[79.9147755,7.1345954],[79.9147394,7.1346907],[79.9146728,7.1348497],[79.9145576,7.1351063],[79.9144311,7.1353527]]]}},
{"type":"Feature","properties":{"osm_id":"418911797","code":8103,"fclass":"canal","width":0,"name":null},"geometry":{"type":"MultiLineString","coordinates":[[[79.917198,7.1221912],[79.9172026,7.1220282],[79.9172094,7.1219716],[79.917198,7.1219467],[79.9171455,7.1219014],[79.9170725,7.1218244],[79.9170405,7.1217609],[79.916972,7.1216907],[79.9169218,7.1216522],[79.9168488,7.1215662],[79.9168123,7.1215367]]]}},
{"type":"Feature","properties":{"osm_id":"413239795","code":8103,"fclass":"canal","width":0,"name":null},"geometry":{"type":"MultiLineString","coordinates":[[[79.9658012,7.0582846],[79.9658249,7.0583023],[79.9658527,7.0583328],[79.9659071,7.0584026],[79.9659368,7.0584655],[79.9659675,7.0585706],[79.9659824,7.058604],[79.9660052,7.0586316],[79.966023,7.0586434],[79.9660567,7.058661],[79.9660785,7.0586787],[79.9661408,7.0587102],[79.9661854,7.0587446],[79.9662201,7.0587839],[79.9662537,7.0588203],[79.9663122,7.0588674]]]}},
{"type":"Feature","properties":{"osm_id":"411904792","code":8103,"fclass":"canal","width":0,"name":null},"geometry":{"type":"MultiLineString","coordinates":[[[79.9152624,7.1913551],[79.9153108,7.1913145],[79.9155374,7.191212],[79.9155897,7.1911329],[79.9157077,7.1911794],[79.9157808,7.1910171],[79.9160021,7.1903478],[79.9160906,7.1902361],[79.9162261,7.1897171],[79.9164259,7.1893659],[79.9164943,7.1892954],[79.9166123,7.189286]]]}},
{"type":"Feature","properties":{"osm_id":"411277707","code":8103,"fclass":"canal","width":0,"name":null},"geometry":{"type":"MultiLineString","coordinates":[[[79.9255007,7.1989318],[79.9254082,7.1988493],[79.9251105,7.1986737],[79.9251024,7.1986497],[79.9251829,7.1984887],[79.925199,7.1983849],[79.9250756,7.1979219],[79.9250448,7.1978674],[79.9248825,7.1977955],[79.9244909,7.1975188],[79.9238834,7.1972034],[79.9236715,7.1970704],[79.923654,7.1970331],[79.9237828,7.1967524],[79.9234589,7.1965811],[79.9234157,7.1965435],[79.9233412,7.1964048]]]}},
{"type":"Feature","properties":{"osm_id":"406906560","code":8103,"fclass":"canal","width":0,"name":null},"geometry":{"type":"MultiLineString","coordinates":[[[79.8780165,7.0767925],[79.8779475,7.0769745],[79.8779293,7.0771344],[79.8779287,7.0774496],[79.8779555,7.0777504],[79.8779823,7.0779766],[79.8780346,7.0784265],[79.8781124,7.0790027],[79.8781607,7.07976],[79.8782304,7.0804627],[79.8782734,7.0812759],[79.8782771,7.0816479],[79.8782875,7.0821724],[79.8783563,7.0829545],[79.8783931,7.0834248],[79.878425,7.0837854],[79.8784987,7.0843799],[79.8785625,7.0849939],[79.8786386,7.0856688],[79.8786902,7.0862219],[79.8787614,7.087043],[79.8788498,7.0878129],[79.8789234,7.0887169],[79.8789725,7.0894015],[79.8789873,7.0895818]]]}},
{"type":"Feature","properties":{"osm_id":"415686464","code":8103,"fclass":"canal","width":0,"name":null},"geometry":{"type":"MultiLineString","coordinates":[[[80.0094689,7.0827778],[80.009603,7.0828071],[80.0097264,7.0828577],[80.0098471,7.0829109],[80.0099544,7.0829428],[80.0100348,7.0829482]]]}},
{"type":"Feature","properties":{"osm_id":"413775574","code":8103,"fclass":"canal","width":0,"name":null},"geometry":{"type":"MultiLineString","coordinates":[[[79.9037566,7.125755],[79.9035942,7.1260075],[79.9035267,7.1261114],[79.9034824,7.1262315],[79.9033428,7.1263932],[79.9033009,7.1264925],[79.9033195,7.1265525],[79.9034522,7.1265595],[79.9035546,7.1265964],[79.9036454,7.1266357],[79.9037594,7.1266749],[79.90382,7.1266888],[79.9038828,7.1267419],[79.903952,7.1267834],[79.9039915,7.1267932],[79.9040771,7.1267916],[79.9041578,7.126803],[79.9042689,7.1269053],[79.9043665,7.1269283],[79.9046233,7.1270639],[79.904742,7.1271068],[79.904877,7.1271917],[79.9049708,7.1272488],[79.9050857,7.1273303],[79.9051159,7.1274135],[79.9051415,7.1274689],[79.9053324,7.1275798],[79.9056257,7.127753],[79.9058698,7.1279249],[79.9060592,7.1280396],[79.9063148,7.1282071],[79.9063546,7.1282544],[79.9067187,7.1284359]]]}},
{"type":"Feature","properties":{"osm_id":"413272485","code":8103,"fclass":"canal","width":0,"name":null},"geometry":{"type":"MultiLineString","coordinates":[[[79.9182943,7.1872944],[79.9183928,7.1872745],[79.9184726,7.1872099]]]}},
{"type":"Feature","properties":{"osm_id":"413239796","code":8103,"fclass":"canal","width":0,"name":null},"geometry":{"type":"MultiLineString","coordinates":[[[79.9660413,7.0580854],[79.9659244,7.0579367],[79.965861,7.057861],[79.9657946,7.0577854],[79.9657243,7.0577048],[79.9656818,7.0576664],[79.965652,7.0576242],[79.9656332,7.0576006],[79.9656105,7.05758],[79.9655748,7.0575564],[79.9655283,7.0575259],[79.9654827,7.0574974],[79.9654589,7.0574797],[79.9654193,7.0574532],[79.9653837,7.0574217],[79.9653441,7.0573893],[79.9653163,7.057349],[79.9652916,7.0573136],[79.9652569,7.0572694],[79.9652183,7.0572203],[79.9651973,7.0571967],[79.9651765,7.057175],[79.9651512,7.0571588],[79.9651176,7.0571397],[79.9650586,7.0571117],[79.9650067,7.0570851],[79.9649859,7.0570753],[79.9649492,7.0570645],[79.964923,7.0570527],[79.9648967,7.0570497],[79.9648819,7.0570414],[79.964865,7.0570301],[79.9648433,7.0570139],[79.9648185,7.0569834],[79.9648007,7.0569574],[79.9647814,7.056923],[79.9647571,7.0568832],[79.9647328,7.0568389],[79.96472,7.0568217],[79.9646997,7.056777],[79.9646878,7.0567431],[79.964664,7.0567102],[79.9646358,7.0566605]]]}},
{"type":"Feature","properties":{"osm_id":"421265921","code":8103,"fclass":"canal","width":0,"name":"Kahata Ela"},"geometry":{"type":"MultiLineString","coordinates":[[[79.9158205,7.1459021],[79.9159185,7.1461112],[79.9160853,7.146228],[79.9162624,7.1463184],[79.916375,7.1464355],[79.9164877,7.1466218],[79.9167076,7.1468294],[79.9169061,7.1468773],[79.9170617,7.1469146],[79.9172011,7.1469412],[79.917287,7.1469678],[79.9173567,7.1470104],[79.9175015,7.1468773],[79.9176732,7.1467762],[79.91792,7.1465473],[79.9180004,7.1463397],[79.9181332,7.1461157],[79.91813,7.1459285],[79.9181024,7.1456691],[79.9180372,7.1456568]]]}},
{"type":"Feature","properties":{"osm_id":"421265920","code":8103,"fclass":"canal","width":0,"name":null},"geometry":{"type":"MultiLineString","coordinates":[[[79.9293155,7.1422685],[79.9288823,7.1423333],[79.9282278,7.1424504],[79.9275734,7.1425995],[79.9272193,7.1425995],[79.9267794,7.1426208],[79.9257816,7.1427804],[79.925449,7.1427804],[79.9249877,7.1428124],[79.924462,7.1428869],[79.9238826,7.1429614],[79.923432,7.1429934],[79.9229814,7.1430998],[79.9225952,7.1431637],[79.9217476,7.143334],[79.9213828,7.1433659],[79.9209107,7.1434405],[79.9206533,7.143483],[79.920267,7.143483],[79.9199773,7.1435789],[79.9196555,7.1436214],[79.9194756,7.1440403],[79.9193844,7.1441468],[79.9192933,7.1442958],[79.9192128,7.1444129],[79.9191699,7.1445832],[79.9191162,7.1447642],[79.9190948,7.144844],[79.9189928,7.1448547],[79.9187354,7.1448547],[79.9185369,7.1448494],[79.9184296,7.1448494],[79.9183795,7.1448804],[79.9183438,7.1449026],[79.9182257,7.145025],[79.918126,7.1451742],[79.9180653,7.1452822],[79.9180207,7.1454238]]]}},
{"type":"Feature","properties":{"osm_id":"418934968","code":8103,"fclass":"canal","width":0,"name":null},"geometry":{"type":"MultiLineString","coordinates":[[[79.9168796,7.1297023],[79.9169259,7.1298458],[79.9169925,7.1300947],[79.9170409,7.1302483],[79.9171663,7.1306526],[79.9172096,7.1308225],[79.9172788,7.1310568],[79.9173038,7.1311598],[79.9173679,7.1313898],[79.9173973,7.131492],[79.917436,7.1316239],[79.9174543,7.1316828],[79.9174672,7.1317416],[79.917469,7.131772],[79.9174647,7.1318054],[79.9174482,7.1318679],[79.917417,7.131954],[79.9174103,7.1319941],[79.9173932,7.1320803],[79.917354,7.1322211],[79.9173155,7.1323631],[79.9172684,7.1325191],[79.9172458,7.1326034],[79.9172085,7.1327266],[79.9171791,7.1328213],[79.9171387,7.1329852],[79.9171075,7.1331448],[79.917099,7.1332801],[79.917088,7.1334543],[79.9170776,7.1336679],[79.917071,7.1337282]]]}},
{"type":"Feature","properties":{"osm_id":"418934967","code":8103,"fclass":"canal","width":0,"name":null},"geometry":{"type":"MultiLineString","coordinates":[[[79.9162263,7.1301358],[79.9164264,7.1300138],[79.9165989,7.1298815],[79.9166968,7.1298038],[79.9168044,7.1297504],[79.9168796,7.1297023],[79.9169757,7.1295696],[79.9170221,7.12947],[79.917065,7.1293207],[79.9171212,7.1291484],[79.9171897,7.1290051],[79.9172573,7.1289224],[79.9173524,7.1289356]]]}},
{"type":"Feature","properties":{"osm_id":"420437476","code":8103,"fclass":"canal","width":0,"name":null},"geometry":{"type":"MultiLineString","coordinates":[[[79.9067187,7.1284359],[79.9067707,7.128481],[79.9068161,7.1285325],[79.906847,7.1286002],[79.9068632,7.1286179],[79.9071424,7.1285632],[79.9072204,7.1285615],[79.9072772,7.1285664],[79.9073162,7.1286067],[79.9073697,7.1286518],[79.9074298,7.128692],[79.9074655,7.1287114],[79.9074899,7.128742],[79.9075289,7.1287742],[79.9075613,7.1287613],[79.9075743,7.1287049],[79.9075824,7.1286888],[79.9076035,7.1286437],[79.9076311,7.1286131],[79.907662,7.1286131],[79.9076928,7.1286228],[79.9077513,7.1286566],[79.9078247,7.128689]]]}},
{"type":"Feature","properties":{"osm_id":"421753531","code":8103,"fclass":"canal","width":0,"name":null},"geometry":{"type":"MultiLineString","coordinates":[[[79.8804569,7.0541493],[79.880683,7.0534855],[79.8810881,7.0522607],[79.8817311,7.0504612],[79.8821306,7.0495645]]]}},
{"type":"Feature","properties":{"osm_id":"421753530","code":8103,"fclass":"canal","width":0,"name":null},"geometry":{"type":"MultiLineString","coordinates":[[[79.9022302,7.0569382],[79.9024603,7.056799],[79.9030665,7.0564354],[79.903866,7.0559538]]]}},
{"type":"Feature","properties":{"osm_id":"421744490","code":8103,"fclass":"canal","width":0,"name":null},"geometry":{"type":"MultiLineString","coordinates":[[[79.8823377,7.0496228],[79.8825966,7.0497131],[79.8828031,7.0499093],[79.8830341,7.0501507],[79.8831513,7.0504042],[79.883279,7.0506248],[79.8834558,7.0509009],[79.883706,7.051052],[79.8839912,7.0510311],[79.8843516,7.0509443],[79.8844496,7.0509426],[79.8845144,7.0510172],[79.8846614,7.0513107],[79.8848188,7.0515451],[79.8849711,7.0519029],[79.8850235,7.0522067],[79.8850445,7.05233],[79.885125,7.0523769],[79.8852843,7.0523873],[79.885615,7.0523578],[79.8858529,7.0522588],[79.8862641,7.0522536],[79.8866106,7.0522519],[79.8869028,7.052172],[79.8871932,7.0521112],[79.8872842,7.052139],[79.8873245,7.0522224],[79.8873525,7.0526287],[79.8873682,7.0532087],[79.8873892,7.0538095],[79.887426,7.0542897]]]}},
{"type":"Feature","properties":{"osm_id":"421265922","code":8103,"fclass":"canal","width":0,"name":null},"geometry":{"type":"MultiLineString","coordinates":[[[79.914682,7.145655],[79.9146369,7.1459086],[79.9145672,7.1460257],[79.9145618,7.1461694]]]}},
{"type":"Feature","properties":{"osm_id":"421744487","code":8103,"fclass":"canal","width":0,"name":null},"geometry":{"type":"MultiLineString","coordinates":[[[79.8926174,7.0529492],[79.8925133,7.0529283],[79.8924643,7.0529171],[79.8924092,7.0529171],[79.8923488,7.0528901],[79.8923025,7.0528763],[79.8922508,7.0528337],[79.8921616,7.0527703],[79.8920837,7.0527434],[79.8919088,7.0526818],[79.8917417,7.0525897],[79.8915317,7.0524864],[79.8912692,7.0523753],[79.8912928,7.0521756]]]}},
{"type":"Feature","properties":{"osm_id":"421744485","code":8103,"fclass":"canal","width":0,"name":null},"geometry":{"type":"MultiLineString","coordinates":[[[79.8912692,7.0523753],[79.8911378,7.0523931],[79.8909837,7.0524017],[79.8906569,7.0524433],[79.8904706,7.0524642],[79.8903315,7.0524798],[79.8901171,7.0525432],[79.8898625,7.0525944],[79.8895511,7.0527203],[79.8893122,7.0528245]]]}},
{"type":"Feature","properties":{"osm_id":"385071602","code":8103,"fclass":"canal","width":0,"name":null},"geometry":{"type":"MultiLineString","coordinates":[[[79.9645539,7.0624091],[79.9645834,7.0624646],[79.9645966,7.0626097],[79.9646163,7.0627288],[79.964659,7.0627858],[79.9647691,7.0628494],[79.9649104,7.062944],[79.9649868,7.0629905],[79.96506,7.0629954],[79.9652374,7.0630565],[79.9652851,7.0630818],[79.9653607,7.063112],[79.9654847,7.0631601],[79.965603,7.0632221],[79.9656482,7.0632471],[79.9656925,7.0632814],[79.9657418,7.0633018],[79.9657911,7.0633311],[79.9658741,7.0633605],[79.9659579,7.0633955],[79.9660524,7.0634265],[79.9661255,7.0634355],[79.9662118,7.0634542],[79.9662939,7.0634689],[79.966363,7.0634934],[79.9664459,7.0635561],[79.9665273,7.0636124],[79.9665889,7.0636638],[79.966667,7.06372],[79.9667442,7.0637844],[79.9668099,7.0638334],[79.9669101,7.0638358],[79.9669759,7.0638644],[79.9670186,7.0638896],[79.9670778,7.0639524],[79.967086,7.0640021],[79.9671197,7.0640861],[79.9671313,7.0641504],[79.9671493,7.0641999],[79.967176,7.0642432],[79.9672393,7.0643124],[79.9672887,7.0643591],[79.9673544,7.0644023],[79.9674357,7.064445],[79.9674787,7.0645142],[79.9675137,7.0645726],[79.9675712,7.0646167],[79.9676525,7.0646517],[79.9677281,7.0647145],[79.9677831,7.0647431],[79.9678456,7.0647716],[79.9679064,7.0648148],[79.9679918,7.0648947],[79.9680419,7.0649575],[79.9680612,7.0649774],[79.9681044,7.0650219],[79.9681874,7.0651401],[79.9682306,7.0652105],[79.9682996,7.06531],[79.9683407,7.0654013],[79.9683884,7.0655252],[79.9683785,7.0656296],[79.9683259,7.0657258],[79.9682996,7.0658351],[79.9682734,7.0658595],[79.9683079,7.0659378],[79.9683128,7.0659916],[79.9683218,7.0660805],[79.9683506,7.0661694],[79.9683999,7.0662753],[79.9684484,7.0663683],[79.9684779,7.0664262],[79.9685338,7.0665689],[79.9685814,7.0666879],[79.9686003,7.0667368],[79.9686135,7.0668632],[79.9686234,7.0669814],[79.9686315,7.0670295],[79.9686605,7.0670745],[79.9686268,7.0671252],[79.9685722,7.0671725],[79.9685337,7.0672615],[79.9684942,7.0673854],[79.9684285,7.0675452],[79.9683924,7.0676822],[79.9684038,7.0677357]]]}},
{"type":"Feature","properties":{"osm_id":"385071601","code":8103,"fclass":"canal","width":0,"name":null},"geometry":{"type":"MultiLineString","coordinates":[[[79.9680612,7.0649774],[79.9680992,7.0649202],[79.9681583,7.064811],[79.9681928,7.0646691],[79.9682372,7.0645566],[79.9682383,7.0645044]]]}},
{"type":"Feature","properties":{"osm_id":"385796452","code":8103,"fclass":"canal","width":0,"name":"Concrete Ela"},"geometry":{"type":"MultiLineString","coordinates":[[[80.0351023,7.1063466],[80.0351192,7.106216],[80.0351231,7.106201],[80.0351078,7.1061382],[80.035095,7.1060652],[80.0350869,7.1059979],[80.0350977,7.1059455],[80.0351194,7.1058567],[80.0351329,7.1058029],[80.0351546,7.1057021],[80.0351709,7.1055905],[80.0352048,7.1054439],[80.0352305,7.1052879],[80.0352563,7.1051655],[80.0352996,7.1049813],[80.0353321,7.1048132],[80.0353836,7.1045752],[80.035408,7.1044595],[80.0354541,7.1042632],[80.035488,7.1039713],[80.0355097,7.1037629],[80.035507,7.10374],[80.0355259,7.1036795],[80.0356208,7.1035881],[80.0357482,7.1034751],[80.0359569,7.1032869],[80.0361263,7.1031389],[80.0363282,7.1029614],[80.0363838,7.1029063],[80.0364407,7.1028633],[80.0364949,7.1028135],[80.0365464,7.1027691],[80.0366087,7.1027086],[80.0366927,7.1026387],[80.036789,7.1025472],[80.0369231,7.1024383],[80.0369638,7.1023724],[80.0369707,7.1023229]]]}},
{"type":"Feature","properties":{"osm_id":"385357565","code":8103,"fclass":"canal","width":0,"name":null},"geometry":{"type":"MultiLineString","coordinates":[[[80.0449674,7.0916074],[80.0450103,7.0915529],[80.045092,7.0914607],[80.0451423,7.0914056],[80.0452092,7.0913401],[80.0452865,7.0912737],[80.0453637,7.091197],[80.0454193,7.0911453],[80.0454636,7.0910893],[80.0455035,7.0910445],[80.045553,7.0910023],[80.0455713,7.0909842],[80.045606,7.090954],[80.0456373,7.0909023],[80.0456512,7.0908774],[80.0457059,7.0908369],[80.0457623,7.0908231],[80.0457823,7.090805],[80.0458491,7.0908136],[80.0459212,7.0908369],[80.045975,7.0908782],[80.0460489,7.0909032],[80.0461114,7.0909394],[80.0461887,7.0909687],[80.0462798,7.0909989],[80.0464005,7.0910419]]]}},
{"type":"Feature","properties":{"osm_id":"385357564","code":8103,"fclass":"canal","width":0,"name":null},"geometry":{"type":"MultiLineString","coordinates":[[[80.0457823,7.090805],[80.0457757,7.0907848],[80.0457683,7.0907708],[80.0457533,7.0907525],[80.0457545,7.0907123],[80.045749,7.09067],[80.0457373,7.0906145],[80.0457315,7.0905899],[80.0457253,7.0905469],[80.0457265,7.0904592],[80.0457186,7.0904236]]]}},
{"type":"Feature","properties":{"osm_id":"384786130","code":8103,"fclass":"canal","width":0,"name":null},"geometry":{"type":"MultiLineString","coordinates":[[[80.0364591,7.0933853],[80.0364677,7.0934126],[80.0364821,7.093458],[80.0365015,7.0935148],[80.0365139,7.0935602],[80.0365406,7.0936588],[80.0365547,7.0936952],[80.0365444,7.0937238]]]}},
{"type":"Feature","properties":{"osm_id":"384961814","code":8103,"fclass":"canal","width":0,"name":null},"geometry":{"type":"MultiLineString","coordinates":[[[80.0357817,7.0950921],[80.0357449,7.0950525],[80.0356991,7.0949927],[80.0355701,7.0949498],[80.0355005,7.0949405],[80.0354351,7.0949254],[80.0353223,7.0949868]]]}},
{"type":"Feature","properties":{"osm_id":"384961813","code":8103,"fclass":"canal","width":0,"name":null},"geometry":{"type":"MultiLineString","coordinates":[[[80.0353771,7.0953154],[80.0354528,7.0952684],[80.0355368,7.0952303],[80.0357193,7.0951803],[80.0357817,7.0950921],[80.0359377,7.0949778],[80.0360181,7.0949171],[80.0360325,7.0948301],[80.0362846,7.0947193],[80.0364118,7.0946622],[80.0365979,7.0945788],[80.0367083,7.0945383],[80.0368739,7.094499],[80.0369387,7.0944835],[80.0369627,7.0944644]]]}},
{"type":"Feature","properties":{"osm_id":"384803184","code":8103,"fclass":"canal","width":0,"name":null},"geometry":{"type":"MultiLineString","coordinates":[[[80.0443493,7.091829],[80.044422,7.0918082],[80.044437,7.0917189],[80.044452,7.0916594],[80.044572,7.0916445],[80.0446503,7.0916594],[80.044727,7.0916164],[80.0447787,7.0915188],[80.0448053,7.0915155],[80.0448224,7.0915331],[80.0448224,7.091574],[80.0448401,7.0916138],[80.0448902,7.0916284],[80.0449243,7.0916302],[80.0449674,7.0916074],[80.045001,7.0916325],[80.0450976,7.0916618],[80.0451901,7.0917974],[80.0452697,7.0919719],[80.0453887,7.0919639]]]}},
{"type":"Feature","properties":{"osm_id":"389839755","code":8103,"fclass":"canal","width":0,"name":null},"geometry":{"type":"MultiLineString","coordinates":[[[79.9526119,7.0663794],[79.952676,7.0663476],[79.9527201,7.0663229],[79.9527697,7.0662975],[79.9528298,7.0662712],[79.9528827,7.0662474],[79.952932,7.066223],[79.9529833,7.0661769],[79.9530313,7.0661498],[79.9530698,7.0661133],[79.9531114,7.0660751],[79.9531451,7.0660449],[79.9531884,7.0660306],[79.953246,7.0660083],[79.9533005,7.0659877],[79.9533366,7.0659796],[79.9533615,7.0659689],[79.9533819,7.0659487],[79.9534176,7.0659335],[79.9534522,7.0659262],[79.9534952,7.0659116],[79.9535434,7.0658992],[79.9536227,7.0658818],[79.9536607,7.0658728],[79.9536924,7.0658638],[79.95374,7.0658441],[79.9538255,7.065816],[79.9538788,7.0657958],[79.9539496,7.0657688],[79.9539932,7.0657553],[79.9540379,7.0657457],[79.9540776,7.0657322],[79.9542079,7.0656974],[79.9543153,7.0656607],[79.9544286,7.065627],[79.9544829,7.0656068],[79.9545623,7.0655832],[79.9545747,7.0655753],[79.9545668,7.0655449],[79.9545475,7.0655078],[79.9545237,7.0654561],[79.9545056,7.0654033],[79.9545135,7.0653864],[79.9545543,7.0653695],[79.9546484,7.0653313],[79.9547515,7.0652784],[79.9548727,7.0652368],[79.9549599,7.0652054],[79.9550426,7.0651739],[79.9551242,7.0651536],[79.9551819,7.0651505],[79.9552231,7.0651526],[79.9552824,7.0651399],[79.9553657,7.0651097],[79.9554827,7.065054],[79.9556012,7.0650079],[79.9556846,7.0649888],[79.9557839,7.0649459],[79.9559057,7.064868],[79.9560659,7.0647948],[79.9562566,7.0646787],[79.9565418,7.0645054],[79.9568398,7.0643369]]]}},
{"type":"Feature","properties":{"osm_id":"389831952","code":8103,"fclass":"canal","width":0,"name":null},"geometry":{"type":"MultiLineString","coordinates":[[[79.9485027,7.0738199],[79.948745,7.0737402],[79.9492878,7.0735089]]]}},
{"type":"Feature","properties":{"osm_id":"388839813","code":8103,"fclass":"canal","width":0,"name":null},"geometry":{"type":"MultiLineString","coordinates":[[[79.9715208,7.0505779],[79.971532,7.0505525],[79.97154,7.0505192],[79.9715512,7.0504715],[79.9715507,7.050457],[79.9715461,7.0504401],[79.9715456,7.0504182],[79.9715518,7.0503902],[79.9715671,7.0503599],[79.9715784,7.050324],[79.9715852,7.0502763],[79.9715936,7.0502364],[79.9716055,7.0502173],[79.9716168,7.0501865],[79.9716264,7.0501612],[79.9716315,7.0501276],[79.9716406,7.0501006],[79.9716671,7.0500737],[79.971696,7.0500395],[79.9717186,7.0499845],[79.9717378,7.0499384],[79.9717469,7.049907],[79.971748,7.0498694],[79.9717554,7.0498066],[79.9717695,7.0497286],[79.9717757,7.0497005],[79.9717791,7.0496831],[79.9717831,7.0496539],[79.9717352,7.0496313],[79.9716648,7.0496075],[79.971572,7.0495488],[79.9715033,7.0494964],[79.9714105,7.0494266]]]}},
{"type":"Feature","properties":{"osm_id":"388190167","code":8103,"fclass":"canal","width":0,"name":null},"geometry":{"type":"MultiLineString","coordinates":[[[79.9730016,7.0551399],[79.9727987,7.0549015],[79.9726341,7.0547156],[79.9723929,7.0545469],[79.9722395,7.0544353],[79.9721441,7.054344],[79.9721373,7.0542223],[79.9721407,7.0540702],[79.972151,7.0539315],[79.9721169,7.0537895],[79.9720522,7.0537354],[79.9719806,7.053661],[79.9719125,7.0535123],[79.9719125,7.0534075],[79.9719465,7.0532587],[79.9718241,7.0532477]]]}},
{"type":"Feature","properties":{"osm_id":"392219605","code":8103,"fclass":"canal","width":0,"name":null},"geometry":{"type":"MultiLineString","coordinates":[[[79.9071898,7.2072289],[79.9076671,7.2075902],[79.9076998,7.2077049],[79.9078103,7.2078121],[79.9080289,7.2082432],[79.9078932,7.208961],[79.9077475,7.2100451],[79.9077617,7.2101562],[79.9077635,7.2102407]]]}},
{"type":"Feature","properties":{"osm_id":"392219604","code":8103,"fclass":"canal","width":0,"name":null},"geometry":{"type":"MultiLineString","coordinates":[[[79.9077617,7.2101562],[79.9078585,7.2101412],[79.9082032,7.210135],[79.9084304,7.2101398],[79.9085486,7.2101423],[79.9087158,7.2101458],[79.908766,7.2101469],[79.9087873,7.20887],[79.9088157,7.2085898]]]}},
{"type":"Feature","properties":{"osm_id":"392050952","code":8103,"fclass":"canal","width":0,"name":null},"geometry":{"type":"MultiLineString","coordinates":[[[79.8921372,7.2081491],[79.8921672,7.2081463],[79.892244,7.208139],[79.8926506,7.2081101],[79.8930812,7.2080062],[79.8931241,7.2079688],[79.8931635,7.2078326],[79.8932253,7.2077305],[79.8933437,7.2076743],[79.8937091,7.2076982],[79.8940008,7.2076692],[79.8940968,7.2077118],[79.8941517,7.2077611],[79.8944005,7.2077356],[79.8947573,7.207625],[79.8948946,7.2075535],[79.8950811,7.2073548],[79.8953899,7.2072085],[79.8955357,7.2072527],[79.8957652,7.2074706],[79.8958404,7.2075067],[79.8959351,7.2075043],[79.8959909,7.2074682],[79.8961073,7.2074417],[79.8962262,7.2074538],[79.8964664,7.2075765],[79.8965441,7.2077161],[79.896612,7.2080531],[79.8965805,7.2084238],[79.8967406,7.2086693],[79.8968085,7.2087295],[79.8969056,7.2087391],[79.8974709,7.208549],[79.8977669,7.2083131],[79.8980629,7.2081133],[79.8981006,7.207948],[79.8981988,7.2076054]]]}},
{"type":"Feature","properties":{"osm_id":"387276350","code":8103,"fclass":"canal","width":0,"name":null},"geometry":{"type":"MultiLineString","coordinates":[[[80.0029771,7.0533057],[80.003153,7.0532855],[80.0033441,7.0532703],[80.0035734,7.0532425],[80.0037492,7.0531742],[80.0038715,7.0531186],[80.0040422,7.0529947],[80.0042639,7.0528025],[80.0043887,7.0526913]]]}},
{"type":"Feature","properties":{"osm_id":"386433567","code":8103,"fclass":"canal","width":0,"name":null},"geometry":{"type":"MultiLineString","coordinates":[[[79.9798877,7.1030743],[79.9798414,7.1030956],[79.9796717,7.1030826],[79.9795369,7.1030675],[79.9794085,7.1030502],[79.9793302,7.1030222],[79.9792497,7.1029682],[79.9790931,7.1028365],[79.9789908,7.1027372],[79.978919,7.102612],[79.9788516,7.1025235],[79.9787233,7.1023724],[79.9785449,7.1021868],[79.9784144,7.102081],[79.9782229,7.1019882],[79.9779902,7.1018695],[79.9777857,7.1017658],[79.9776987,7.1016968],[79.9776552,7.1016061],[79.9775638,7.1014075],[79.9774768,7.1012456],[79.9773658,7.101088],[79.9772375,7.1009391],[79.9771265,7.100829],[79.9770069,7.1007254],[79.9768786,7.1006779],[79.9765457,7.1006261],[79.9764725,7.1006243],[79.9762825,7.1006196],[79.9761063,7.1006109],[79.9759301,7.1005894],[79.9757887,7.1005419],[79.9756495,7.1004231],[79.9755472,7.1002591],[79.9754798,7.1001101],[79.9753427,7.0998209],[79.9752623,7.0995532],[79.97511,7.0993524],[79.9749011,7.0990912],[79.974651,7.0987156],[79.974416,7.0984652],[79.974081,7.0980356],[79.9738504,7.0977183],[79.9738287,7.0975672],[79.9739092,7.0973254],[79.9741093,7.0969476],[79.9741284,7.0968884],[79.9741592,7.0968063],[79.9741568,7.0967394],[79.9741545,7.0966218],[79.9741197,7.0963498],[79.9740988,7.0962862],[79.9740516,7.0962251],[79.9739802,7.0961796],[79.9738055,7.0960697],[79.9735925,7.0959948],[79.9735268,7.0960117],[79.973472,7.0961131],[79.9733977,7.0963294],[79.9733691,7.0963803],[79.973299,7.0964478],[79.9731505,7.0965165],[79.9730011,7.0966092],[79.9729547,7.0966212],[79.9727033,7.0966229],[79.9726271,7.0966186],[79.9725066,7.0965985],[79.9724264,7.0965285],[79.9723729,7.0963546],[79.9723895,7.0961825],[79.9724687,7.0961189],[79.9725493,7.0960824],[79.97265,7.0960368],[79.9727322,7.0958904],[79.972805,7.0957357],[79.9728233,7.0954977],[79.9727289,7.0953381],[79.9725474,7.0952187],[79.9723357,7.095111],[79.9722628,7.0949638],[79.9722893,7.0948074],[79.9723633,7.0945898],[79.9724248,7.0943973],[79.972476,7.0941819],[79.9724248,7.0939979],[79.9722837,7.0938587],[79.9721045,7.0938072],[79.9718618,7.0938176],[79.9716426,7.0938797],[79.9714913,7.0939238],[79.9713217,7.0939574],[79.9710653,7.0940189],[79.9708924,7.0940377],[79.9705858,7.0940539],[79.9704474,7.0940621],[79.9702205,7.0940866],[79.9701338,7.0941031],[79.9698995,7.0942239],[79.9697593,7.0943136],[79.9696191,7.0943978],[79.9695637,7.0944217],[79.9694782,7.0944333],[79.9693837,7.0944496],[79.969304,7.0944782],[79.9692449,7.0945303],[79.9691899,7.094602],[79.9691357,7.0946844],[79.9690667,7.094783],[79.9689796,7.0949004],[79.9688631,7.0950552]]]}},
{"type":"Feature","properties":{"osm_id":"385801942","code":8103,"fclass":"canal","width":0,"name":null},"geometry":{"type":"MultiLineString","coordinates":[[[80.04844,7.0982949],[80.0486523,7.0982991],[80.0487251,7.0982439],[80.0487922,7.0981964],[80.0488688,7.0981755],[80.0489532,7.0981812],[80.0490413,7.0981869],[80.0491717,7.0981983],[80.0493595,7.0981926],[80.0495377,7.0982249],[80.0496546,7.0982306],[80.049714,7.0982591],[80.0497006,7.0983105],[80.0497044,7.0983866],[80.0497313,7.0984341],[80.049783,7.0984988],[80.0498386,7.0985786],[80.0498865,7.0986604],[80.0499919,7.098784],[80.0500513,7.0988848],[80.0501529,7.0989761],[80.0502257,7.0990636],[80.0503311,7.0991435],[80.0504634,7.0992234],[80.0505745,7.099269],[80.0506531,7.0993204],[80.0507489,7.0993755],[80.050793,7.0994059],[80.0508218,7.0994535],[80.0508582,7.0995181],[80.0509253,7.0995942],[80.0509885,7.0996132],[80.0510441,7.0996342],[80.0511016,7.0996437],[80.0511572,7.0996684],[80.051207,7.0997045],[80.0512626,7.0997064],[80.0513124,7.0997121],[80.0513737,7.0997102],[80.0514063,7.0997235],[80.0514734,7.099754],[80.0515405,7.0997977],[80.0515999,7.0998262],[80.051688,7.0998453],[80.0517685,7.099889],[80.0518433,7.0999499],[80.0519161,7.1000183],[80.0520253,7.1001096],[80.0521173,7.1001933],[80.052196,7.1002635],[80.0522648,7.1003755]]]}},
{"type":"Feature","properties":{"osm_id":"387309218","code":8103,"fclass":"canal","width":0,"name":null},"geometry":{"type":"MultiLineString","coordinates":[[[80.0406047,7.098171],[80.0402837,7.0983505],[80.0399738,7.0985213],[80.0393737,7.0987595],[80.0386172,7.0987244],[80.0385175,7.098716],[80.0384561,7.0987379],[80.0384335,7.0987815],[80.0384305,7.0988496],[80.038461,7.098918],[80.0385191,7.099022],[80.0386006,7.0992238]]]}},
{"type":"Feature","properties":{"osm_id":"387279527","code":8103,"fclass":"canal","width":0,"name":null},"geometry":{"type":"MultiLineString","coordinates":[[[79.9897221,7.0657711],[79.9897582,7.0657147],[79.9898064,7.0656652],[79.9898477,7.0656173],[79.98992,7.0655781],[79.9899467,7.0655678],[79.989945,7.0655277],[79.989957,7.0654773],[79.9899424,7.0654457],[79.9898882,7.0653936],[79.9898434,7.0653619],[79.9898124,7.0653321],[79.9897935,7.0652885],[79.9897823,7.0652466],[79.9897651,7.0651997],[79.9897341,7.0651433],[79.989704,7.0650852],[79.989667,7.0650117],[79.9896386,7.0649374],[79.9896145,7.0648811],[79.9895921,7.0648358],[79.9895456,7.0647914],[79.9894828,7.0647376],[79.9894243,7.0646786],[79.989352,7.0646009],[79.9892779,7.0645343],[79.9892031,7.0644728],[79.9891153,7.0644155],[79.9890111,7.0643609],[79.9889311,7.064319],[79.9888441,7.0642686],[79.988715,7.064202],[79.9885902,7.0641328],[79.9885154,7.0641063],[79.9884207,7.0640764],[79.9883088,7.0640653],[79.9882408,7.0640585],[79.9881212,7.0640636],[79.9879998,7.0640705],[79.9878776,7.0640927]]]}},
{"type":"Feature","properties":{"osm_id":"387279526","code":8103,"fclass":"canal","width":0,"name":null},"geometry":{"type":"MultiLineString","coordinates":[[[79.9895921,7.0648358],[79.9896335,7.0647773],[79.9896911,7.064726],[79.9896967,7.0647111],[79.9896879,7.0646784],[79.9896787,7.0646496],[79.9896629,7.0646156],[79.9896356,7.064559],[79.9896001,7.0645018],[79.9895622,7.0644444],[79.9894863,7.0643278],[79.9894072,7.0641991],[79.9893713,7.0641085],[79.9893554,7.0640787],[79.9893323,7.0640355],[79.9892741,7.063953],[79.9892203,7.0638851],[79.9891594,7.0637909],[79.9891092,7.0637012],[79.989056,7.0636165],[79.9890079,7.0635144],[79.9889477,7.0633869],[79.9889111,7.0632885],[79.9888752,7.063155],[79.9888472,7.0630765],[79.9888606,7.0630421]]]}},
{"type":"Feature","properties":{"osm_id":"387279525","code":8103,"fclass":"canal","width":0,"name":null},"geometry":{"type":"MultiLineString","coordinates":[[[79.9893554,7.0640787],[79.9894161,7.0640492],[79.9894965,7.0640311],[79.989623,7.0640154],[79.9897472,7.0639961],[79.9897703,7.0639791],[79.9898008,7.0638861],[79.9898604,7.063717],[79.9899091,7.0636059],[79.9899553,7.0635092],[79.9899955,7.0634525],[79.9900384,7.0634152],[79.9900585,7.0634138],[79.9901034,7.0634397],[79.9901479,7.0634669]]]}},
{"type":"Feature","properties":{"osm_id":"394519710","code":8103,"fclass":"canal","width":0,"name":null},"geometry":{"type":"MultiLineString","coordinates":[[[79.9017082,7.1953182],[79.9017391,7.1953447],[79.9019031,7.1953518],[79.9020654,7.1953925],[79.9023541,7.1955587],[79.9024409,7.1955477],[79.9028757,7.1953571],[79.9032331,7.1950794],[79.903437,7.1948847],[79.9036059,7.1947978],[79.9038698,7.1948243],[79.9043618,7.1947677],[79.9048343,7.1951126],[79.9051053,7.1952524],[79.9056089,7.1954752],[79.9060225,7.1956079],[79.9061259,7.1955601],[79.9064201,7.1953629],[79.906552,7.1953143],[79.9067036,7.1953134],[79.9072449,7.1954537],[79.9073659,7.1955038],[79.907613,7.1956551],[79.9077138,7.1956801],[79.9077907,7.1956188],[79.9079218,7.1954425],[79.9080038,7.1954012],[79.9081273,7.1953774],[79.9082181,7.1953899],[79.9083013,7.1954362],[79.9085455,7.1956241],[79.9091909,7.1956116],[79.9092842,7.1955816],[79.9099297,7.1948787],[79.9101188,7.1944547],[79.9102597,7.1937293],[79.9103341,7.1936868],[79.9106127,7.1936343],[79.9108509,7.1936918],[79.911011,7.1937018],[79.9111258,7.1936756],[79.9114283,7.1933266],[79.9115178,7.1931365],[79.9117094,7.1929139],[79.9117813,7.19269],[79.9119427,7.1925086],[79.9120738,7.1924086],[79.912162,7.1921584],[79.9122087,7.1921159],[79.9122793,7.1921134],[79.9123536,7.1920596],[79.9123978,7.1919383],[79.9124192,7.1917857],[79.9124078,7.1917257],[79.9124621,7.1915993],[79.9126058,7.1914605],[79.9126827,7.1914155],[79.9128529,7.191383],[79.9130697,7.1914718],[79.9136062,7.1914474],[79.9144984,7.1910636],[79.9146346,7.1910536],[79.915038,7.1911224],[79.9152624,7.1913551],[79.9153443,7.1914439],[79.9154755,7.1916828],[79.9156505,7.1917501],[79.9157122,7.1919552],[79.9158307,7.1920878],[79.9161127,7.1921329],[79.9162838,7.1921966],[79.9165031,7.1924106],[79.9167349,7.1927343],[79.9168285,7.1928324],[79.917013,7.1929633],[79.9172698,7.1932109],[79.9177659,7.1933653],[79.9181666,7.1933807],[79.9183877,7.193409],[79.9185428,7.1934586],[79.9188173,7.1936354],[79.9191097,7.1938654],[79.9195322,7.1939609],[79.9196392,7.1940175],[79.9197925,7.1940299],[79.9199334,7.1940087],[79.9201473,7.1939061],[79.9203185,7.1938972],[79.9203898,7.193853],[79.9204397,7.1938795],[79.9204771,7.1938742],[79.9205431,7.193777],[79.9206002,7.1937451],[79.9208319,7.1936814],[79.9210156,7.193662],[79.9211154,7.1937044],[79.9212224,7.1937062],[79.9215058,7.1935895],[79.9215718,7.1935877],[79.9216859,7.1936213],[79.9217507,7.1936649],[79.921965,7.1936774],[79.9223331,7.1937499],[79.9225651,7.1936774],[79.9228551,7.1938024],[79.9229004,7.19385],[79.9231047,7.1938875]]]}},
{"type":"Feature","properties":{"osm_id":"394519709","code":8103,"fclass":"canal","width":0,"name":null},"geometry":{"type":"MultiLineString","coordinates":[[[79.9077712,7.1959756],[79.9077494,7.1958939],[79.9078603,7.1957563],[79.9079597,7.1957214],[79.9082984,7.1957356],[79.9083938,7.1956666],[79.9088243,7.1957709],[79.9093182,7.195823],[79.9096523,7.1958405],[79.90983,7.195828],[79.9099561,7.1957917],[79.9101175,7.1956766],[79.9101793,7.1955791],[79.910308,7.1954918],[79.9105915,7.1948816],[79.9106592,7.1946224],[79.910637,7.1943067],[79.9106824,7.1940396],[79.910719,7.1939503],[79.9108028,7.1939061],[79.9109445,7.1939069],[79.9110916,7.1938406],[79.9112681,7.1938203],[79.911359,7.1936982],[79.9116175,7.1934683],[79.9119429,7.192996],[79.9120276,7.1927953],[79.9123556,7.1923929],[79.9124403,7.1923424],[79.9124858,7.1922761],[79.9126837,7.1918737],[79.9127621,7.1917773],[79.9128798,7.1916906],[79.9129841,7.1916676],[79.9133897,7.1916517],[79.9137685,7.1915801],[79.9139762,7.1916119],[79.9143952,7.1914819],[79.9146688,7.191504],[79.9148792,7.1914536],[79.915004,7.1914828],[79.9152358,7.1916933],[79.9153695,7.1918454],[79.9154087,7.1919206],[79.9154381,7.1920736],[79.915546,7.1922257],[79.9160603,7.1925503],[79.9161816,7.1926882],[79.9163117,7.1929518],[79.9167137,7.1932127],[79.9170525,7.1933524],[79.9175329,7.1934807],[79.9177986,7.1936089],[79.918378,7.1937893],[79.9186035,7.1938866],[79.9189892,7.1941465],[79.9191603,7.1942013],[79.9194634,7.1942614],[79.9197825,7.1942225],[79.9201159,7.1941217],[79.9210308,7.1939291],[79.9214745,7.1938884],[79.9217141,7.1938259],[79.9219347,7.1938278],[79.9223135,7.1938678],[79.9225013,7.1939122],[79.9226003,7.1939585],[79.9227049,7.1939697]]]}},
{"type":"Feature","properties":{"osm_id":"394317704","code":8103,"fclass":"canal","width":0,"name":null},"geometry":{"type":"MultiLineString","coordinates":[[[79.8972025,7.1920563],[79.8975037,7.1920598],[79.8978875,7.1919386],[79.8980625,7.1917739],[79.8982323,7.1913279],[79.898264,7.1912768]]]}},
{"type":"Feature","properties":{"osm_id":"394317699","code":8103,"fclass":"canal","width":0,"name":null},"geometry":{"type":"MultiLineString","coordinates":[[[79.8962143,7.1887356],[79.8964149,7.1888099],[79.8964898,7.1889355],[79.896948,7.1890504],[79.8971994,7.1893441],[79.897383,7.1898216],[79.8974187,7.190018],[79.8973777,7.1902037],[79.8973777,7.1905089],[79.8974936,7.1908241],[79.8976197,7.1910792],[79.8978567,7.1917796],[79.8978875,7.1919386],[79.8979071,7.1920398],[79.8980584,7.1923249],[79.898482,7.1930554],[79.898482,7.1934656],[79.8984604,7.1936959],[79.8986386,7.1941234],[79.8987385,7.1944595],[79.8988669,7.1946929],[79.8989238,7.1950943],[79.8989578,7.19519],[79.899058,7.1953532],[79.8991141,7.1953851],[79.8993644,7.195382],[79.9007491,7.1955021],[79.9011378,7.1954773],[79.9013767,7.1954101],[79.9015888,7.1953181],[79.9017082,7.1953182],[79.9014123,7.19512],[79.9011663,7.1950634],[79.9010254,7.1950546],[79.9008828,7.1950104]]]}},
{"type":"Feature","properties":{"osm_id":"396147382","code":8103,"fclass":"canal","width":0,"name":null},"geometry":{"type":"MultiLineString","coordinates":[[[79.9714105,7.0494266],[79.9713734,7.0493912],[79.9713841,7.0493679],[79.9714431,7.0492861],[79.9715102,7.0491922],[79.9716168,7.0490725],[79.9716785,7.0489786],[79.971714,7.0489114],[79.9717274,7.0488462],[79.9717288,7.0488149],[79.9717348,7.0487371],[79.9717382,7.0486898],[79.9717261,7.0486426],[79.9717046,7.0485481],[79.9716711,7.0483697],[79.9716161,7.048216],[79.9715417,7.0481448],[79.9714478,7.0480203],[79.9713808,7.0479491],[79.9712835,7.047848],[79.971191,7.0477814],[79.9710985,7.0477215],[79.9710539,7.0476778],[79.9710287,7.0476573],[79.9709893,7.0476181],[79.9709331,7.0475758],[79.9708729,7.0475245],[79.9708451,7.0474866],[79.970818,7.0474597],[79.9707773,7.0474282],[79.9707475,7.0473929],[79.970721,7.0473654],[79.9706887,7.0473211],[79.9706732,7.047289],[79.9706544,7.0472537],[79.9706376,7.0472281],[79.9706221,7.0471953],[79.9706001,7.0471633],[79.9705743,7.0471293],[79.970553,7.0471023],[79.9705264,7.0470799],[79.9705025,7.0470651],[79.9704911,7.0470599],[79.9704828,7.047056],[79.9704524,7.0470419],[79.9704362,7.0470349],[79.9703994,7.047024],[79.9703742,7.0470169],[79.9703509,7.0470111],[79.970325,7.0470086],[79.9702972,7.0470034],[79.9702546,7.0470015],[79.9702022,7.0470053],[79.9701621,7.0470092],[79.9701065,7.047006],[79.97008,7.0470053],[79.9700561,7.0469977],[79.9700238,7.0469861],[79.9699967,7.0469733],[79.9699676,7.0469617],[79.969932,7.0469515],[79.9698977,7.0469322],[79.9698674,7.0469175],[79.9698234,7.0468956],[79.9697904,7.0468796],[79.9697536,7.0468546],[79.9697232,7.0468283],[79.9696961,7.0468026],[79.9696683,7.0467737],[79.9696515,7.0467584],[79.9696114,7.0467327],[79.9694674,7.0466705],[79.9694126,7.0466279],[79.9693696,7.0466006],[79.9693047,7.0465453],[79.9692224,7.0465026],[79.9691794,7.0464636],[79.9691145,7.0463983],[79.9690679,7.0463502],[79.9690387,7.0463003],[79.9690213,7.0462686],[79.9689984,7.0462232],[79.9689619,7.0461597],[79.9689354,7.0461316],[79.9688951,7.0461134],[79.9688485,7.0460916],[79.9687937,7.0460644],[79.9687278,7.0460381],[79.9686785,7.0460172],[79.9686081,7.0459973],[79.968534,7.0459646],[79.9684746,7.0459356],[79.9684152,7.0459129],[79.968353,7.0458902],[79.9682982,7.0458612],[79.9682278,7.0458213],[79.9681519,7.0457714],[79.9680742,7.0457206],[79.9679752,7.0456998],[79.9679243,7.0456353],[79.9679058,7.0456173]]]}},
{"type":"Feature","properties":{"osm_id":"396123102","code":8103,"fclass":"canal","width":0,"name":null},"geometry":{"type":"MultiLineString","coordinates":[[[79.9673656,7.0491127],[79.9674082,7.0492484],[79.9674686,7.0493893],[79.9675272,7.0495338],[79.9675591,7.0496113],[79.9675875,7.0496835],[79.967671,7.049872],[79.9676871,7.049903],[79.9677034,7.0499453],[79.9677222,7.0499952],[79.9677392,7.0500338],[79.9677499,7.0500786],[79.9677612,7.0501303],[79.9677699,7.0501752],[79.9677913,7.0502343],[79.9678063,7.0502823],[79.9678233,7.0503434],[79.967844,7.0503838],[79.9678647,7.0504169],[79.9678867,7.0504461],[79.9679149,7.0504698],[79.9679457,7.0504879],[79.9679683,7.0504997],[79.9680122,7.0505078],[79.9680605,7.0505097],[79.9681108,7.0505122],[79.9681515,7.050519],[79.9681836,7.0505246],[79.9682225,7.0505302],[79.9682545,7.0505265],[79.9682877,7.0505215],[79.9683172,7.0505134],[79.9683643,7.0504978],[79.968397,7.0504872],[79.9684371,7.0504847],[79.9684817,7.0504847],[79.9685369,7.0504823],[79.9685802,7.0504798],[79.9686379,7.0504791],[79.9686789,7.0504798],[79.968706,7.050481],[79.9687353,7.0504828],[79.9687681,7.050481],[79.9687947,7.0504749],[79.9688187,7.0504643],[79.9688427,7.0504493],[79.9688711,7.0504282],[79.9688959,7.0503912],[79.9689234,7.050356],[79.9689572,7.0503445],[79.9689829,7.0503295],[79.9690149,7.0503198],[79.9690486,7.050319],[79.9690885,7.050319],[79.9691285,7.050326],[79.9691649,7.0503339],[79.969195,7.0503401],[79.9692252,7.050363],[79.9692767,7.0503956],[79.9693433,7.050415],[79.9693885,7.0504335],[79.9694276,7.0504405],[79.9694755,7.0504617],[79.9695137,7.0504766],[79.9695519,7.0504969],[79.9695776,7.0505048],[79.9696158,7.0505172],[79.9696566,7.0505321],[79.9696841,7.0505445],[79.9697338,7.0505709],[79.9697782,7.0505929],[79.9698253,7.0506149],[79.9698581,7.0506334],[79.969906,7.0506519],[79.9699389,7.0506669],[79.9699602,7.0506713],[79.9700054,7.0506687],[79.9700418,7.0506581],[79.9700634,7.0506711],[79.9700497,7.0507144],[79.9700208,7.0507707],[79.9700459,7.0508679],[79.9701037,7.0509775],[79.9701439,7.0510822],[79.9701464,7.0511494],[79.9702192,7.0512566],[79.9703196,7.0514783],[79.9703773,7.0516677],[79.9704125,7.0517798],[79.9704347,7.0518349]]]}},
{"type":"Feature","properties":{"osm_id":"394519711","code":8103,"fclass":"canal","width":0,"name":null},"geometry":{"type":"MultiLineString","coordinates":[[[79.896924,7.1945913],[79.8970489,7.1945152],[79.8974965,7.19426],[79.8980474,7.1940787],[79.8982554,7.1939761],[79.8982932,7.1939511],[79.8983285,7.1938648],[79.8984117,7.1938298],[79.8984268,7.193741],[79.8984142,7.1930831],[79.8983197,7.1928405],[79.8981003,7.1924877],[79.8980562,7.1923802],[79.8980584,7.1923249]]]}},
{"type":"Feature","properties":{"osm_id":"392233615","code":8103,"fclass":"canal","width":0,"name":null},"geometry":{"type":"MultiLineString","coordinates":[[[79.9010087,7.2061149],[79.900892,7.2063394],[79.9008266,7.20642],[79.9007052,7.2067323],[79.9005618,7.2073111],[79.9005535,7.2074268],[79.9006552,7.207865],[79.9006602,7.2079891],[79.9007868,7.208424],[79.9007751,7.2084634],[79.9007587,7.2085191],[79.9007017,7.2086263],[79.9004163,7.2087852],[79.8997078,7.2090796],[79.899634,7.209129],[79.9000338,7.2090779],[79.9006908,7.2089145]]]}},
{"type":"Feature","properties":{"osm_id":"392233614","code":8103,"fclass":"canal","width":0,"name":null},"geometry":{"type":"MultiLineString","coordinates":[[[79.8981006,7.207948],[79.8981869,7.208051],[79.8983156,7.2081888],[79.8986937,7.2086968],[79.899253,7.2089657],[79.89938,7.2090508],[79.899634,7.209129],[79.8997009,7.2091545],[79.8998605,7.209163],[79.9002414,7.2091562],[79.9008315,7.2091835]]]}},
{"type":"Feature","properties":{"osm_id":"392219606","code":8103,"fclass":"canal","width":0,"name":null},"geometry":{"type":"MultiLineString","coordinates":[[[79.9105636,7.2106887],[79.9103071,7.2107013],[79.9101061,7.2106834],[79.9098644,7.2106053],[79.9096854,7.2103834],[79.9095791,7.2102878],[79.9089257,7.2102568],[79.9082334,7.2102612],[79.9077635,7.2102407],[79.90721,7.2102314],[79.9070832,7.2102762],[79.9068633,7.2102613],[79.9065167,7.210417],[79.9062554,7.2104818],[79.9059339,7.2105317],[79.9057228,7.2105117],[79.9055495,7.2105267],[79.9050948,7.2104021],[79.9049541,7.2103921],[79.9048084,7.2103373],[79.9044894,7.210275],[79.9042407,7.2101828],[79.9038814,7.2101628],[79.902667,7.2105332],[79.9025902,7.2105566],[79.9021908,7.2106114],[79.9019446,7.2106089]]]}},
{"type":"Feature","properties":{"osm_id":"394317697","code":8103,"fclass":"canal","width":0,"name":null},"geometry":{"type":"MultiLineString","coordinates":[[[79.8967208,7.1903017],[79.8969289,7.1901937],[79.897297,7.1900136],[79.8974187,7.190018]]]}},
{"type":"Feature","properties":{"osm_id":"392550049","code":8103,"fclass":"canal","width":0,"name":null},"geometry":{"type":"MultiLineString","coordinates":[[[79.9103154,7.202534],[79.9107381,7.2027525],[79.9111023,7.2026098],[79.9113137,7.2025569],[79.9114611,7.2024741],[79.9118439,7.2020987],[79.9118563,7.2019745],[79.9118128,7.2018441],[79.911732,7.2013673],[79.9118324,7.2007056],[79.9117853,7.2002967],[79.9118057,7.2000571],[79.9117625,7.1999081],[79.9117276,7.1998006],[79.9115544,7.1995398],[79.91151,7.1995019],[79.9113892,7.1995125],[79.9112231,7.1991777],[79.9110585,7.1989186],[79.9108248,7.1986345],[79.9106339,7.1984467],[79.9105362,7.1981669],[79.9105256,7.1980153],[79.9105993,7.19758],[79.9105788,7.1974478],[79.9104971,7.1972751],[79.9104643,7.1971483],[79.9102884,7.1969392],[79.9102218,7.1968109],[79.9101226,7.1967564],[79.9101468,7.1966648],[79.9101217,7.1966302],[79.9100074,7.1965694],[79.9098331,7.1965221],[79.9096751,7.1964348],[79.9091452,7.1958637],[79.9083699,7.1957729],[79.9078743,7.1959121],[79.9077712,7.1959756],[79.9075121,7.1961785],[79.9073904,7.1962486],[79.9072686,7.1962534],[79.9071347,7.1962027],[79.9069959,7.1960843],[79.9068425,7.1960432],[79.906689,7.1960529],[79.9065502,7.1960263],[79.9061825,7.1960457],[79.9056833,7.1960215],[79.9052645,7.195891],[79.9045778,7.1957388],[79.9039033,7.19592],[79.9036963,7.1959442],[79.901361,7.1961205],[79.9008184,7.1961245],[79.9001124,7.1959635],[79.9000197,7.1959193],[79.8990998,7.1958079],[79.8976863,7.1955822],[79.8976034,7.1955141],[79.896924,7.1945913],[79.8966715,7.1942919],[79.8965735,7.1941106],[79.8965396,7.1940912],[79.8964558,7.1940947],[79.8961803,7.1939615]]]}},
{"type":"Feature","properties":{"osm_id":"392549919","code":8103,"fclass":"canal","width":0,"name":null},"geometry":{"type":"MultiLineString","coordinates":[[[79.9147484,7.2062138],[79.9150486,7.2056131],[79.9151705,7.2052729],[79.9152509,7.2051396],[79.9153074,7.2049726],[79.9153168,7.2048623],[79.9152697,7.204686],[79.9150367,7.2044654],[79.9147616,7.2038667],[79.9146208,7.2036197],[79.9146038,7.2035171],[79.9145436,7.2031537],[79.9145978,7.2029023],[79.9145907,7.2026556],[79.9145561,7.2023287],[79.9145205,7.2022908],[79.9144983,7.2020917],[79.9144726,7.2020529],[79.9143473,7.2020458],[79.913945,7.2019013],[79.9138873,7.2018485],[79.9136608,7.2017401],[79.9133331,7.2017031],[79.912778,7.2016854],[79.9124511,7.2016432],[79.9121784,7.2014925],[79.9121326,7.2014182],[79.9121411,7.2010237]]]}},
{"type":"Feature","properties":{"osm_id":"402809468","code":8103,"fclass":"canal","width":0,"name":null},"geometry":{"type":"MultiLineString","coordinates":[[[79.9773441,7.0587471],[79.9772913,7.0587701],[79.9771742,7.058847],[79.9771181,7.0588798],[79.9770208,7.0589534],[79.9768723,7.0590418],[79.9768014,7.0590861],[79.9767255,7.0591417],[79.9766809,7.0591761],[79.9766529,7.0592007],[79.976572,7.0592449],[79.9764632,7.0593005],[79.9764269,7.0593038],[79.9763559,7.0593267],[79.9762602,7.059384],[79.9761794,7.0594413],[79.9761151,7.0594823],[79.9760425,7.0595314],[79.975927,7.0596067],[79.9758206,7.0596835],[79.9757414,7.059744],[79.9756731,7.0598109],[79.9756223,7.0598532],[79.9755746,7.0598923],[79.9755445,7.0599108],[79.9755238,7.059916],[79.9755103,7.0599211],[79.9755,7.0599502],[79.9754663,7.0599873],[79.9753916,7.0600728],[79.9753117,7.0601644],[79.9752661,7.0602468],[79.9752038,7.0603333],[79.9751333,7.0604424],[79.9750953,7.0605035],[79.9750579,7.0605676],[79.9750281,7.0606301],[79.9750032,7.0606898],[79.9749835,7.0607495],[79.9749752,7.0607969],[79.974971,7.0608175],[79.9749606,7.060836],[79.9749378,7.0608772],[79.9749264,7.0609266],[79.9748994,7.0610645],[79.9748787,7.0611963],[79.9748445,7.061361],[79.9748196,7.0614918],[79.9748154,7.0616009],[79.9747635,7.061779],[79.9747241,7.061849],[79.9746826,7.0618696],[79.9746142,7.061814],[79.9745125,7.061814],[79.9744648,7.0618325],[79.9744078,7.0618463]]]}},
{"type":"Feature","properties":{"osm_id":"402809467","code":8103,"fclass":"canal","width":0,"name":null},"geometry":{"type":"MultiLineString","coordinates":[[[79.9775776,7.0580133],[79.977439,7.0580951],[79.9773037,7.0581688],[79.9772196,7.0582097],[79.977114,7.0582867],[79.976982,7.0583636],[79.9767874,7.0584914],[79.97669,7.0585487],[79.9766405,7.0585732],[79.9765844,7.0586207],[79.9765366,7.0586616],[79.9764475,7.0587271],[79.9763733,7.0587844],[79.9763106,7.0588204],[79.9761704,7.058899],[79.9760796,7.0589547],[79.9759179,7.0590464],[79.9758287,7.0590952],[79.975682,7.0591855],[79.9755382,7.0592714],[79.9753754,7.0593762],[79.9752477,7.0594533],[79.9752067,7.0594679],[79.9751832,7.0595058],[79.9751539,7.0595829],[79.9750849,7.0597081],[79.975057,7.059778],[79.9750292,7.0598494],[79.9750101,7.0598785],[79.9750156,7.0599279]]]}},
{"type":"Feature","properties":{"osm_id":"402808669","code":8103,"fclass":"canal","width":0,"name":null},"geometry":{"type":"MultiLineString","coordinates":[[[79.9801588,7.0568714],[79.9801795,7.0569179],[79.9802044,7.0569769],[79.9802255,7.0570226],[79.9802418,7.0570639],[79.9802624,7.0570677],[79.9802883,7.0570554],[79.9803142,7.0570363],[79.9803439,7.0570201],[79.980392,7.0570066],[79.9804151,7.0570066]]]}},
{"type":"Feature","properties":{"osm_id":"402808665","code":8103,"fclass":"canal","width":0,"name":"Mada Ela"},"geometry":{"type":"MultiLineString","coordinates":[[[79.9807104,7.0563511],[79.9805915,7.0564577],[79.9804936,7.0565339],[79.9803938,7.0566291],[79.9803056,7.0567433],[79.9801962,7.056848],[79.9801588,7.0568714],[79.9801291,7.0568899],[79.9800044,7.0569509],[79.9799679,7.0569927],[79.9799296,7.0570403],[79.9798298,7.0570784],[79.9797607,7.0570994],[79.9797243,7.0571622],[79.9796725,7.0572212],[79.9795286,7.0573374],[79.9794297,7.0573946],[79.9793026,7.0574617],[79.9791591,7.0575387],[79.9790123,7.0576041],[79.9789314,7.0576385],[79.9788819,7.0576434],[79.9788292,7.0576516],[79.9787599,7.0576909],[79.9786361,7.0577597],[79.9784101,7.0578628],[79.9782451,7.0579201],[79.9781082,7.0579807],[79.9779465,7.0580609],[79.977775,7.0581755],[79.9776661,7.0582541],[79.977605,7.0582934],[79.9775522,7.0583278],[79.9774697,7.0583475],[79.9773823,7.0583835],[79.9773048,7.0584064],[79.9772305,7.058431],[79.9771233,7.0584834],[79.9770012,7.0585685],[79.9769336,7.0586108],[79.9768775,7.058652],[79.9767752,7.0587273],[79.9765772,7.0588583],[79.9763809,7.0589909],[79.9760955,7.0591661],[79.9759239,7.0592774],[79.9758398,7.0593478],[79.9757689,7.0594225],[79.9756361,7.0595069],[79.9754785,7.0596016],[79.9753498,7.0596634],[79.9751942,7.0597807],[79.9750697,7.0598981],[79.9750156,7.0599279],[79.9749577,7.0599599],[79.9748581,7.0600278],[79.9747357,7.0601843],[79.9746382,7.0603593],[79.9746071,7.0604911],[79.9745552,7.0606331],[79.97452,7.0607526],[79.974493,7.0609029],[79.9744805,7.060977],[79.9744183,7.0610326],[79.9743094,7.0610559]]]}},
{"type":"Feature","properties":{"osm_id":"403787956","code":8103,"fclass":"canal","width":0,"name":null},"geometry":{"type":"MultiLineString","coordinates":[[[79.8883478,7.0821977],[79.8883354,7.0821422],[79.8883043,7.0821005],[79.8882358,7.0820727],[79.8881099,7.0820712],[79.8876701,7.0820666],[79.8872823,7.0820722],[79.8869725,7.0820596],[79.8866832,7.0820125],[79.8862449,7.0819367],[79.8858855,7.0818978],[79.8854657,7.0817979],[79.8853425,7.0817957]]]}},
{"type":"Feature","properties":{"osm_id":"402817231","code":8103,"fclass":"canal","width":0,"name":null},"geometry":{"type":"MultiLineString","coordinates":[[[79.9829625,7.0543068],[79.9829096,7.0543601],[79.9828327,7.0544256],[79.9827435,7.0544961],[79.9826478,7.054586],[79.9825557,7.0546745],[79.9824919,7.0547436],[79.9823658,7.0548775],[79.9822787,7.0549494],[79.9822439,7.0549775],[79.9821518,7.0550804],[79.9820815,7.0551574],[79.9819341,7.055321],[79.9818705,7.0554268],[79.9818705,7.0554818],[79.981869,7.055554],[79.9818787,7.0556161],[79.9819341,7.0556792],[79.9819217,7.0557179],[79.9817966,7.0558299],[79.9815772,7.0559927],[79.9814336,7.0561352],[79.981383,7.0561977],[79.9812901,7.0562539],[79.9812524,7.0562639],[79.9812002,7.0561689],[79.9811582,7.0560955],[79.9810998,7.0561235],[79.9810357,7.056151],[79.980832,7.0562532],[79.9806964,7.0563072],[79.9807087,7.0563431],[79.9807104,7.0563511]]]}},
{"type":"Feature","properties":{"osm_id":"402810179","code":8103,"fclass":"canal","width":0,"name":null},"geometry":{"type":"MultiLineString","coordinates":[[[79.9729182,7.047696],[79.9728695,7.0477218],[79.9728363,7.0477506],[79.9727595,7.0477424],[79.9727076,7.0477321],[79.9726744,7.0477609],[79.9726226,7.0478433],[79.9725748,7.0478783],[79.9725437,7.0479236],[79.9725251,7.0479812],[79.9725458,7.0480471],[79.9725707,7.0481357],[79.9725852,7.0482016],[79.972635,7.0482551],[79.9726558,7.0482777],[79.9726724,7.0483354],[79.9726661,7.0484136],[79.9726475,7.0484919],[79.972606,7.0486278],[79.972579,7.0487225],[79.9725603,7.0488007],[79.9725424,7.048836],[79.9725248,7.0488651],[79.9725057,7.0489088],[79.972505,7.0489605],[79.9725094,7.049034],[79.9725028,7.0490981],[79.9724727,7.0491585],[79.9724478,7.0492153],[79.9724434,7.0492684],[79.9724397,7.0493303],[79.9724375,7.0493674],[79.9724243,7.0493929],[79.9723913,7.0494453],[79.9723487,7.049505],[79.9723238,7.0495538],[79.9722959,7.0496368],[79.9722563,7.0497154],[79.9722292,7.0497766],[79.9721969,7.0498516],[79.9721639,7.049912],[79.9721126,7.0500314],[79.9720561,7.050142],[79.9720143,7.0502366],[79.9719644,7.0503284],[79.971927,7.0503903],[79.9719064,7.0504398],[79.9718808,7.0504805],[79.9718522,7.0505366],[79.9718235,7.050597],[79.9717957,7.0506203],[79.9717311,7.0506407],[79.9716849,7.050648],[79.9715885,7.0506813]]]}},
{"type":"Feature","properties":{"osm_id":"402810178","code":8103,"fclass":"canal","width":0,"name":null},"geometry":{"type":"MultiLineString","coordinates":[[[79.9731293,7.0478847],[79.973065,7.0479084],[79.9730017,7.0479434],[79.9729166,7.0480042],[79.9728419,7.0480618],[79.9727755,7.0481143],[79.9727278,7.0481637],[79.9727019,7.0481977],[79.9726874,7.0482461],[79.9726558,7.0482777]]]}},
{"type":"Feature","properties":{"osm_id":"398447581","code":8103,"fclass":"canal","width":0,"name":null},"geometry":{"type":"MultiLineString","coordinates":[[[79.9735159,7.0392553],[79.9735492,7.0392691],[79.9735964,7.0392851],[79.9736146,7.0392925],[79.9736328,7.0392979],[79.9736672,7.0393085],[79.9736983,7.0393128],[79.9737444,7.039316],[79.9737895,7.0393277],[79.9738646,7.0393543],[79.9739354,7.039382],[79.9740051,7.039416],[79.9740684,7.039448],[79.9741468,7.0394948],[79.9741814,7.0395133]]]}},
{"type":"Feature","properties":{"osm_id":"398447580","code":8103,"fclass":"canal","width":0,"name":null},"geometry":{"type":"MultiLineString","coordinates":[[[79.9767616,7.0371676],[79.9759284,7.0374282],[79.9753826,7.0373282],[79.9752444,7.0373113],[79.974915,7.0373622],[79.9748399,7.0377456],[79.9748195,7.0378914],[79.974827,7.0380224],[79.9747809,7.0382961],[79.9744491,7.0389767],[79.9743552,7.0392312],[79.9741814,7.0395133],[79.9741085,7.0401232],[79.9741045,7.0401571],[79.9742001,7.0403318],[79.9742365,7.0404959],[79.9743442,7.0407896],[79.9744474,7.0409688],[79.9745126,7.0412503],[79.9744838,7.0415605],[79.9744246,7.0417849],[79.9744262,7.0419792],[79.9743154,7.0425107],[79.9738888,7.0435544],[79.9738846,7.0438312],[79.9738234,7.04396],[79.9738105,7.0441208],[79.9736564,7.044791],[79.9737349,7.0452183],[79.9737194,7.0454515],[79.9735178,7.0459647],[79.973477,7.0461951],[79.9731749,7.0464993],[79.9730589,7.0467475],[79.9730016,7.0467589],[79.9729493,7.0468108],[79.972897,7.0470266],[79.9728512,7.0474452],[79.9729182,7.047696]]]}},
{"type":"Feature","properties":{"osm_id":"397744537","code":8103,"fclass":"canal","width":0,"name":null},"geometry":{"type":"MultiLineString","coordinates":[[[79.9604656,7.0403988],[79.9604662,7.0403785],[79.960465,7.0403547],[79.9604597,7.0403303],[79.9604552,7.0403008],[79.9604502,7.0402704],[79.9604486,7.0402433],[79.9604457,7.0402195],[79.960451,7.0401416],[79.9604494,7.0401022],[79.9604469,7.0400275],[79.9604452,7.039984],[79.9604486,7.0399569],[79.9604717,7.0399471],[79.9605188,7.0399471],[79.9605726,7.039961],[79.9606048,7.0399627],[79.960627,7.0399492],[79.9606287,7.0398772],[79.960629,7.0398192],[79.9606302,7.0397321],[79.9606343,7.0396387],[79.9606355,7.0396097],[79.9606325,7.0395702],[79.9606302,7.0395319],[79.9606191,7.0394872],[79.9606021,7.0394066],[79.9605863,7.0393276],[79.9605682,7.0392563],[79.9605676,7.0392388],[79.9605606,7.0392185],[79.9605378,7.0391663],[79.960504,7.0391122],[79.9605089,7.0390386],[79.9605106,7.0389631],[79.9604874,7.0389155],[79.960451,7.0388334],[79.9604014,7.0386873],[79.9603073,7.0383955],[79.9602372,7.0381135],[79.9601045,7.0381475]]]}},
{"type":"Feature","properties":{"osm_id":"397738561","code":8103,"fclass":"canal","width":0,"name":null},"geometry":{"type":"MultiLineString","coordinates":[[[79.9652583,7.039069],[79.9652742,7.0390072],[79.9652699,7.0388965],[79.9652684,7.0388218],[79.9652569,7.0387701],[79.9652489,7.0387449],[79.9652359,7.0387076],[79.9651965,7.0386387],[79.9651699,7.0385412],[79.9651821,7.0385026],[79.9652436,7.0384558],[79.9653214,7.0384639],[79.9653554,7.0384789],[79.9654017,7.038512],[79.9654567,7.0385594],[79.9655117,7.0386198],[79.9655639,7.0386744],[79.9655986,7.0387146],[79.9656435,7.0387376],[79.965713,7.0387606],[79.9657564,7.0387922],[79.9657753,7.0388296],[79.9657767,7.0388885],[79.9657789,7.0389323],[79.9657731,7.0389632],[79.9657673,7.0390207],[79.965755,7.0390574],[79.9657391,7.0390803],[79.9657318,7.0390865],[79.9657235,7.0390979],[79.9657166,7.0391098],[79.9657152,7.0391306],[79.9657158,7.039201],[79.9657312,7.0392782],[79.9657384,7.0393392],[79.9657476,7.0394195],[79.9657507,7.0394825],[79.9657875,7.0396003],[79.9658039,7.0396613],[79.965809,7.039707],[79.9658213,7.0397873],[79.9658162,7.0398239],[79.9657967,7.0399082],[79.9658121,7.0399479],[79.9658315,7.0400058],[79.965853,7.0400739],[79.9658704,7.0401277],[79.965894,7.0402171],[79.9659216,7.0403137],[79.9659462,7.0403757],[79.9659682,7.0404122],[79.9659918,7.0404387],[79.9660379,7.040462],[79.9660788,7.0404895],[79.9660993,7.0405139],[79.9661034,7.0405525],[79.9661188,7.040588],[79.9661423,7.0406226],[79.9661648,7.0406744],[79.9661822,7.0407313],[79.9661822,7.0407811],[79.9662089,7.0408756],[79.9662344,7.0409366],[79.9662621,7.0410717],[79.9663004,7.041248],[79.9663317,7.0414833],[79.9663395,7.0415574],[79.9663598,7.0416934],[79.9662741,7.0417555],[79.9662305,7.0417897],[79.9662281,7.0418255]]]}},
{"type":"Feature","properties":{"osm_id":"401583676","code":8103,"fclass":"canal","width":5,"name":"depa ela"},"geometry":{"type":"MultiLineString","coordinates":[[[79.8873296,7.1231397],[79.88736,7.1233105],[79.8874058,7.123425],[79.8874716,7.123643],[79.8874696,7.1237331],[79.88742,7.1251076],[79.8873312,7.1253975],[79.8871238,7.125921],[79.8870342,7.1261498],[79.8868976,7.1264018],[79.8863121,7.1274743],[79.8861836,7.1280602],[79.8861537,7.1282666],[79.8861534,7.1284971],[79.8864744,7.1306957],[79.8864484,7.1310204],[79.8863585,7.1321454],[79.8860106,7.1329968],[79.8854077,7.1338482],[79.8846888,7.1347916],[79.8843758,7.1354934],[79.8838683,7.1362932],[79.8837844,7.1364253],[79.883425,7.1374608],[79.8831235,7.139129],[79.8829763,7.1395479],[79.8828104,7.1399459],[79.882488,7.1410334],[79.8823202,7.1416682],[79.8822835,7.1421574],[79.8821576,7.1424384],[79.8819314,7.1429716],[79.881835,7.1433506],[79.881725,7.1438314]]]}},
{"type":"Feature","properties":{"osm_id":"400927408","code":8103,"fclass":"canal","width":0,"name":null},"geometry":{"type":"MultiLineString","coordinates":[[[79.9662281,7.0418255],[79.9662716,7.0419553],[79.9663015,7.0420691],[79.9663106,7.0422216],[79.9663152,7.0423786],[79.966368,7.0425129],[79.9663886,7.0426085],[79.9664528,7.0428384],[79.9664895,7.0429909],[79.9665148,7.0431662],[79.9665354,7.0433278],[79.966579,7.0434029],[79.9666386,7.0434871],[79.9667028,7.0435714],[79.9668085,7.0437677],[79.9669369,7.0440408],[79.9671342,7.0443504],[79.9672626,7.0445962],[79.967391,7.044801],[79.9674461,7.0449558],[79.9676373,7.0452055],[79.9677007,7.045295],[79.9677605,7.0453483],[79.9677871,7.0453974],[79.9678269,7.0454906],[79.9678672,7.0455398],[79.9679058,7.0456173]]]}},
{"type":"Feature","properties":{"osm_id":"399698092","code":8103,"fclass":"canal","width":0,"name":null},"geometry":{"type":"MultiLineString","coordinates":[[[79.8541905,7.1054435],[79.8552129,7.1055208]]]}},
{"type":"Feature","properties":{"osm_id":"398448472","code":8103,"fclass":"canal","width":0,"name":null},"geometry":{"type":"MultiLineString","coordinates":[[[79.971211,7.0390326],[79.9712429,7.0390416],[79.9713036,7.03901],[79.9713901,7.0389633],[79.9714644,7.0389422],[79.9715024,7.0389332],[79.9715494,7.0389422],[79.9715658,7.0389782],[79.9715873,7.0390229],[79.9716173,7.0390825],[79.9716516,7.03914],[79.9716581,7.0391698],[79.971701,7.0392167],[79.9717696,7.0392955],[79.9718147,7.0393658],[79.9718469,7.0394296],[79.9718791,7.0394935],[79.9718898,7.0395255],[79.971907,7.0395425],[79.9719435,7.0395468],[79.9719965,7.0395371],[79.9720931,7.0395286],[79.9721703,7.0395392],[79.972239,7.0395584],[79.9722948,7.0395903],[79.9723377,7.0396095],[79.9724106,7.0396137],[79.97246,7.0396286],[79.9725136,7.0396648],[79.9725566,7.0397053],[79.9725952,7.0397649],[79.9726038,7.0397862],[79.9725963,7.0398203],[79.9725845,7.0398608],[79.9725769,7.0398789],[79.9725855,7.039889],[79.9726113,7.0399011],[79.9726629,7.0399154],[79.9727039,7.0399214],[79.9727388,7.0399177],[79.9727631,7.0399169],[79.9727911,7.0398996],[79.9728319,7.0398655],[79.9728641,7.0398442],[79.9728941,7.0398485],[79.972922,7.0398762],[79.9729435,7.0399124],[79.9730036,7.0399677],[79.9730658,7.0399965],[79.9731237,7.0400178],[79.9731741,7.0400348],[79.9732256,7.0400359],[79.9732718,7.040054],[79.9733437,7.0400976],[79.9734005,7.0401264],[79.9734649,7.0401189],[79.9735518,7.0400955],[79.9736537,7.0400721],[79.9737481,7.0400423],[79.9738447,7.0400199],[79.9739112,7.0400199],[79.9739649,7.0400359],[79.9740292,7.0400689],[79.9740679,7.040103],[79.9741085,7.0401232]]]}},
{"type":"Feature","properties":{"osm_id":"962536419","code":8103,"fclass":"canal","width":0,"name":null},"geometry":{"type":"MultiLineString","coordinates":[[[79.9299877,6.905215],[79.9301261,6.9058401],[79.9300597,6.9060134],[79.9299346,6.9060906],[79.9297582,6.9061207],[79.9296349,6.9061],[79.9295913,6.9060228]]]}},
{"type":"Feature","properties":{"osm_id":"962536418","code":8103,"fclass":"canal","width":0,"name":null},"geometry":{"type":"MultiLineString","coordinates":[[[79.9293902,6.9049288],[79.9293125,6.9050098],[79.9295363,6.9058496]]]}},
{"type":"Feature","properties":{"osm_id":"962536417","code":8103,"fclass":"canal","width":0,"name":null},"geometry":{"type":"MultiLineString","coordinates":[[[79.9282515,6.9027235],[79.9276748,6.9027754],[79.9276225,6.9027994],[79.9275863,6.9028779],[79.9275689,6.9033293],[79.9274911,6.9033665],[79.9274026,6.9033839],[79.9272913,6.9033346],[79.9267919,6.9030137],[79.9265644,6.9028699],[79.9264893,6.9027608],[79.9264906,6.9025957],[79.9267709,6.90193],[79.9267548,6.9017316]]]}},
{"type":"Feature","properties":{"osm_id":"962536416","code":8103,"fclass":"canal","width":0,"name":null},"geometry":{"type":"MultiLineString","coordinates":[[[79.928505,6.9026476],[79.9284205,6.9026729]]]}},
{"type":"Feature","properties":{"osm_id":"963176438","code":8103,"fclass":"canal","width":0,"name":null},"geometry":{"type":"MultiLineString","coordinates":[[[79.9324545,6.884812],[79.9329153,6.8842951],[79.9329709,6.8842329],[79.9328984,6.8841676]]]}},
{"type":"Feature","properties":{"osm_id":"963176437","code":8103,"fclass":"canal","width":0,"name":null},"geometry":{"type":"MultiLineString","coordinates":[[[79.9328984,6.8841676],[79.9327627,6.8840676]]]}},
{"type":"Feature","properties":{"osm_id":"963176436","code":8103,"fclass":"canal","width":0,"name":null},"geometry":{"type":"MultiLineString","coordinates":[[[79.9330395,6.8843909],[79.932989,6.8843531],[79.9329153,6.8842951]]]}},
{"type":"Feature","properties":{"osm_id":"962536420","code":8103,"fclass":"canal","width":0,"name":null},"geometry":{"type":"MultiLineString","coordinates":[[[79.929559,6.904047],[79.9294395,6.9040703],[79.9293504,6.9040401],[79.9292423,6.9039441],[79.9290981,6.9039027],[79.9290242,6.9039215],[79.9289938,6.9039893],[79.929028,6.9041832],[79.9292252,6.9047104],[79.9293902,6.9049288],[79.9296747,6.9050588],[79.9299383,6.905151],[79.9299877,6.905215],[79.9302039,6.9051472],[79.9304827,6.9051604],[79.9310118,6.9054052],[79.931283,6.9054391]]]}},
{"type":"Feature","properties":{"osm_id":"1183383759","code":8103,"fclass":"canal","width":0,"name":"ela"},"geometry":{"type":"MultiLineString","coordinates":[[[80.0354652,6.4232787],[80.0354741,6.4232207]]]}},
{"type":"Feature","properties":{"osm_id":"951258529","code":8103,"fclass":"canal","width":0,"name":null},"geometry":{"type":"MultiLineString","coordinates":[[[79.9365664,6.8018924],[79.93662,6.8016581],[79.9367461,6.8014317],[79.936797,6.8012639],[79.9370036,6.8011973],[79.937194,6.8010881],[79.9375534,6.8009736],[79.9382588,6.8005741],[79.9383795,6.8005341],[79.9384707,6.8003983],[79.9389508,6.8000947],[79.9393237,6.799807],[79.9396589,6.7994049],[79.9398896,6.79908],[79.9400881,6.799048],[79.9402115,6.7989255],[79.9403617,6.7989361],[79.9406379,6.7989042],[79.9408525,6.7988489],[79.9409464,6.7988802],[79.9412361,6.7989048],[79.9414014,6.7988616],[79.9415873,6.7988955],[79.9416897,6.798952],[79.941849,6.7989332],[79.9421828,6.7990462],[79.9425622,6.7991064],[79.9432943,6.799129],[79.9437456,6.7990462],[79.944015,6.7989482],[79.9442653,6.7987863],[79.944345,6.7984925],[79.9445346,6.7983456],[79.9451378,6.7981497],[79.9451719,6.7980518],[79.9455285,6.7979501],[79.9459078,6.7980066],[79.9460102,6.7979539],[79.9463895,6.7980895],[79.9467622,6.7981017]]]}},
{"type":"Feature","properties":{"osm_id":"1183383758","code":8103,"fclass":"canal","width":0,"name":"ela"},"geometry":{"type":"MultiLineString","coordinates":[[[80.0354741,6.4232207],[80.0354856,6.4231167],[80.0354962,6.4229801],[80.0355192,6.4227954],[80.0355067,6.4226461],[80.0355052,6.42248],[80.035513,6.42234],[80.0355897,6.42218],[80.0356736,6.422054],[80.0357359,6.4218673],[80.0357929,6.4216597],[80.0358072,6.4213994],[80.0358242,6.4211575]]]}},
{"type":"Feature","properties":{"osm_id":"951258526","code":8103,"fclass":"canal","width":0,"name":null},"geometry":{"type":"MultiLineString","coordinates":[[[79.9388723,6.7979859],[79.9389425,6.7977203],[79.9392042,6.7977382],[79.9393275,6.797725],[79.9399439,6.797838],[79.9402056,6.7977938],[79.9402948,6.7977561]]]}},
{"type":"Feature","properties":{"osm_id":"1183383757","code":8103,"fclass":"canal","width":0,"name":"ela"},"geometry":{"type":"MultiLineString","coordinates":[[[80.0354044,6.4278898],[80.0354374,6.4278091]]]}},
{"type":"Feature","properties":{"osm_id":"951258525","code":8103,"fclass":"canal","width":0,"name":null},"geometry":{"type":"MultiLineString","coordinates":[[[79.9402948,6.7977561],[79.9405281,6.797791]]]}},
{"type":"Feature","properties":{"osm_id":"1183383756","code":8103,"fclass":"canal","width":0,"name":"ela"},"geometry":{"type":"MultiLineString","coordinates":[[[80.035368,6.4279761],[80.0354044,6.4278898]]]}},
{"type":"Feature","properties":{"osm_id":"951258524","code":8103,"fclass":"canal","width":0,"name":null},"geometry":{"type":"MultiLineString","coordinates":[[[79.9405281,6.797791],[79.9407869,6.7979049],[79.9409254,6.797903]]]}},
{"type":"Feature","properties":{"osm_id":"1183383773","code":8103,"fclass":"canal","width":0,"name":"ela"},"geometry":{"type":"MultiLineString","coordinates":[[[80.0392687,6.432138],[80.0393317,6.4322348]]]}},
{"type":"Feature","properties":{"osm_id":"962536415","code":8103,"fclass":"canal","width":0,"name":null},"geometry":{"type":"MultiLineString","coordinates":[[[79.9284205,6.9026729],[79.9282515,6.9027235]]]}},
{"type":"Feature","properties":{"osm_id":"1183383772","code":8103,"fclass":"canal","width":0,"name":"ela"},"geometry":{"type":"MultiLineString","coordinates":[[[80.0393317,6.4322348],[80.0393566,6.432273],[80.0395042,6.4324129],[80.0401452,6.4328021],[80.0403813,6.4329114]]]}},
{"type":"Feature","properties":{"osm_id":"1183383771","code":8103,"fclass":"canal","width":0,"name":"ela"},"geometry":{"type":"MultiLineString","coordinates":[[[80.0368945,6.4316781],[80.0370594,6.4316736]]]}},
{"type":"Feature","properties":{"osm_id":"1183383770","code":8103,"fclass":"canal","width":0,"name":"ela"},"geometry":{"type":"MultiLineString","coordinates":[[[80.0337052,6.4315521],[80.0338286,6.4315574],[80.0340861,6.431632],[80.0343221,6.431616],[80.0346172,6.4316693],[80.0349283,6.4316693],[80.0351322,6.431632],[80.0354916,6.4316373],[80.0362412,6.4316706],[80.0365296,6.4316813],[80.0367924,6.4316734],[80.0368945,6.4316781]]]}},
{"type":"Feature","properties":{"osm_id":"951477866","code":8103,"fclass":"canal","width":0,"name":null},"geometry":{"type":"MultiLineString","coordinates":[[[79.9521339,6.7535479],[79.9515492,6.7533801],[79.9515063,6.7529592],[79.9501973,6.7529859],[79.9496636,6.7531271],[79.9489421,6.7530125],[79.9488214,6.7529592],[79.9477431,6.7529752],[79.9472869,6.7529286]]]}},
{"type":"Feature","properties":{"osm_id":"998048634","code":8103,"fclass":"canal","width":0,"name":null},"geometry":{"type":"MultiLineString","coordinates":[[[79.9064602,6.9081753],[79.9067885,6.9083206],[79.9069843,6.9084697],[79.9071828,6.9086854],[79.9072525,6.9087253],[79.9073356,6.9087094],[79.9074295,6.9086641],[79.9075073,6.9085895],[79.9075019,6.9085176],[79.9074402,6.9084404],[79.9072257,6.9083525],[79.9071613,6.908254],[79.9071506,6.9081688],[79.9072015,6.9080916],[79.9078619,6.9072687]]]}},
{"type":"Feature","properties":{"osm_id":"998048630","code":8103,"fclass":"canal","width":0,"name":null},"geometry":{"type":"MultiLineString","coordinates":[[[79.9111657,6.9112081],[79.9116114,6.9107864],[79.9123739,6.9099485],[79.912554,6.9099014],[79.9131875,6.9097546],[79.9136142,6.9094665],[79.9143274,6.9092161],[79.9156891,6.9095926],[79.9162316,6.9097546]]]}},
{"type":"Feature","properties":{"osm_id":"1183383755","code":8103,"fclass":"canal","width":0,"name":"ela"},"geometry":{"type":"MultiLineString","coordinates":[[[80.0356656,6.4267237],[80.0356943,6.4266346],[80.0358044,6.4263309],[80.0358623,6.4261677],[80.0358394,6.42598],[80.0358101,6.4257232],[80.0357952,6.4254548],[80.0357695,6.4251965],[80.0357086,6.4249898],[80.0356785,6.4248233],[80.0356752,6.4246604],[80.0355613,6.4245529],[80.0355448,6.4244729],[80.0355666,6.4242852],[80.0355489,6.4241366],[80.0354833,6.4239729],[80.0354421,6.4238939],[80.0353888,6.4237536],[80.0354001,6.4236197],[80.0354373,6.4235025],[80.0354576,6.4233339],[80.0354652,6.4232787]]]}},
{"type":"Feature","properties":{"osm_id":"973881875","code":8103,"fclass":"canal","width":10,"name":null},"geometry":{"type":"MultiLineString","coordinates":[[[79.8915401,6.9238038],[79.8919463,6.9238214],[79.8927146,6.9238477],[79.8932003,6.9238886],[79.8938626,6.9238974],[79.89509,6.9239236],[79.8961438,6.9239383],[79.8966619,6.9238769],[79.8974567,6.9236928],[79.8979512,6.9235204],[79.8984928,6.9233889],[79.8987871,6.9234123],[79.8990666,6.9234908]]]}},
{"type":"Feature","properties":{"osm_id":"973881878","code":8103,"fclass":"canal","width":10,"name":null},"geometry":{"type":"MultiLineString","coordinates":[[[79.8990666,6.9234908],[79.8993017,6.9235094],[79.8996133,6.9235323],[79.899911,6.9235369],[79.9003845,6.9234386],[79.900803,6.9231758],[79.9010641,6.9228527],[79.9012645,6.9225118],[79.9012859,6.9222739],[79.9012537,6.9217377],[79.9011571,6.9210027],[79.9010355,6.9204416],[79.900803,6.9198415],[79.9006206,6.9195397],[79.9002593,6.9188757],[79.8999124,6.9183927],[79.8994867,6.9174872],[79.8993078,6.9171428],[79.899154,6.916738],[79.8991004,6.9163758],[79.8991362,6.9159142],[79.8991755,6.9149093],[79.8992004,6.9145655]]]}},
{"type":"Feature","properties":{"osm_id":"973881876","code":8103,"fclass":"canal","width":0,"name":null},"geometry":{"type":"MultiLineString","coordinates":[[[79.8912351,6.9236143],[79.8915401,6.9238038]]]}},
{"type":"Feature","properties":{"osm_id":"1009537463","code":8103,"fclass":"canal","width":0,"name":null},"geometry":{"type":"MultiLineString","coordinates":[[[79.9063107,6.8179371],[79.9069904,6.8173307]]]}},
{"type":"Feature","properties":{"osm_id":"1183383775","code":8103,"fclass":"canal","width":0,"name":"ela"},"geometry":{"type":"MultiLineString","coordinates":[[[80.0355925,6.4269242],[80.0356656,6.4267237]]]}},
{"type":"Feature","properties":{"osm_id":"1183383774","code":8103,"fclass":"canal","width":0,"name":"ela"},"geometry":{"type":"MultiLineString","coordinates":[[[80.0354374,6.4278091],[80.0355227,6.4275244],[80.0355506,6.4272555],[80.0355925,6.4269242]]]}},
{"type":"Feature","properties":{"osm_id":"1005740340","code":8103,"fclass":"canal","width":0,"name":null},"geometry":{"type":"MultiLineString","coordinates":[[[79.9305893,6.8795798],[79.9306486,6.8794268],[79.93066,6.8792884],[79.9306344,6.8792442],[79.9306003,6.8791914],[79.9305775,6.8791152],[79.9305585,6.8790116],[79.9305491,6.8789052],[79.9305822,6.87886],[79.9306581,6.8788064],[79.9306941,6.8786906],[79.930733,6.8786058],[79.9308098,6.8785964],[79.9308933,6.8785785],[79.9309274,6.8785569],[79.9310147,6.8785644],[79.9310811,6.8785898],[79.9311304,6.8786435],[79.9311104,6.878716],[79.9310848,6.8787838],[79.9310479,6.8787857],[79.9309834,6.8787762],[79.9309625,6.8788214],[79.9309625,6.8788694],[79.9309606,6.8789099],[79.9310042,6.8789815],[79.9309919,6.8790304],[79.9309929,6.8790483],[79.9309312,6.8790775],[79.930898,6.879183],[79.9308866,6.8792225],[79.9308032,6.8792394],[79.9307852,6.8792715],[79.9308004,6.8793138],[79.9308819,6.8793647],[79.9309085,6.879423],[79.93088,6.879455],[79.9308411,6.8794654],[79.9307823,6.8794607],[79.9306486,6.8794268]]]}},
{"type":"Feature","properties":{"osm_id":"1009537467","code":8103,"fclass":"canal","width":0,"name":null},"geometry":{"type":"MultiLineString","coordinates":[[[79.9091469,6.8211322],[79.9093956,6.8208257],[79.909535,6.8204582],[79.9095082,6.8200853],[79.9097818,6.8196272],[79.9098462,6.8192437],[79.9107045,6.8192863],[79.910844,6.8191745],[79.910903,6.8188975],[79.9110955,6.8187466],[79.9111752,6.818579]]]}},
{"type":"Feature","properties":{"osm_id":"1009537466","code":8103,"fclass":"canal","width":0,"name":null},"geometry":{"type":"MultiLineString","coordinates":[[[79.909535,6.8204582],[79.9099652,6.8206411],[79.910206,6.8204227],[79.9103198,6.8204547],[79.9105019,6.8202287],[79.9106195,6.8202287],[79.9109078,6.8204039]]]}},
{"type":"Feature","properties":{"osm_id":"1009537465","code":8103,"fclass":"canal","width":0,"name":null},"geometry":{"type":"MultiLineString","coordinates":[[[79.9111752,6.818579],[79.9112549,6.8183644]]]}},
{"type":"Feature","properties":{"osm_id":"1009537464","code":8103,"fclass":"canal","width":0,"name":null},"geometry":{"type":"MultiLineString","coordinates":[[[79.9112549,6.8183644],[79.9112718,6.818238]]]}},
{"type":"Feature","properties":{"osm_id":"1005740332","code":8103,"fclass":"canal","width":0,"name":null},"geometry":{"type":"MultiLineString","coordinates":[[[79.9305775,6.8791152],[79.9305186,6.8791528]]]}},
{"type":"Feature","properties":{"osm_id":"1185374144","code":8103,"fclass":"canal","width":0,"name":null},"geometry":{"type":"MultiLineString","coordinates":[[[80.0951673,6.4037527],[80.0952866,6.4032494],[80.0950353,6.4026304],[80.0954777,6.4018989],[80.0958528,6.4010688],[80.096412,6.4005448],[80.0967695,6.4000489],[80.0963837,6.3996198],[80.0960652,6.3994615],[80.0956582,6.3995037],[80.095368,6.399261],[80.0950848,6.3993173],[80.0944548,6.3988073],[80.0940301,6.3984626],[80.0935382,6.3983466],[80.0931807,6.3981179],[80.0929465,6.3977905]]]}},
{"type":"Feature","properties":{"osm_id":"1185374141","code":8103,"fclass":"canal","width":0,"name":null},"geometry":{"type":"MultiLineString","coordinates":[[[80.102614,6.3946452],[80.1029514,6.3944271],[80.1031282,6.3941523],[80.1032441,6.3940251],[80.1035876,6.3938493],[80.1038275,6.3936392],[80.1040918,6.3929261]]]}},
{"type":"Feature","properties":{"osm_id":"1185374140","code":8103,"fclass":"canal","width":0,"name":null},"geometry":{"type":"MultiLineString","coordinates":[[[80.1066306,6.3993156],[80.1063725,6.39895],[80.1062668,6.3986854],[80.1059558,6.398548],[80.1055533,6.3984773],[80.1053175,6.3983824],[80.1051894,6.3981945],[80.1050289,6.3978814],[80.1045532,6.3975945],[80.1038377,6.3972592],[80.1036933,6.3970289],[80.1031669,6.396433],[80.1029087,6.3960189],[80.1028416,6.3958229],[80.1029758,6.3954492],[80.102614,6.3946452],[80.1023639,6.3944533]]]}},
{"type":"Feature","properties":{"osm_id":"1005740339","code":8103,"fclass":"canal","width":0,"name":null},"geometry":{"type":"MultiLineString","coordinates":[[[79.9309929,6.8790483],[79.9311113,6.8790729]]]}},
{"type":"Feature","properties":{"osm_id":"1005740338","code":8103,"fclass":"canal","width":0,"name":null},"geometry":{"type":"MultiLineString","coordinates":[[[79.9306344,6.8792442],[79.930715,6.8790672],[79.9308089,6.8790135],[79.930826,6.8789589],[79.9308184,6.8788892],[79.930771,6.8788017],[79.9307776,6.8787546],[79.930807,6.8787075],[79.9308743,6.8786849],[79.9309104,6.8786642],[79.9309123,6.8786313],[79.9309274,6.8785569]]]}},
{"type":"Feature","properties":{"osm_id":"1005740337","code":8103,"fclass":"canal","width":0,"name":null},"geometry":{"type":"MultiLineString","coordinates":[[[79.9308184,6.8788892],[79.9309606,6.8789099]]]}},
{"type":"Feature","properties":{"osm_id":"1005740333","code":8103,"fclass":"canal","width":0,"name":null},"geometry":{"type":"MultiLineString","coordinates":[[[79.9313951,6.8778979],[79.9314997,6.8778047],[79.9316203,6.8778111],[79.931699,6.877834],[79.9319208,6.8780337]]]}},
{"type":"Feature","properties":{"osm_id":"1029518255","code":8103,"fclass":"canal","width":0,"name":null},"geometry":{"type":"MultiLineString","coordinates":[[[79.8911863,6.9660887],[79.8914411,6.9660676],[79.8914942,6.9660267]]]}},
{"type":"Feature","properties":{"osm_id":"1184269911","code":8103,"fclass":"canal","width":0,"name":null},"geometry":{"type":"MultiLineString","coordinates":[[[80.1780242,6.5117694],[80.1779678,6.5120572],[80.1778418,6.5126462],[80.177815,6.5129153],[80.1777425,6.5132085],[80.1777104,6.5135576],[80.1776031,6.5140106],[80.1774448,6.5146741],[80.1773912,6.5150286],[80.1773509,6.5152791],[80.1771846,6.5156122],[80.176895,6.5161185],[80.1767555,6.5162518],[80.1766804,6.5164356],[80.1766643,6.5166275],[80.1766643,6.5167208],[80.176549,6.5169633],[80.1764309,6.5171925],[80.1763451,6.5173204],[80.1762727,6.5174616],[80.176152,6.5176535],[80.1760353,6.5178214],[80.1759616,6.517924],[80.1758972,6.5180172],[80.1758073,6.5181771],[80.1756772,6.5182944],[80.1755485,6.5184636],[80.1754533,6.5185689],[80.1753963,6.5186095]]]}},
{"type":"Feature","properties":{"osm_id":"1009537502","code":8103,"fclass":"canal","width":0,"name":null},"geometry":{"type":"MultiLineString","coordinates":[[[79.8997952,6.8329785],[79.8997235,6.8327834],[79.8998254,6.8316329]]]}},
{"type":"Feature","properties":{"osm_id":"1029520342","code":8103,"fclass":"canal","width":0,"name":null},"geometry":{"type":"MultiLineString","coordinates":[[[79.894764,6.9697243],[79.8946447,6.9702803],[79.8946275,6.9706388],[79.8944616,6.9707227],[79.8944594,6.9708043]]]}},
{"type":"Feature","properties":{"osm_id":"1029518258","code":8103,"fclass":"canal","width":0,"name":null},"geometry":{"type":"MultiLineString","coordinates":[[[79.8918027,6.9657894],[79.891903,6.9657121]]]}},
{"type":"Feature","properties":{"osm_id":"1029518257","code":8103,"fclass":"canal","width":0,"name":null},"geometry":{"type":"MultiLineString","coordinates":[[[79.8915613,6.9659751],[79.8916982,6.9658697],[79.8918027,6.9657894]]]}},
{"type":"Feature","properties":{"osm_id":"1029518256","code":8103,"fclass":"canal","width":0,"name":null},"geometry":{"type":"MultiLineString","coordinates":[[[79.8914942,6.9660267],[79.8915613,6.9659751]]]}},
{"type":"Feature","properties":{"osm_id":"1009537486","code":8103,"fclass":"canal","width":0,"name":null},"geometry":{"type":"MultiLineString","coordinates":[[[79.9074178,6.8132466],[79.9071866,6.813291],[79.9066708,6.8133513],[79.9063825,6.813453],[79.9061852,6.8134304],[79.9055707,6.8132345],[79.9054455,6.8132609],[79.9053886,6.8133814],[79.9054607,6.8135773],[79.9057414,6.8138145],[79.9058552,6.8140631],[79.9058514,6.814323],[79.9056428,6.8147222],[79.9051231,6.815291],[79.9050289,6.8154779]]]}},
{"type":"Feature","properties":{"osm_id":"1009537470","code":8103,"fclass":"canal","width":0,"name":null},"geometry":{"type":"MultiLineString","coordinates":[[[79.9138856,6.8226633],[79.9142584,6.822634],[79.9146447,6.8220321]]]}},
{"type":"Feature","properties":{"osm_id":"1009537469","code":8103,"fclass":"canal","width":0,"name":null},"geometry":{"type":"MultiLineString","coordinates":[[[79.9146447,6.8220321],[79.9147493,6.821891]]]}},
{"type":"Feature","properties":{"osm_id":"1009537468","code":8103,"fclass":"canal","width":0,"name":null},"geometry":{"type":"MultiLineString","coordinates":[[[79.9147493,6.821891],[79.9148324,6.8217871]]]}},
{"type":"Feature","properties":{"osm_id":"1009537491","code":8103,"fclass":"canal","width":0,"name":null},"geometry":{"type":"MultiLineString","coordinates":[[[79.9110478,6.8216806],[79.9138856,6.8226633],[79.9138625,6.8227602]]]}},
{"type":"Feature","properties":{"osm_id":"1009537490","code":8103,"fclass":"canal","width":0,"name":null},"geometry":{"type":"MultiLineString","coordinates":[[[79.9201405,6.8210762],[79.9187028,6.8218407],[79.9180011,6.8223304],[79.9176168,6.822812]]]}},
{"type":"Feature","properties":{"osm_id":"1009537487","code":8103,"fclass":"canal","width":0,"name":null},"geometry":{"type":"MultiLineString","coordinates":[[[79.9073193,6.8175307],[79.9073422,6.817257],[79.9070311,6.8170876],[79.906978,6.8169746],[79.9069742,6.8167297],[79.9069666,6.8165753],[79.9068187,6.8164473],[79.9064545,6.8160819],[79.9059538,6.81563],[79.9058249,6.8154831],[79.9058211,6.8151253],[79.905878,6.8150236],[79.9062763,6.8148503],[79.9064356,6.8148503],[79.906519,6.8149256],[79.9069059,6.8149708],[79.9072246,6.8148993],[79.9073497,6.814952],[79.9074332,6.8152156],[79.9074863,6.8154906],[79.907638,6.815532],[79.9077746,6.8154642],[79.9078429,6.8153324],[79.9078429,6.8151554],[79.9077025,6.8146545],[79.9075318,6.814549],[79.9074408,6.8144661],[79.907217,6.8141761],[79.9071942,6.8139275],[79.9072018,6.8137882],[79.9073725,6.8134417],[79.9074178,6.8132466],[79.9074635,6.81305]]]}},
{"type":"Feature","properties":{"osm_id":"1185546680","code":8103,"fclass":"canal","width":0,"name":null},"geometry":{"type":"MultiLineString","coordinates":[[[80.078983,6.4086865],[80.0788156,6.4090081],[80.0787315,6.4093144],[80.0786755,6.4096857],[80.0785167,6.409927],[80.07847,6.4101683],[80.0781618,6.4105488],[80.0778162,6.4109851],[80.0775921,6.4112635],[80.0772278,6.4115977],[80.0768262,6.4119225],[80.0763031,6.4123588],[80.0759389,6.4124052],[80.0756587,6.4123123],[80.0753038,6.4122195],[80.0750049,6.4121453],[80.0747901,6.4122102],[80.0746219,6.4124887],[80.0744632,6.4127486],[80.0743137,6.4129528],[80.0740242,6.4132405],[80.073744,6.4134725],[80.0734209,6.4135493]]]}},
{"type":"Feature","properties":{"osm_id":"920642582","code":8103,"fclass":"canal","width":2,"name":null},"geometry":{"type":"MultiLineString","coordinates":[[[79.9600754,6.8835279],[79.959571,6.8836917],[79.9595254,6.8837557],[79.9593263,6.8838461],[79.9591537,6.8838611],[79.9590646,6.8840344],[79.9588654,6.8841831],[79.9588237,6.8842641],[79.9588199,6.8844561],[79.9586985,6.8845785],[79.9586245,6.884829],[79.9585639,6.8848742],[79.9584899,6.8850154],[79.9583609,6.8850549],[79.9580897,6.8850907],[79.9579702,6.8850719],[79.9577843,6.8852263],[79.9571964,6.8855539],[79.9570523,6.8857422],[79.9569878,6.885746],[79.9568626,6.8860472],[79.9568455,6.8862374],[79.9567564,6.8863504],[79.9567014,6.8864728],[79.9565743,6.886582],[79.9565591,6.8867721],[79.9564302,6.8868569],[79.9558915,6.8869623],[79.9558555,6.8871563],[79.9557872,6.8873276],[79.9557777,6.8874331],[79.955662,6.8876138],[79.9556108,6.8876571],[79.9554819,6.8879433],[79.9553757,6.8880676],[79.955241,6.8881147],[79.9550343,6.888399],[79.9547498,6.8884969],[79.9545905,6.8887341],[79.954342,6.8889883],[79.9541125,6.889107],[79.9538963,6.8892538],[79.9537939,6.8893951],[79.9537863,6.8895551],[79.9538337,6.8896982]]]}},
{"type":"Feature","properties":{"osm_id":"1185545327","code":8103,"fclass":"canal","width":0,"name":null},"geometry":{"type":"MultiLineString","coordinates":[[[80.0734209,6.4135493],[80.0730059,6.4138153]]]}},
{"type":"Feature","properties":{"osm_id":"920642581","code":8103,"fclass":"canal","width":2,"name":null},"geometry":{"type":"MultiLineString","coordinates":[[[79.9602822,6.8834394],[79.9601741,6.8834845]]]}},
{"type":"Feature","properties":{"osm_id":"1185545326","code":8103,"fclass":"canal","width":0,"name":null},"geometry":{"type":"MultiLineString","coordinates":[[[80.0780618,6.4135654],[80.0773583,6.4136204],[80.07691,6.4136297],[80.0764804,6.4136854],[80.0762842,6.4137318],[80.0759573,6.4136668],[80.0756398,6.4136112],[80.0752195,6.4136204],[80.0750607,6.4136761],[80.0747618,6.413639],[80.0743415,6.4136761],[80.0742388,6.4136947],[80.0736784,6.4136854],[80.0734542,6.4137875],[80.0730059,6.4138153],[80.0726883,6.413936],[80.0725296,6.4140381],[80.0725015,6.4141402],[80.0724268,6.4141959],[80.0719318,6.4143166],[80.0717357,6.4143166],[80.0714835,6.414168],[80.0709231,6.4142794],[80.0707199,6.4142267]]]}},
{"type":"Feature","properties":{"osm_id":"920642580","code":8103,"fclass":"canal","width":1,"name":null},"geometry":{"type":"MultiLineString","coordinates":[[[79.9601741,6.8834845],[79.9600754,6.8835279]]]}},
{"type":"Feature","properties":{"osm_id":"920642579","code":8103,"fclass":"canal","width":1,"name":null},"geometry":{"type":"MultiLineString","coordinates":[[[79.9646303,6.8671236],[79.9644935,6.8674805]]]}},
{"type":"Feature","properties":{"osm_id":"925078192","code":8103,"fclass":"canal","width":0,"name":null},"geometry":{"type":"MultiLineString","coordinates":[[[79.8905818,6.9024585],[79.8897625,6.9027353],[79.8894268,6.9028125]]]}},
{"type":"Feature","properties":{"osm_id":"925078189","code":8103,"fclass":"canal","width":0,"name":null},"geometry":{"type":"MultiLineString","coordinates":[[[79.8837325,6.8964185],[79.8845165,6.8965294],[79.884873,6.8965275]]]}},
{"type":"Feature","properties":{"osm_id":"1185546682","code":8103,"fclass":"canal","width":0,"name":null},"geometry":{"type":"MultiLineString","coordinates":[[[80.0719849,6.4026057],[80.0720178,6.4025675],[80.0720866,6.4024878]]]}},
{"type":"Feature","properties":{"osm_id":"925078188","code":8103,"fclass":"canal","width":0,"name":null},"geometry":{"type":"MultiLineString","coordinates":[[[79.884873,6.8965275],[79.8849689,6.8965143]]]}},
{"type":"Feature","properties":{"osm_id":"1185546681","code":8103,"fclass":"canal","width":0,"name":null},"geometry":{"type":"MultiLineString","coordinates":[[[80.078983,6.4086865],[80.0790274,6.4084374],[80.0790582,6.4081129],[80.0791938,6.4071698],[80.0792308,6.4067963],[80.0793109,6.4065514],[80.079354,6.4062513],[80.0793602,6.4059941],[80.079354,6.4056696],[80.0793417,6.4052899],[80.0793725,6.4050633],[80.0794254,6.4049429]]]}},
{"type":"Feature","properties":{"osm_id":"920642583","code":8103,"fclass":"canal","width":1,"name":null},"geometry":{"type":"MultiLineString","coordinates":[[[79.9618649,6.8731419],[79.9618006,6.8734801],[79.9616799,6.8737144],[79.9616048,6.8739674],[79.961594,6.8744228],[79.9614894,6.8748994],[79.9615458,6.8752057],[79.9615216,6.8753574],[79.9616021,6.8755119],[79.9616128,6.8756583],[79.961594,6.8758421],[79.9618381,6.8763374],[79.9617067,6.8767129],[79.9616906,6.8770218],[79.9617255,6.8774026],[79.9615404,6.8776582],[79.961409,6.8779112],[79.9614063,6.8783639],[79.9614412,6.87875],[79.9613768,6.8788405],[79.9613392,6.8794264],[79.9611944,6.879943],[79.961122,6.8800521],[79.9611556,6.8802346]]]}},
{"type":"Feature","properties":{"osm_id":"920642574","code":8103,"fclass":"canal","width":1,"name":null},"geometry":{"type":"MultiLineString","coordinates":[[[79.9618918,6.8730513],[79.9618649,6.8731419]]]}},
{"type":"Feature","properties":{"osm_id":"1148386886","code":8103,"fclass":"canal","width":0,"name":null},"geometry":{"type":"MultiLineString","coordinates":[[[80.0772957,6.4025386],[80.0776337,6.4024213]]]}},
{"type":"Feature","properties":{"osm_id":"920642573","code":8103,"fclass":"canal","width":1,"name":null},"geometry":{"type":"MultiLineString","coordinates":[[[79.9611556,6.8802346],[79.9611859,6.8803353]]]}},
{"type":"Feature","properties":{"osm_id":"1148386885","code":8103,"fclass":"canal","width":0,"name":null},"geometry":{"type":"MultiLineString","coordinates":[[[80.0776337,6.4024213],[80.0777142,6.4021921],[80.0778215,6.4019256],[80.0779127,6.4016537],[80.0778429,6.4013711],[80.0779502,6.4012006],[80.0780199,6.4010993],[80.07843,6.400727]]]}},
{"type":"Feature","properties":{"osm_id":"920642572","code":8103,"fclass":"canal","width":1,"name":null},"geometry":{"type":"MultiLineString","coordinates":[[[79.9611859,6.8803353],[79.9611888,6.8805264],[79.961037,6.8807364],[79.9610873,6.8812787],[79.9609156,6.8813935],[79.9608739,6.8815771],[79.9607687,6.8816534],[79.960652,6.8820168],[79.9606587,6.882158],[79.9605913,6.8822475],[79.9604832,6.8825054]]]}},
{"type":"Feature","properties":{"osm_id":"1148386884","code":8103,"fclass":"canal","width":0,"name":null},"geometry":{"type":"MultiLineString","coordinates":[[[80.0794254,6.4049429],[80.0794791,6.404607],[80.0793664,6.4044151],[80.0791626,6.4041059],[80.0788622,6.403882],[80.0785939,6.4036475],[80.0782828,6.4034609],[80.0779824,6.4032103],[80.0778215,6.4029651],[80.0778,6.4027252],[80.0777893,6.4025013],[80.0776337,6.4024213],[80.0777142,6.4021921]]]}},
{"type":"Feature","properties":{"osm_id":"920642571","code":8103,"fclass":"canal","width":1,"name":null},"geometry":{"type":"MultiLineString","coordinates":[[[79.9604832,6.8825054],[79.9604699,6.882561]]]}},
{"type":"Feature","properties":{"osm_id":"920642578","code":8103,"fclass":"canal","width":1,"name":null},"geometry":{"type":"MultiLineString","coordinates":[[[79.9644935,6.8674805],[79.9644452,6.8675763]]]}},
{"type":"Feature","properties":{"osm_id":"920642577","code":8103,"fclass":"canal","width":1,"name":null},"geometry":{"type":"MultiLineString","coordinates":[[[79.9644452,6.8675763],[79.9641448,6.8680557],[79.9641475,6.8683859],[79.9640898,6.8685805]]]}},
{"type":"Feature","properties":{"osm_id":"1158315475","code":8103,"fclass":"canal","width":0,"name":null},"geometry":{"type":"MultiLineString","coordinates":[[[79.9920847,6.4785765],[79.9920544,6.4787691],[79.992038,6.4788643],[79.9920433,6.4790561],[79.9920889,6.4792747],[79.992105,6.4794506],[79.9921452,6.4795998],[79.9921587,6.4797704],[79.9921318,6.4799596],[79.9920487,6.4801355],[79.9919494,6.4802075],[79.9918717,6.4803061],[79.9917778,6.4804233],[79.9916759,6.4804766],[79.9915793,6.4805433],[79.9914613,6.4806605],[79.9913567,6.4807325],[79.9911502,6.4807591],[79.9910107,6.4807938],[79.9909356,6.4808551],[79.9908846,6.4809057],[79.9908256,6.480935],[79.990721,6.4809483],[79.9906083,6.480983],[79.9904903,6.4810416],[79.9904286,6.4810949],[79.9903374,6.4811109],[79.9902409,6.4811562],[79.9894148,6.4815533],[79.9891063,6.481714],[79.988881,6.4818419],[79.9887147,6.4819059],[79.9883408,6.4820418],[79.9881531,6.4821191],[79.9879895,6.482183],[79.9879278,6.4821857],[79.9875747,6.4823056],[79.9874271,6.4823509],[79.987285,6.4824096],[79.9871455,6.4824869],[79.987006,6.4825828],[79.9869631,6.4826334],[79.9869411,6.4827053],[79.986821,6.4827987],[79.9867378,6.482868],[79.9866761,6.4829399],[79.986593,6.4830252],[79.9864857,6.4830572],[79.9864186,6.4831293],[79.9863891,6.4832679],[79.986314,6.4834784],[79.9862818,6.483665],[79.986247,6.4838249],[79.9862523,6.4839768],[79.9862765,6.4840834],[79.9862738,6.4842619],[79.9862899,6.4843312],[79.9863704,6.4845418],[79.9864696,6.4847763],[79.9865286,6.4848802],[79.9865742,6.4849522],[79.9866037,6.4850881],[79.986601,6.4851814],[79.9865849,6.4852826],[79.986593,6.4854052],[79.9866842,6.4856851],[79.986778,6.4859489],[79.9868639,6.4861594],[79.9868804,6.4863196],[79.9869122,6.4865032],[79.9870194,6.4866791],[79.9870382,6.4868388],[79.9870275,6.4869108]]]}},
{"type":"Feature","properties":{"osm_id":"920642576","code":8103,"fclass":"canal","width":1,"name":null},"geometry":{"type":"MultiLineString","coordinates":[[[79.9640898,6.8685805],[79.9640885,6.8687454]]]}},
{"type":"Feature","properties":{"osm_id":"920642575","code":8103,"fclass":"canal","width":1,"name":null},"geometry":{"type":"MultiLineString","coordinates":[[[79.9640885,6.8687454],[79.9641046,6.8691714],[79.9640697,6.8696188],[79.9638578,6.8698984],[79.963595,6.869925],[79.9634314,6.8700396],[79.9631122,6.8701913],[79.9630344,6.8707399],[79.9630773,6.8708438],[79.9630237,6.870937],[79.9629217,6.8710328],[79.9627903,6.8712832],[79.9626696,6.8714136],[79.9624953,6.8715095],[79.9621573,6.8721566],[79.9620768,6.8722019],[79.9619508,6.8722232],[79.9618086,6.8724682],[79.9618757,6.8726226],[79.9618918,6.8730513]]]}},
{"type":"Feature","properties":{"osm_id":"1148386879","code":8103,"fclass":"canal","width":0,"name":null},"geometry":{"type":"MultiLineString","coordinates":[[[80.0746189,6.4093569],[80.074297,6.409005],[80.0740235,6.4086319],[80.0737123,6.4081628],[80.0735085,6.4078802],[80.0732885,6.407555],[80.0730793,6.4072938],[80.072972,6.4071392],[80.0728594,6.4069473],[80.0727735,6.4064729],[80.0726502,6.4063822],[80.0724248,6.4062332],[80.0722316,6.4061746],[80.0720037,6.406068],[80.0718535,6.4059214],[80.0717649,6.4057801],[80.0717274,6.4056868],[80.0715021,6.4053776],[80.0712982,6.4050604],[80.0712365,6.4050738],[80.07114,6.4049032],[80.0710622,6.4048445],[80.0709737,6.4046686],[80.0706626,6.4045327],[80.070228,6.4038636],[80.0703166,6.403749],[80.0707082,6.4035997],[80.0714404,6.403088],[80.0717676,6.4028401],[80.07184,6.4026642],[80.0719849,6.4026057]]]}},
{"type":"Feature","properties":{"osm_id":"926069447","code":8103,"fclass":"canal","width":0,"name":null},"geometry":{"type":"MultiLineString","coordinates":[[[79.8858646,6.8906237],[79.8858035,6.8910012]]]}},
{"type":"Feature","properties":{"osm_id":"1148362960","code":8103,"fclass":"canal","width":0,"name":null},"geometry":{"type":"MultiLineString","coordinates":[[[80.0787584,6.4289502],[80.0787172,6.4289741],[80.0785643,6.4290327],[80.0784367,6.4291067]]]}},
{"type":"Feature","properties":{"osm_id":"925078206","code":8103,"fclass":"canal","width":0,"name":null},"geometry":{"type":"MultiLineString","coordinates":[[[79.8869707,6.906277],[79.8865003,6.9063353],[79.8861163,6.9063523],[79.8860432,6.9063843],[79.8859437,6.906534],[79.8857872,6.9068748],[79.8852182,6.9075469],[79.8850418,6.9077964],[79.8849224,6.9079],[79.8847962,6.907915],[79.8846611,6.9079654]]]}},
{"type":"Feature","properties":{"osm_id":"1148362959","code":8103,"fclass":"canal","width":0,"name":null},"geometry":{"type":"MultiLineString","coordinates":[[[80.0789023,6.429166],[80.0788352,6.4290061],[80.0787922,6.4289264]]]}},
{"type":"Feature","properties":{"osm_id":"925078205","code":8103,"fclass":"canal","width":0,"name":null},"geometry":{"type":"MultiLineString","coordinates":[[[79.8872177,6.9062264],[79.8870892,6.90626]]]}},
{"type":"Feature","properties":{"osm_id":"1148362958","code":8103,"fclass":"canal","width":0,"name":null},"geometry":{"type":"MultiLineString","coordinates":[[[80.079192,6.4298536],[80.0791678,6.429747],[80.0789667,6.4293339],[80.0789023,6.429166]]]}},
{"type":"Feature","properties":{"osm_id":"925078204","code":8103,"fclass":"canal","width":0,"name":null},"geometry":{"type":"MultiLineString","coordinates":[[[79.8870892,6.90626],[79.8869707,6.906277]]]}},
{"type":"Feature","properties":{"osm_id":"1148386883","code":8103,"fclass":"canal","width":0,"name":null},"geometry":{"type":"MultiLineString","coordinates":[[[80.0763731,6.4026986],[80.0767432,6.4026452],[80.0770275,6.4025919],[80.0772957,6.4025386],[80.0773923,6.4027732],[80.0774889,6.4030451],[80.0775532,6.4032903],[80.0775425,6.4035089],[80.0775801,6.4037381],[80.0776552,6.4039993]]]}},
{"type":"Feature","properties":{"osm_id":"926069451","code":8103,"fclass":"canal","width":0,"name":null},"geometry":{"type":"MultiLineString","coordinates":[[[79.8854659,6.8912615],[79.8855132,6.8910657],[79.8856392,6.8910098],[79.8858035,6.8910012],[79.8861435,6.8909832],[79.8862401,6.8910311],[79.8863661,6.8910498],[79.8864815,6.8910018],[79.8864922,6.89089],[79.8864171,6.8908314],[79.8862857,6.8908474],[79.8861435,6.8909832]]]}},
{"type":"Feature","properties":{"osm_id":"1148386882","code":8103,"fclass":"canal","width":0,"name":null},"geometry":{"type":"MultiLineString","coordinates":[[[80.0755577,6.4048576],[80.0756006,6.4047883],[80.0757132,6.4044844],[80.0758366,6.4042019],[80.0759654,6.4040153],[80.0759815,6.4038181],[80.0758688,6.4033756],[80.0759546,6.4032263],[80.0760727,6.4030504],[80.0762175,6.4028585],[80.0763731,6.4026986]]]}},
{"type":"Feature","properties":{"osm_id":"926069450","code":8103,"fclass":"canal","width":0,"name":null},"geometry":{"type":"MultiLineString","coordinates":[[[79.8855132,6.8910657],[79.8854971,6.8908847],[79.8854622,6.8907116],[79.8855159,6.8903122],[79.8853201,6.8901604],[79.8849794,6.8902536],[79.8848775,6.8901764],[79.8845342,6.8902509],[79.8843813,6.8903494],[79.8842355,6.8902709]]]}},
{"type":"Feature","properties":{"osm_id":"1148386881","code":8103,"fclass":"canal","width":0,"name":null},"geometry":{"type":"MultiLineString","coordinates":[[[80.0741974,6.4063389],[80.0744099,6.4063197],[80.0745792,6.4061192],[80.0748388,6.4060304],[80.0750266,6.4058971],[80.0751124,6.4056679],[80.0752948,6.405476],[80.0754128,6.4052521],[80.0755577,6.4048576]]]}},
{"type":"Feature","properties":{"osm_id":"926069449","code":8103,"fclass":"canal","width":0,"name":null},"geometry":{"type":"MultiLineString","coordinates":[[[79.8854622,6.8907116],[79.8858646,6.8906237],[79.8860741,6.8904816],[79.8862964,6.8903308]]]}},
{"type":"Feature","properties":{"osm_id":"1148386880","code":8103,"fclass":"canal","width":0,"name":null},"geometry":{"type":"MultiLineString","coordinates":[[[80.0764535,6.4075231],[80.0758581,6.4073258],[80.0754772,6.4071232],[80.0751607,6.406958],[80.0748067,6.40683],[80.0744741,6.4066754],[80.0742541,6.4065528],[80.0741844,6.4064889],[80.0741974,6.4063389],[80.0740503,6.4062436],[80.0737928,6.4061423],[80.0735407,6.4060677],[80.0733046,6.406121],[80.0731276,6.4062116],[80.0730793,6.4063556],[80.0729184,6.4064089],[80.0727735,6.4064729]]]}},
{"type":"Feature","properties":{"osm_id":"926069448","code":8103,"fclass":"canal","width":0,"name":null},"geometry":{"type":"MultiLineString","coordinates":[[[79.8860741,6.8904816],[79.8857439,6.8903068],[79.8856392,6.8902456],[79.8855159,6.8903122]]]}},
{"type":"Feature","properties":{"osm_id":"925078196","code":8103,"fclass":"canal","width":0,"name":null},"geometry":{"type":"MultiLineString","coordinates":[[[79.8855507,6.899395],[79.885658,6.8995548],[79.8858297,6.8995761],[79.8859745,6.8995601],[79.8861435,6.899387],[79.8862991,6.8993418],[79.8865914,6.8994243],[79.8868757,6.8993684],[79.8871252,6.8993577],[79.8872486,6.8994882],[79.8872593,6.8996879],[79.8868194,6.9008169],[79.886865,6.9009794],[79.8870152,6.9011258],[79.8874256,6.9014054],[79.8877206,6.901488],[79.8884502,6.9016078],[79.8888472,6.9015732],[79.8892441,6.9013921],[79.8893782,6.9012643],[79.8902822,6.899608],[79.8904538,6.8994216],[79.8905852,6.8993684],[79.8908642,6.8993897],[79.8910788,6.8995042],[79.8913068,6.8997891],[79.8914704,6.9001033],[79.8913497,6.9006811],[79.8914704,6.9009368],[79.891355,6.9014294],[79.8914301,6.9015838],[79.8915911,6.9017329],[79.8915991,6.9019673],[79.8915618,6.9021129],[79.891524,6.9022602],[79.891237,6.9028007],[79.8910975,6.9031469],[79.891119,6.903296],[79.8912853,6.903509],[79.8916447,6.9037939],[79.8921543,6.9040362],[79.8927149,6.9041028],[79.8927464,6.9046828]]]}},
{"type":"Feature","properties":{"osm_id":"925078195","code":8103,"fclass":"canal","width":0,"name":null},"geometry":{"type":"MultiLineString","coordinates":[[[79.8866075,6.9010246],[79.886865,6.9009794]]]}},
{"type":"Feature","properties":{"osm_id":"925078194","code":8103,"fclass":"canal","width":0,"name":null},"geometry":{"type":"MultiLineString","coordinates":[[[79.8914301,6.9015838],[79.8917065,6.9015491],[79.8921143,6.9016451],[79.8923229,6.9017769],[79.8923457,6.9018918],[79.8922338,6.9020481],[79.8921029,6.9021592],[79.8919929,6.9021987],[79.8917065,6.902082],[79.8915618,6.9021129],[79.8905818,6.9024585],[79.8903884,6.9028313],[79.8899218,6.9032437],[79.8894594,6.9039103]]]}},
{"type":"Feature","properties":{"osm_id":"925078193","code":8103,"fclass":"canal","width":0,"name":null},"geometry":{"type":"MultiLineString","coordinates":[[[79.8899218,6.9032437],[79.8898516,6.9031232],[79.8898725,6.9030046],[79.8898497,6.9028803],[79.8897625,6.9027353]]]}},
{"type":"Feature","properties":{"osm_id":"1182286526","code":8103,"fclass":"canal","width":0,"name":null},"geometry":{"type":"MultiLineString","coordinates":[[[80.1506502,6.5895779],[80.1505537,6.5895533]]]}},
{"type":"Feature","properties":{"osm_id":"925078203","code":8103,"fclass":"canal","width":0,"name":null},"geometry":{"type":"MultiLineString","coordinates":[[[79.8846611,6.9079654],[79.8845378,6.9080765]]]}},
{"type":"Feature","properties":{"osm_id":"925078202","code":8103,"fclass":"canal","width":0,"name":null},"geometry":{"type":"MultiLineString","coordinates":[[[79.8845378,6.9080765],[79.8842263,6.9084046]]]}},
{"type":"Feature","properties":{"osm_id":"925078198","code":8103,"fclass":"canal","width":0,"name":null},"geometry":{"type":"MultiLineString","coordinates":[[[79.8856815,6.9008656],[79.8862266,6.9010566],[79.8868006,6.9020685],[79.8871493,6.9023454],[79.8873371,6.9027128],[79.8876375,6.9031176],[79.8879591,6.9032885],[79.8881686,6.9033998],[79.8894594,6.9039103],[79.8900676,6.9041507],[79.8907328,6.9042945],[79.8911941,6.9042785],[79.8915428,6.9042306],[79.8923367,6.9044862],[79.8927464,6.9046828],[79.8932961,6.9049465]]]}},
{"type":"Feature","properties":{"osm_id":"925078197","code":8103,"fclass":"canal","width":0,"name":null},"geometry":{"type":"MultiLineString","coordinates":[[[79.8883414,6.9048437],[79.8883885,6.9044969],[79.8883456,6.90422],[79.8880559,6.9038365],[79.8878628,6.9034478],[79.8879591,6.9032885],[79.8879701,6.9031176],[79.8882812,6.9028779],[79.8882598,6.902585],[79.8882061,6.9023507],[79.8882812,6.9020738],[79.8881149,6.9019513],[79.8876375,6.9018075],[79.887439,6.9016584],[79.8869991,6.9014773],[79.8867309,6.9012377],[79.8866075,6.9010246],[79.8862266,6.9010566]]]}},
{"type":"Feature","properties":{"osm_id":"948248120","code":8103,"fclass":"canal","width":0,"name":null},"geometry":{"type":"MultiLineString","coordinates":[[[79.9237189,6.910885],[79.9241316,6.9110073],[79.9248853,6.911167],[79.9252756,6.9113148],[79.9257503,6.9117954],[79.9258925,6.9119858],[79.9259358,6.9123199]]]}},
{"type":"Feature","properties":{"osm_id":"948131119","code":8103,"fclass":"canal","width":0,"name":null},"geometry":{"type":"MultiLineString","coordinates":[[[79.977657,6.9535585],[79.977721,6.9534917],[79.9778144,6.9533058]]]}},
{"type":"Feature","properties":{"osm_id":"950067546","code":8103,"fclass":"canal","width":0,"name":null},"geometry":{"type":"MultiLineString","coordinates":[[[79.9512669,6.807777],[79.9513661,6.8077224]]]}},
{"type":"Feature","properties":{"osm_id":"950067537","code":8103,"fclass":"canal","width":1,"name":null},"geometry":{"type":"MultiLineString","coordinates":[[[79.9622281,6.7883943],[79.9625619,6.7873471],[79.9625676,6.7870458],[79.962616,6.7868151],[79.9626416,6.7865335],[79.9625771,6.7856484],[79.9620634,6.7832807],[79.9612513,6.7808685],[79.9610996,6.7801491],[79.960982,6.7798364],[79.9607241,6.7792865],[79.9613377,6.7789984]]]}},
{"type":"Feature","properties":{"osm_id":"930364715","code":8103,"fclass":"canal","width":0,"name":null},"geometry":{"type":"MultiLineString","coordinates":[[[80.093242,6.8426532],[80.0930846,6.8429093]]]}},
{"type":"Feature","properties":{"osm_id":"930364714","code":8103,"fclass":"canal","width":0,"name":null},"geometry":{"type":"MultiLineString","coordinates":[[[80.0930846,6.8429093],[80.0930106,6.8430355]]]}},
{"type":"Feature","properties":{"osm_id":"930364713","code":8103,"fclass":"canal","width":0,"name":null},"geometry":{"type":"MultiLineString","coordinates":[[[80.0930106,6.8430355],[80.0929727,6.8430995]]]}},
{"type":"Feature","properties":{"osm_id":"930364712","code":8103,"fclass":"canal","width":0,"name":null},"geometry":{"type":"MultiLineString","coordinates":[[[80.0929727,6.8430995],[80.0926503,6.8434912],[80.0926294,6.8436208]]]}},
{"type":"Feature","properties":{"osm_id":"948131118","code":8103,"fclass":"canal","width":0,"name":null},"geometry":{"type":"MultiLineString","coordinates":[[[79.9775996,6.9535929],[79.977657,6.9535585]]]}},
{"type":"Feature","properties":{"osm_id":"930364718","code":8103,"fclass":"canal","width":0,"name":null},"geometry":{"type":"MultiLineString","coordinates":[[[80.0945744,6.8398379],[80.0944824,6.8402146],[80.0944122,6.8404123],[80.0941732,6.8407889],[80.0941315,6.8410507],[80.0939703,6.8413482],[80.0937275,6.8418849],[80.093242,6.8426532]]]}},
{"type":"Feature","properties":{"osm_id":"930364717","code":8103,"fclass":"canal","width":0,"name":null},"geometry":{"type":"MultiLineString","coordinates":[[[80.0945791,6.839676],[80.0945744,6.8397946]]]}},
{"type":"Feature","properties":{"osm_id":"930364716","code":8103,"fclass":"canal","width":0,"name":null},"geometry":{"type":"MultiLineString","coordinates":[[[80.0945744,6.8397946],[80.0945744,6.8398379]]]}},
{"type":"Feature","properties":{"osm_id":"951258515","code":8103,"fclass":"canal","width":0,"name":null},"geometry":{"type":"MultiLineString","coordinates":[[[79.9476506,6.8134751],[79.9477552,6.8133686],[79.947782,6.8132354],[79.9476251,6.8128093],[79.9480811,6.8123659],[79.9484378,6.8121275],[79.9486336,6.8120663],[79.9490614,6.8117134],[79.9492505,6.8117307],[79.9493484,6.8117027],[79.9494128,6.8116002],[79.9494691,6.8115722],[79.949681,6.8108678],[79.9498393,6.8105775],[79.9499586,6.8105295],[79.9500686,6.8105136],[79.9501383,6.810447],[79.9502027,6.8100129],[79.9502027,6.8096773],[79.9502483,6.8094269],[79.950369,6.8090541],[79.9505192,6.8088011],[79.9505407,6.8086093],[79.951061,6.8084921],[79.9510932,6.8080074],[79.9511535,6.8078276],[79.9512233,6.807801]]]}},
{"type":"Feature","properties":{"osm_id":"951258514","code":8103,"fclass":"canal","width":0,"name":null},"geometry":{"type":"MultiLineString","coordinates":[[[79.9513748,6.8199655],[79.9515036,6.8193582],[79.9513346,6.819305],[79.9515089,6.8186631],[79.9513802,6.8171291],[79.951458,6.8166577],[79.951466,6.8161224],[79.9515572,6.8159972],[79.9515679,6.8157762],[79.9515277,6.815667],[79.9512702,6.8153873],[79.9512005,6.8153927],[79.9511817,6.8147455],[79.9514446,6.8145964],[79.9516082,6.8144419],[79.951753,6.8142661],[79.951863,6.8139492],[79.9518737,6.8134671],[79.9517664,6.8128066],[79.9517093,6.8126827]]]}},
{"type":"Feature","properties":{"osm_id":"951258513","code":8103,"fclass":"canal","width":0,"name":null},"geometry":{"type":"MultiLineString","coordinates":[[[79.9517093,6.8126827],[79.9516564,6.8126262]]]}},
{"type":"Feature","properties":{"osm_id":"951258523","code":8103,"fclass":"canal","width":0,"name":null},"geometry":{"type":"MultiLineString","coordinates":[[[79.9409254,6.797903],[79.9410326,6.797854]]]}},
{"type":"Feature","properties":{"osm_id":"951258522","code":8103,"fclass":"canal","width":0,"name":null},"geometry":{"type":"MultiLineString","coordinates":[[[79.9410326,6.797854],[79.941318,6.7977759],[79.9419761,6.797742],[79.9423754,6.7976959],[79.9426067,6.7977665],[79.9431359,6.7977316],[79.944858,6.7974689],[79.9452696,6.797484],[79.9454792,6.7974661],[79.9461373,6.7975942],[79.9462634,6.7976055],[79.94638,6.7975838],[79.9465469,6.797613],[79.9472724,6.7975141],[79.9477096,6.7975169],[79.9482008,6.7976638],[79.9489528,6.7979454],[79.9497133,6.7981761],[79.9498082,6.7982985],[79.9500557,6.7983795]]]}},
{"type":"Feature","properties":{"osm_id":"951258519","code":8103,"fclass":"canal","width":0,"name":null},"geometry":{"type":"MultiLineString","coordinates":[[[79.9500557,6.7983795],[79.9501097,6.7984106]]]}},
{"type":"Feature","properties":{"osm_id":"951258518","code":8103,"fclass":"canal","width":0,"name":null},"geometry":{"type":"MultiLineString","coordinates":[[[79.9501097,6.7984106],[79.9505241,6.7985951],[79.9507565,6.7986441],[79.9513804,6.7988644],[79.9519845,6.7991667],[79.952306,6.7992891],[79.9524549,6.7992543],[79.9527052,6.7992816],[79.952966,6.7991789],[79.9530893,6.7991855],[79.9542481,6.7989511],[79.9543515,6.7989859],[79.9544425,6.7991375],[79.954507,6.7991874],[79.9545677,6.7992006],[79.9546417,6.7992712]]]}},
{"type":"Feature","properties":{"osm_id":"1183330647","code":8103,"fclass":"canal","width":0,"name":null},"geometry":{"type":"MultiLineString","coordinates":[[[80.0665092,6.4155781],[80.0664327,6.4154816],[80.0661847,6.4149336],[80.0660877,6.4146871],[80.066023,6.4143886],[80.0659136,6.4141758],[80.0656409,6.4139369],[80.0650093,6.413643],[80.0643715,6.4133567],[80.0640542,6.4132297],[80.0637861,6.4132236],[80.0635319,6.4132144],[80.0633794,6.4131684],[80.0630559,6.4131363],[80.0627093,6.4130368],[80.0622872,6.412997],[80.0616971,6.4128949]]]}},
{"type":"Feature","properties":{"osm_id":"950067554","code":8103,"fclass":"canal","width":0,"name":null},"geometry":{"type":"MultiLineString","coordinates":[[[79.9475567,6.8135231],[79.9476506,6.8134751]]]}},
{"type":"Feature","properties":{"osm_id":"1183330646","code":8103,"fclass":"canal","width":0,"name":null},"geometry":{"type":"MultiLineString","coordinates":[[[80.0720866,6.4024878],[80.072001,6.4024574],[80.0718669,6.4023089],[80.0717653,6.4021482],[80.0716667,6.4020609],[80.071622,6.4020287],[80.0714448,6.4018466],[80.0711876,6.401597],[80.0710227,6.4014439],[80.0709657,6.4013567],[80.0706253,6.4010566],[80.0702448,6.4006708],[80.0698935,6.4002621],[80.0695531,6.4000018],[80.0690247,6.3994338],[80.0689646,6.3993512],[80.0685071,6.398999],[80.0683098,6.3987437]]]}},
{"type":"Feature","properties":{"osm_id":"950067552","code":8103,"fclass":"canal","width":0,"name":null},"geometry":{"type":"MultiLineString","coordinates":[[[79.9553968,6.8202611],[79.9551514,6.8202211],[79.9549086,6.8202305],[79.954576,6.8201838],[79.9542958,6.82008],[79.9537405,6.819787],[79.9534911,6.8196246],[79.9532711,6.8194408],[79.9531746,6.8194115],[79.9531397,6.8192997],[79.9528903,6.8189774],[79.9527776,6.8189454],[79.9525389,6.818996],[79.9522707,6.8188203],[79.9521232,6.8186205],[79.9520615,6.8183382],[79.9521419,6.8180399],[79.9522036,6.8175393],[79.9524236,6.8175419],[79.9525573,6.8167919],[79.9526901,6.816242],[79.9526938,6.8159388],[79.9526863,6.8155753],[79.9524833,6.8155678],[79.9525307,6.8144812],[79.952489,6.8142194],[79.9525099,6.8139426],[79.9524814,6.8136658],[79.9524928,6.8133607],[79.9524757,6.8131177],[79.9523619,6.8126903],[79.9521533,6.8122515]]]}},
{"type":"Feature","properties":{"osm_id":"1183330644","code":8103,"fclass":"canal","width":0,"name":null},"geometry":{"type":"MultiLineString","coordinates":[[[80.0752679,6.4016433],[80.0751579,6.4017046],[80.0749997,6.4016806],[80.0748146,6.401542],[80.0743238,6.4013208],[80.0741494,6.4013208],[80.0740314,6.4012941],[80.0736935,6.4012648],[80.072744,6.4013687],[80.0729129,6.4017712],[80.0725401,6.4020751],[80.0721002,6.4024456],[80.0720866,6.4024878]]]}},
{"type":"Feature","properties":{"osm_id":"950067549","code":8103,"fclass":"canal","width":0,"name":null},"geometry":{"type":"MultiLineString","coordinates":[[[79.9516564,6.8126262],[79.9514923,6.8123974],[79.9511823,6.8119511],[79.9511159,6.8117778],[79.9511083,6.8114003],[79.9510666,6.8112421]]]}},
{"type":"Feature","properties":{"osm_id":"950067547","code":8103,"fclass":"canal","width":0,"name":null},"geometry":{"type":"MultiLineString","coordinates":[[[79.9521533,6.8122515],[79.9519219,6.8117261],[79.9516735,6.8110989],[79.9514136,6.8110424],[79.9514231,6.8107053],[79.9514762,6.8104492],[79.9513567,6.8098052],[79.9512847,6.8091517],[79.9510685,6.8088372],[79.9510324,6.8086319],[79.9510988,6.8085264],[79.9511747,6.8079257],[79.9512233,6.807801],[79.9512669,6.807777]]]}},
{"type":"Feature","properties":{"osm_id":"950067568","code":8103,"fclass":"canal","width":0,"name":null},"geometry":{"type":"MultiLineString","coordinates":[[[79.9467622,6.7981017],[79.9468201,6.79808]]]}},
{"type":"Feature","properties":{"osm_id":"1183330649","code":8103,"fclass":"canal","width":0,"name":null},"geometry":{"type":"MultiLineString","coordinates":[[[80.0666232,6.4157302],[80.0665092,6.4155781]]]}},
{"type":"Feature","properties":{"osm_id":"950067567","code":8103,"fclass":"canal","width":0,"name":null},"geometry":{"type":"MultiLineString","coordinates":[[[79.9468201,6.79808],[79.9472762,6.7979868],[79.9473454,6.7980753],[79.9481211,6.7979783],[79.9481278,6.7978173],[79.9482008,6.7976638]]]}},
{"type":"Feature","properties":{"osm_id":"1183330648","code":8103,"fclass":"canal","width":0,"name":null},"geometry":{"type":"MultiLineString","coordinates":[[[80.0802887,6.4344876],[80.0801044,6.4337607],[80.0798469,6.4323587],[80.0796752,6.4317297],[80.0794821,6.4313512],[80.079348,6.431202],[80.0791227,6.4309781],[80.0788652,6.4306156],[80.077964,6.4289418],[80.0776046,6.4283714],[80.0773685,6.4281848],[80.0766658,6.4278223],[80.0761079,6.4273745],[80.0754642,6.4266549],[80.0742625,6.4252369],[80.0736295,6.4244053],[80.073533,6.4243307],[80.0731199,6.4236164],[80.0728839,6.4228221],[80.0727069,6.4220065],[80.0724226,6.4214148],[80.07209,6.4208657],[80.0717949,6.4205246],[80.0712531,6.42029],[80.0705665,6.4199168],[80.0693809,6.4192132],[80.0690547,6.4189383],[80.0686981,6.418387],[80.0686665,6.4183382],[80.0686262,6.4182693],[80.0681797,6.4175054],[80.0678223,6.4171992],[80.0673971,6.4168441],[80.0672246,6.4166359],[80.0667994,6.4157786],[80.0666232,6.4157302]]]}},
{"type":"Feature","properties":{"osm_id":"950067557","code":8103,"fclass":"canal","width":0,"name":null},"geometry":{"type":"MultiLineString","coordinates":[[[79.9411663,6.8164819],[79.9413541,6.816181],[79.9419254,6.8159573],[79.942022,6.8156776],[79.9426013,6.8154246],[79.9429453,6.8156309],[79.9431738,6.8155188],[79.9440074,6.8150047],[79.9442653,6.8148804],[79.9457333,6.8144322],[79.9458319,6.8143531],[79.9465413,6.8140255],[79.9467613,6.8140179],[79.947035,6.8137814],[79.9475567,6.8135231]]]}},
{"type":"Feature","properties":{"osm_id":"1185783142","code":8103,"fclass":"canal","width":0,"name":null},"geometry":{"type":"MultiLineString","coordinates":[[[80.1395412,6.7845805],[80.1402453,6.7843781],[80.1409668,6.7841383],[80.1416078,6.7839852],[80.1418096,6.7839493],[80.1420102,6.7839066],[80.1428966,6.7836962],[80.1434934,6.7835977],[80.1436865,6.783567],[80.1440781,6.7834259],[80.1443839,6.7833114],[80.1445717,6.7833793],[80.1447701,6.7832381],[80.1450571,6.7829931],[80.14532,6.7829851]]]}},
{"type":"Feature","properties":{"osm_id":"1188693326","code":8103,"fclass":"canal","width":0,"name":null},"geometry":{"type":"MultiLineString","coordinates":[[[79.9933996,6.5384955],[79.9930953,6.5386746],[79.9915027,6.5395688],[79.9910635,6.5397768],[79.9907121,6.5400046],[79.9905726,6.5401045],[79.9904899,6.5401933],[79.9904345,6.5403217],[79.9903604,6.5405005],[79.9888777,6.543233],[79.9888527,6.5433557],[79.9888976,6.5434528],[79.9890169,6.5435434],[79.989257,6.5436993],[79.9896593,6.5439178],[79.9899016,6.544079],[79.9899437,6.5441589],[79.9899343,6.5442962],[79.9899565,6.5444782],[79.9899584,6.5446535],[79.9899029,6.5448406],[79.9897744,6.5449417],[79.9896553,6.5450625],[79.9895861,6.5451772],[79.9894046,6.5452074],[79.9890765,6.5453714],[79.988756,6.5454825],[79.9883042,6.5456824],[79.9879594,6.5458613],[79.9875876,6.5459913],[79.9871173,6.5460798],[79.9866474,6.5460766],[79.9862923,6.5461703],[79.9857631,6.5463681],[79.9852332,6.5465063],[79.9848338,6.5465697],[79.9844089,6.5465754],[79.9839082,6.5465207],[79.9834992,6.5464682]]]}},
{"type":"Feature","properties":{"osm_id":"1239334529","code":8103,"fclass":"canal","width":0,"name":null},"geometry":{"type":"MultiLineString","coordinates":[[[79.8986423,6.8183179],[79.8985988,6.8181278],[79.8986555,6.8178292],[79.8988478,6.8174768],[79.8989186,6.8173571]]]}},
{"type":"Feature","properties":{"osm_id":"1191879611","code":8103,"fclass":"canal","width":0,"name":"ela"},"geometry":{"type":"MultiLineString","coordinates":[[[80.0322839,6.4385007],[80.0322769,6.438587]]]}},
{"type":"Feature","properties":{"osm_id":"1232415619","code":8103,"fclass":"canal","width":0,"name":null},"geometry":{"type":"MultiLineString","coordinates":[[[79.8982585,6.8580681],[79.8981832,6.8581038],[79.8980176,6.8581129]]]}},
{"type":"Feature","properties":{"osm_id":"1191879596","code":8103,"fclass":"canal","width":0,"name":"ela"},"geometry":{"type":"MultiLineString","coordinates":[[[80.025703,6.4380071],[80.0255851,6.4380259]]]}},
{"type":"Feature","properties":{"osm_id":"1232415604","code":8103,"fclass":"canal","width":0,"name":null},"geometry":{"type":"MultiLineString","coordinates":[[[79.8894465,6.8641489],[79.8894184,6.8642191]]]}},
{"type":"Feature","properties":{"osm_id":"1191879595","code":8103,"fclass":"canal","width":0,"name":"ela"},"geometry":{"type":"MultiLineString","coordinates":[[[80.0255851,6.4380259],[80.0255299,6.4380368],[80.0254118,6.438114],[80.0251463,6.4384445],[80.0248727,6.4386711],[80.0246581,6.4387724],[80.0243524,6.4389669],[80.0239044,6.4391642],[80.0235128,6.4394707],[80.02325,6.4396359],[80.0231776,6.4396466]]]}},
{"type":"Feature","properties":{"osm_id":"1232415603","code":8103,"fclass":"canal","width":0,"name":null},"geometry":{"type":"MultiLineString","coordinates":[[[79.8894184,6.8642191],[79.889412,6.8642351],[79.8894003,6.8642643]]]}},
{"type":"Feature","properties":{"osm_id":"1193995309","code":8103,"fclass":"canal","width":0,"name":null},"geometry":{"type":"MultiLineString","coordinates":[[[80.0199251,6.4906784],[80.0197655,6.4906687],[80.0190751,6.4910965],[80.0189917,6.4910739],[80.0188893,6.4909231],[80.0181667,6.491202],[80.0174004,6.4913433],[80.017207,6.4912774],[80.0171273,6.4911624],[80.0170609,6.4910626],[80.0168466,6.4910889],[80.0167233,6.491219],[80.0148893,6.4912227],[80.0142141,6.4912623]]]}},
{"type":"Feature","properties":{"osm_id":"1242774261","code":8103,"fclass":"canal","width":0,"name":null},"geometry":{"type":"MultiLineString","coordinates":[[[79.8627006,6.8456261],[79.8625759,6.8455915],[79.8625222,6.8455822],[79.8624753,6.8455809],[79.8624417,6.8455622],[79.8623935,6.8455529],[79.862313,6.8455343],[79.8622929,6.8455516],[79.8622674,6.8455382]]]}},
{"type":"Feature","properties":{"osm_id":"1242759083","code":8103,"fclass":"canal","width":0,"name":null},"geometry":{"type":"MultiLineString","coordinates":[[[79.891332,6.8613081],[79.8912177,6.8614888],[79.8911251,6.861559],[79.8907182,6.8617511],[79.8906457,6.8617916],[79.8905811,6.861852],[79.8903536,6.8622265],[79.8901807,6.862554],[79.8901513,6.8626151],[79.8900169,6.8628757],[79.8899664,6.8629771],[79.8898874,6.8631201],[79.8898555,6.8631867],[79.8897645,6.8633604],[79.8897455,6.8633968]]]}},
{"type":"Feature","properties":{"osm_id":"1231052630","code":8103,"fclass":"canal","width":0,"name":"Katu Ela"},"geometry":{"type":"MultiLineString","coordinates":[[[79.9013269,6.862418],[79.9010025,6.8620502],[79.9009082,6.8619271],[79.9001375,6.8608849],[79.8998163,6.8604506],[79.8997897,6.8604146]]]}},
{"type":"Feature","properties":{"osm_id":"1231052629","code":8103,"fclass":"canal","width":0,"name":"Katu Ela"},"geometry":{"type":"MultiLineString","coordinates":[[[79.9015055,6.865548],[79.9016794,6.8651465],[79.901896,6.8644993],[79.9019588,6.8642178],[79.9019353,6.8639301],[79.9019062,6.8637656],[79.9016836,6.8629734],[79.9015371,6.8626825],[79.9013839,6.8624775],[79.9013269,6.862418]]]}},
{"type":"Feature","properties":{"osm_id":"1231580896","code":8103,"fclass":"canal","width":0,"name":null},"geometry":{"type":"MultiLineString","coordinates":[[[79.8894658,6.8641008],[79.8892935,6.8640528]]]}},
{"type":"Feature","properties":{"osm_id":"1198903859","code":8103,"fclass":"canal","width":0,"name":null},"geometry":{"type":"MultiLineString","coordinates":[[[79.9969482,6.5468996],[79.9976104,6.5468052],[79.9980793,6.5467555],[79.9984116,6.5467962],[79.9986528,6.5469228],[79.9989441,6.5470359],[79.9994449,6.5471489],[80.0002278,6.5473298],[80.0008969,6.5474519],[80.0016844,6.5476419],[80.0022034,6.5477595],[80.0025083,6.5478363],[80.0027245,6.5478906],[80.0029146,6.5479207],[80.0030317,6.5479716],[80.0031436,6.5480489],[80.003355,6.5482162],[80.0037783,6.5485011]]]}},
{"type":"Feature","properties":{"osm_id":"1231580894","code":8103,"fclass":"canal","width":0,"name":"Katu Ela"},"geometry":{"type":"MultiLineString","coordinates":[[[79.8978571,6.8570304],[79.8975516,6.856773]]]}},
{"type":"Feature","properties":{"osm_id":"1231580893","code":8103,"fclass":"canal","width":0,"name":"Katu Ela"},"geometry":{"type":"MultiLineString","coordinates":[[[79.8997897,6.8604146],[79.8994701,6.8599824],[79.8984864,6.8589363],[79.8983563,6.8587214],[79.8983029,6.8585481],[79.8982585,6.8580681],[79.898121,6.857592],[79.8978571,6.8570304]]]}},
{"type":"Feature","properties":{"osm_id":"1231580892","code":8103,"fclass":"canal","width":0,"name":null},"geometry":{"type":"MultiLineString","coordinates":[[[79.8980176,6.8581129],[79.8979795,6.858115],[79.8978556,6.8581045],[79.8976827,6.8580168],[79.897576,6.8578452],[79.8974914,6.8575456],[79.8973405,6.8572351],[79.897094,6.8569794],[79.8968769,6.8568881],[79.8967702,6.856815],[79.8967431,6.8567218],[79.8967774,6.8566107]]]}},
{"type":"Feature","properties":{"osm_id":"1030956462","code":8103,"fclass":"canal","width":0,"name":null},"geometry":{"type":"MultiLineString","coordinates":[[[79.9792962,6.901564],[79.9794114,6.9015595]]]}},
{"type":"Feature","properties":{"osm_id":"1033471674","code":8103,"fclass":"canal","width":0,"name":null},"geometry":{"type":"MultiLineString","coordinates":[[[79.9476147,6.9351476],[79.9476261,6.9350535],[79.9476678,6.9350102]]]}},
{"type":"Feature","properties":{"osm_id":"1033471673","code":8103,"fclass":"canal","width":0,"name":null},"geometry":{"type":"MultiLineString","coordinates":[[[79.9476678,6.9350102],[79.9478398,6.9349562]]]}},
{"type":"Feature","properties":{"osm_id":"1033471672","code":8103,"fclass":"canal","width":0,"name":null},"geometry":{"type":"MultiLineString","coordinates":[[[79.9478932,6.9358409],[79.947793,6.9357407],[79.9477134,6.9356447]]]}},
{"type":"Feature","properties":{"osm_id":"1033471671","code":8103,"fclass":"canal","width":0,"name":null},"geometry":{"type":"MultiLineString","coordinates":[[[79.9477134,6.9356447],[79.9476147,6.9351476]]]}},
{"type":"Feature","properties":{"osm_id":"1029533199","code":8103,"fclass":"canal","width":0,"name":null},"geometry":{"type":"MultiLineString","coordinates":[[[79.8944844,6.9736466],[79.8943747,6.9736877]]]}},
{"type":"Feature","properties":{"osm_id":"1029533198","code":8103,"fclass":"canal","width":0,"name":null},"geometry":{"type":"MultiLineString","coordinates":[[[79.8943747,6.9736877],[79.8942558,6.9737321]]]}},
{"type":"Feature","properties":{"osm_id":"1029533197","code":8103,"fclass":"canal","width":0,"name":null},"geometry":{"type":"MultiLineString","coordinates":[[[79.8942558,6.9737321],[79.8941129,6.9737856]]]}},
{"type":"Feature","properties":{"osm_id":"1029520343","code":8103,"fclass":"canal","width":0,"name":null},"geometry":{"type":"MultiLineString","coordinates":[[[79.8944594,6.9708043],[79.8944563,6.9709161]]]}},
{"type":"Feature","properties":{"osm_id":"1029540762","code":8103,"fclass":"canal","width":0,"name":null},"geometry":{"type":"MultiLineString","coordinates":[[[79.8911013,6.9643462],[79.8910864,6.9644503],[79.8914342,6.9649163],[79.8920296,6.9656147]]]}},
{"type":"Feature","properties":{"osm_id":"1029533204","code":8103,"fclass":"canal","width":0,"name":null},"geometry":{"type":"MultiLineString","coordinates":[[[79.8951588,6.9686073],[79.8951843,6.9685122]]]}},
{"type":"Feature","properties":{"osm_id":"1029533203","code":8103,"fclass":"canal","width":0,"name":null},"geometry":{"type":"MultiLineString","coordinates":[[[79.8951286,6.9687203],[79.8951588,6.9686073]]]}},
{"type":"Feature","properties":{"osm_id":"1060575608","code":8103,"fclass":"canal","width":0,"name":null},"geometry":{"type":"MultiLineString","coordinates":[[[79.9299168,6.8700115],[79.9299324,6.8699638]]]}},
{"type":"Feature","properties":{"osm_id":"1060575607","code":8103,"fclass":"canal","width":0,"name":null},"geometry":{"type":"MultiLineString","coordinates":[[[79.9299324,6.8699638],[79.9299578,6.8698866]]]}},
{"type":"Feature","properties":{"osm_id":"1060575606","code":8103,"fclass":"canal","width":0,"name":null},"geometry":{"type":"MultiLineString","coordinates":[[[79.9299578,6.8698866],[79.9299774,6.8698267]]]}},
{"type":"Feature","properties":{"osm_id":"1056569613","code":8103,"fclass":"canal","width":1,"name":null},"geometry":{"type":"MultiLineString","coordinates":[[[80.1106434,6.7564315],[80.1108482,6.756682],[80.1114646,6.7578497],[80.1115405,6.7578874],[80.1118648,6.7580927],[80.1120545,6.7591681],[80.1120089,6.7600082],[80.1119691,6.760317],[80.1118857,6.7614132]]]}},
{"type":"Feature","properties":{"osm_id":"1056569612","code":8103,"fclass":"canal","width":1,"name":null},"geometry":{"type":"MultiLineString","coordinates":[[[80.1118857,6.7614132],[80.1118762,6.7615074]]]}},
{"type":"Feature","properties":{"osm_id":"1056569611","code":8103,"fclass":"canal","width":1,"name":null},"geometry":{"type":"MultiLineString","coordinates":[[[80.1118762,6.7615074],[80.1117832,6.7623323],[80.1117169,6.7630122],[80.1116258,6.7639106],[80.1115196,6.7642647],[80.1112731,6.7648485],[80.1105733,6.7667152],[80.1101616,6.7678952],[80.1097915,6.7689526],[80.1095299,6.769448],[80.1093972,6.7696797],[80.109251,6.7701605],[80.1091169,6.7706053],[80.1088527,6.77115],[80.1086542,6.7715042],[80.1085697,6.7717479],[80.108512,6.771925],[80.1084919,6.7721155],[80.1084276,6.7722806],[80.1082693,6.7724804],[80.1080802,6.7725603],[80.1081911,6.7731693]]]}},
{"type":"Feature","properties":{"osm_id":"1056570001","code":8103,"fclass":"canal","width":0,"name":null},"geometry":{"type":"MultiLineString","coordinates":[[[80.1101616,6.7678952],[80.1100744,6.7679165],[80.1098733,6.7680323],[80.1097606,6.768063],[80.109597,6.7680643],[80.1093543,6.7680084],[80.1089935,6.7679231],[80.1084772,6.7678912],[80.1082197,6.7679884],[80.1080172,6.7680483],[80.1077449,6.768003],[80.1076041,6.7678499],[80.1074754,6.7678192],[80.1066023,6.7675782]]]}},
{"type":"Feature","properties":{"osm_id":"1186907906","code":8103,"fclass":"canal","width":0,"name":null},"geometry":{"type":"MultiLineString","coordinates":[[[79.989258,6.6313069],[79.988861,6.6310038],[79.9888338,6.6309644],[79.9887836,6.6306239],[79.9887251,6.6305637],[79.9886959,6.6304828],[79.9887188,6.6303727],[79.9887105,6.6303333],[79.9885705,6.6301215],[79.9885663,6.6300738],[79.9884242,6.6298994],[79.9883949,6.6298413],[79.9884304,6.6297417],[79.9883594,6.6295112],[79.9879707,6.6291542],[79.9876008,6.6288781],[79.9874984,6.6287328],[79.9874586,6.6285708],[79.9875151,6.6282283],[79.9875966,6.6266984],[79.9876614,6.626414],[79.9877512,6.6256417],[79.987816,6.624967],[79.9878118,6.6248861],[79.9877345,6.6246826],[79.9877533,6.6243588],[79.9878766,6.6240889],[79.9878913,6.624037],[79.9878578,6.6235616],[79.9878745,6.6234641],[79.9878787,6.6233125],[79.987931,6.6230966],[79.9879247,6.6230406],[79.98777,6.6229762],[79.9877533,6.6229555],[79.9877471,6.6228496],[79.9877136,6.6227956],[79.9876384,6.6227458],[79.9876217,6.6226939],[79.9876091,6.6225797],[79.9875464,6.6225133],[79.9875234,6.6224614],[79.9875213,6.622395],[79.9875506,6.6222683],[79.9875234,6.6221002],[79.9874858,6.6219652],[79.9875441,6.6209511]]]}},
{"type":"Feature","properties":{"osm_id":"1186896758","code":8103,"fclass":"canal","width":0,"name":null},"geometry":{"type":"MultiLineString","coordinates":[[[79.9791965,6.6200082],[79.9793484,6.6202439],[79.9796838,6.6204828],[79.9799338,6.6204388],[79.9801395,6.6205488],[79.9813166,6.6211335],[79.9821046,6.6220199],[79.9822164,6.6222571]]]}},
{"type":"Feature","properties":{"osm_id":"1056569615","code":8103,"fclass":"canal","width":1,"name":null},"geometry":{"type":"MultiLineString","coordinates":[[[80.1091,6.7546177],[80.1092608,6.7549417],[80.1095737,6.7553919],[80.1098639,6.755648],[80.1105561,6.7563788]]]}},
{"type":"Feature","properties":{"osm_id":"1056569614","code":8103,"fclass":"canal","width":1,"name":null},"geometry":{"type":"MultiLineString","coordinates":[[[80.1105561,6.7563788],[80.1106434,6.7564315]]]}},
{"type":"Feature","properties":{"osm_id":"1074894177","code":8103,"fclass":"canal","width":0,"name":null},"geometry":{"type":"MultiLineString","coordinates":[[[79.8897455,6.8633968],[79.8895676,6.8638462],[79.8894658,6.8641008],[79.8894465,6.8641489]]]}},
{"type":"Feature","properties":{"osm_id":"1074894176","code":8103,"fclass":"canal","width":0,"name":null},"geometry":{"type":"MultiLineString","coordinates":[[[79.8892935,6.8640528],[79.8886889,6.8638843],[79.8886314,6.8638702],[79.888586,6.863872],[79.8885483,6.863889],[79.8884969,6.8639198],[79.8884608,6.8639581],[79.888432,6.863983],[79.888403,6.8639826]]]}},
{"type":"Feature","properties":{"osm_id":"1186087355","code":8103,"fclass":"canal","width":0,"name":null},"geometry":{"type":"MultiLineString","coordinates":[[[80.1836091,6.5009882],[80.1836347,6.500921],[80.1836475,6.5008873]]]}},
{"type":"Feature","properties":{"osm_id":"1093095442","code":8103,"fclass":"canal","width":0,"name":null},"geometry":{"type":"MultiLineString","coordinates":[[[79.9489947,6.8912331],[79.9488227,6.8914304],[79.9486353,6.8916468],[79.9484136,6.8917341],[79.948253,6.8919011],[79.9481612,6.892182],[79.9481077,6.8922579]]]}},
{"type":"Feature","properties":{"osm_id":"1186087354","code":8103,"fclass":"canal","width":0,"name":null},"geometry":{"type":"MultiLineString","coordinates":[[[80.1836475,6.5008873],[80.1836558,6.5008657]]]}},
{"type":"Feature","properties":{"osm_id":"1093095286","code":8103,"fclass":"canal","width":0,"name":null},"geometry":{"type":"MultiLineString","coordinates":[[[79.9471895,6.8913756],[79.9471136,6.8914191],[79.9470601,6.8915102],[79.9471901,6.8916354],[79.9471786,6.8917303],[79.9470716,6.8917834],[79.9469378,6.8918366],[79.9468345,6.891829],[79.9465707,6.8921251],[79.9463834,6.8923718],[79.946196,6.8925502],[79.9460431,6.8926868],[79.9459858,6.8928045],[79.9459179,6.8930151]]]}},
{"type":"Feature","properties":{"osm_id":"1093095100","code":8103,"fclass":"canal","width":0,"name":null},"geometry":{"type":"MultiLineString","coordinates":[[[79.9476054,6.8892871],[79.9477483,6.8894052],[79.9477338,6.8899026],[79.9473148,6.8907969],[79.9471895,6.8913756]]]}},
{"type":"Feature","properties":{"osm_id":"1139123679","code":8103,"fclass":"canal","width":0,"name":null},"geometry":{"type":"MultiLineString","coordinates":[[[79.8942652,6.9723684],[79.8939849,6.9723803]]]}},
{"type":"Feature","properties":{"osm_id":"1187042473","code":8103,"fclass":"canal","width":0,"name":null},"geometry":{"type":"MultiLineString","coordinates":[[[80.0960716,6.4712058],[80.0958419,6.4709917],[80.0957423,6.4709957],[80.0955512,6.4708281],[80.0951935,6.4704403],[80.0951081,6.4704504],[80.0947747,6.4702343],[80.0947076,6.4700929],[80.0945979,6.4699939],[80.094484,6.4697778],[80.0942787,6.4692971],[80.0940937,6.469087],[80.0939515,6.4689173],[80.0938681,6.4689133],[80.0938071,6.4687921],[80.0938336,6.4686588],[80.0936018,6.4684508],[80.0935307,6.4684791],[80.0934453,6.4683983],[80.0933294,6.4684164],[80.0931831,6.4682508],[80.0929351,6.4680509],[80.0928091,6.4680488],[80.0927542,6.4679761],[80.0928314,6.4679458],[80.0928477,6.4678509],[80.0927786,6.4677136],[80.0925509,6.467348],[80.0924317,6.4671334]]]}},
{"type":"Feature","properties":{"osm_id":"1173699892","code":8103,"fclass":"canal","width":0,"name":null},"geometry":{"type":"MultiLineString","coordinates":[[[80.0984647,6.8234492],[80.0984933,6.8236639],[80.09845,6.8238033],[80.0983177,6.8239536],[80.0982231,6.8241467],[80.0981475,6.824313],[80.0981745,6.8245061],[80.0982906,6.8247261],[80.0983258,6.8248763],[80.0983015,6.8249997],[80.0982447,6.8251499],[80.0982285,6.8252653],[80.0982609,6.8253431],[80.0982988,6.8254611],[80.0982555,6.8255416],[80.0982312,6.825606],[80.0982555,6.8257294],[80.098269,6.8258554],[80.0982393,6.8259171],[80.0981502,6.8259681],[80.098115,6.826062],[80.0980826,6.8261693],[80.0980313,6.8262417],[80.0980016,6.8263329],[80.0979205,6.8264482],[80.0977936,6.8265797],[80.0976747,6.8266172],[80.097599,6.8266414],[80.0975747,6.8267272],[80.0975369,6.8268157],[80.0974396,6.826915],[80.0974369,6.8270384],[80.0973991,6.8272208],[80.0973451,6.827371],[80.0973694,6.8275159],[80.097337,6.8277036],[80.0973073,6.8277895],[80.0972748,6.8279746],[80.0972667,6.8280953],[80.0972667,6.8283528],[80.0972965,6.8284547],[80.0972938,6.8285406],[80.0972181,6.828672],[80.0972073,6.8287927],[80.0971803,6.8289537],[80.0971263,6.8290529],[80.0970452,6.8291092],[80.0970128,6.8292702],[80.0969317,6.8295036],[80.0968021,6.8295599],[80.0965859,6.8296269],[80.0964509,6.8297342],[80.0963806,6.829863],[80.0964184,6.829981],[80.096513,6.8301205],[80.09654,6.8301849],[80.0964914,6.8302922],[80.0964941,6.8304049],[80.0964779,6.8305926],[80.0964806,6.8307777],[80.096513,6.8308448],[80.0964752,6.8308957],[80.0964536,6.8309735],[80.0963571,6.8310435],[80.0962698,6.8312046],[80.0962011,6.8313158],[80.0961688,6.8313533],[80.0961028,6.831356],[80.0960087,6.8313376],[80.0959414,6.8313328],[80.0958513,6.8313649],[80.0957105,6.8314536],[80.0956617,6.8314809],[80.0956053,6.8314802],[80.0955778,6.8314925],[80.0955332,6.8315689],[80.0955236,6.8316139],[80.0955332,6.8316603],[80.0955449,6.8316944],[80.0955064,6.8317176],[80.0954377,6.8316876],[80.0953408,6.8316658],[80.09527,6.8316808],[80.0952102,6.8317224],[80.095136,6.8317784],[80.0950632,6.8318016],[80.0949972,6.8317975],[80.0949298,6.8318643],[80.0948845,6.8319339],[80.094813,6.8319298],[80.0947594,6.8319216],[80.0947017,6.8319517],[80.0946289,6.8320144],[80.0945794,6.8320813],[80.0945258,6.8321004],[80.0944392,6.8321018],[80.0943815,6.8321468],[80.0943512,6.8322041],[80.0943073,6.8323105],[80.0942894,6.8323597],[80.0942385,6.8324361],[80.0941094,6.8325575],[80.0940461,6.8326367],[80.0938881,6.8327882],[80.0937644,6.8329192],[80.0936723,6.8330188],[80.0936435,6.8330884],[80.0936435,6.8331525],[80.0937245,6.8332617],[80.0937507,6.8333681],[80.0937369,6.83354],[80.0936861,6.8336465],[80.0936407,6.8337161],[80.0936338,6.8338048],[80.0936215,6.8338785],[80.0935857,6.8339317],[80.0934868,6.833918],[80.0933947,6.8338744],[80.0932669,6.8338457],[80.0931212,6.8338553],[80.0929425,6.8338703],[80.0928243,6.8339057],[80.0926787,6.8338293],[80.0924464,6.8338089],[80.0922485,6.8337979],[80.0919695,6.8337788],[80.0918417,6.8338075],[80.091619,6.8338675],[80.0914445,6.8339289],[80.0911985,6.8339753],[80.0907903,6.8340859],[80.0905099,6.8341609],[80.0903162,6.8342387],[80.0900894,6.8343465],[80.0899327,6.8344243],[80.0898214,6.8345321],[80.0896936,6.8346795],[80.0895754,6.8347504],[80.0894407,6.8348023],[80.0892675,6.8347914],[80.0890257,6.8347914],[80.0887535,6.8347804],[80.0885556,6.8348241],[80.0883536,6.834835],[80.0882258,6.8348596],[80.0880361,6.8348296],[80.0878561,6.8348036],[80.0876458,6.8347463],[80.0875139,6.8347136],[80.0873737,6.8348009],[80.0872637,6.8348978],[80.0869985,6.835067],[80.0869215,6.8351557],[80.0868844,6.8352321],[80.0868253,6.8352853],[80.086736,6.8353631],[80.0866467,6.8354518],[80.08649,6.8355378],[80.0863787,6.8355951],[80.0862564,6.8356483],[80.0861272,6.8356538],[80.0859677,6.8356824],[80.0858853,6.8357779],[80.0857533,6.8359417],[80.0856393,6.8360454],[80.0855225,6.8361546],[80.0854043,6.8362774],[80.0852998,6.8363115],[80.0852091,6.8363579],[80.0851198,6.8364903],[80.0850057,6.836639],[80.0849219,6.8368246],[80.0848661,6.8369119],[80.0848215,6.8369815],[80.0846951,6.8370374],[80.0845632,6.837077],[80.0844862,6.837163],[80.0844312,6.8373063],[80.0843405,6.8374536],[80.0842993,6.8374932],[80.0842333,6.8374646],[80.0841481,6.8373554],[80.0840775,6.8373415]]]}},
{"type":"Feature","properties":{"osm_id":"1139123680","code":8103,"fclass":"canal","width":0,"name":null},"geometry":{"type":"MultiLineString","coordinates":[[[79.8945039,6.9723524],[79.8942652,6.9723684]]]}},
{"type":"Feature","properties":{"osm_id":"1101663651","code":8103,"fclass":"canal","width":0,"name":null},"geometry":{"type":"MultiLineString","coordinates":[[[79.9093781,6.8465344],[79.9083737,6.8462295],[79.9073799,6.8460324]]]}},
{"type":"Feature","properties":{"osm_id":"1101663650","code":8103,"fclass":"canal","width":0,"name":null},"geometry":{"type":"MultiLineString","coordinates":[[[79.9073799,6.8460324],[79.9071962,6.8460231]]]}},
{"type":"Feature","properties":{"osm_id":"1093095566","code":8103,"fclass":"canal","width":0,"name":null},"geometry":{"type":"MultiLineString","coordinates":[[[79.9481077,6.8922579],[79.9478707,6.8921896],[79.9476833,6.8921327],[79.9474539,6.8920947],[79.947236,6.8921972],[79.9470716,6.8923338],[79.9470639,6.8924059],[79.9469186,6.892497],[79.9468957,6.892683],[79.946911,6.8928311],[79.9468039,6.8929715]]]}},
{"type":"Feature","properties":{"osm_id":"1107981345","code":8103,"fclass":"canal","width":0,"name":null},"geometry":{"type":"MultiLineString","coordinates":[[[79.851431,6.9184557],[79.8514422,6.9185365]]]}},
{"type":"Feature","properties":{"osm_id":"1107981335","code":8103,"fclass":"canal","width":0,"name":null},"geometry":{"type":"MultiLineString","coordinates":[[[79.8530739,6.9191331],[79.8530301,6.9191809]]]}},
{"type":"Feature","properties":{"osm_id":"1107981331","code":8103,"fclass":"canal","width":0,"name":null},"geometry":{"type":"MultiLineString","coordinates":[[[79.8514135,6.9183783],[79.851431,6.9184557]]]}},
{"type":"Feature","properties":{"osm_id":"1107981330","code":8103,"fclass":"canal","width":0,"name":null},"geometry":{"type":"MultiLineString","coordinates":[[[79.8530301,6.9191809],[79.8529386,6.9193078]]]}},
{"type":"Feature","properties":{"osm_id":"590814837","code":8103,"fclass":"canal","width":0,"name":null},"geometry":{"type":"MultiLineString","coordinates":[[[79.8960859,6.8965345],[79.8967175,6.8962867],[79.8968839,6.8961399],[79.8969702,6.8960909],[79.8971982,6.8960665],[79.8972506,6.8960175],[79.8971304,6.8952773],[79.8972184,6.8949334],[79.8971288,6.8948856],[79.8968722,6.8948328],[79.8967573,6.8946698],[79.8968431,6.8945],[79.8968378,6.8943678],[79.8966838,6.8942344],[79.8965111,6.894093],[79.8963499,6.894035],[79.8961818,6.8940072],[79.8960767,6.8939423],[79.895981,6.8938449],[79.895925,6.8937476],[79.8958526,6.8936247],[79.8957615,6.8935691],[79.8956611,6.8936062],[79.895528,6.8937035],[79.895479,6.8937059],[79.8953949,6.8936247],[79.8952969,6.8935668],[79.8951171,6.8935459],[79.8949655,6.8934434],[79.8948923,6.8933465],[79.8948516,6.8930155],[79.8948272,6.8927088],[79.8948285,6.8925316],[79.8948375,6.8924143],[79.8948476,6.89239],[79.8949167,6.8921922],[79.8950264,6.8919298],[79.8951687,6.8917401],[79.8953152,6.8916514],[79.895318,6.8916462],[79.8954907,6.891495]]]}},
{"type":"Feature","properties":{"osm_id":"1188236171","code":8103,"fclass":"canal","width":0,"name":null},"geometry":{"type":"MultiLineString","coordinates":[[[79.9969482,6.5468996],[79.9963581,6.5471075],[79.996055,6.5471687],[79.9957171,6.5471887],[79.995496,6.5471798],[79.9953277,6.5470954],[79.9952477,6.5470075],[79.9952209,6.5467837],[79.9952291,6.5466658],[79.9952708,6.5465132],[79.9952929,6.5463343],[79.9952367,6.5461824],[79.9951106,6.5460177],[79.994901,6.5459121],[79.9946393,6.5458236],[79.9943334,6.5458481],[79.9939988,6.5458213]]]}},
{"type":"Feature","properties":{"osm_id":"1188236170","code":8103,"fclass":"canal","width":0,"name":null},"geometry":{"type":"MultiLineString","coordinates":[[[79.992377,6.545901],[79.9919629,6.546013],[79.9915637,6.5461462],[79.9912728,6.5461891],[79.9910411,6.5461799]]]}},
{"type":"Feature","properties":{"osm_id":"583437839","code":8103,"fclass":"canal","width":0,"name":null},"geometry":{"type":"MultiLineString","coordinates":[[[79.9297792,6.8664359],[79.9294846,6.8671541],[79.9293828,6.8674022],[79.929489,6.8677219],[79.9295102,6.8682876],[79.9293722,6.8688042],[79.9293722,6.869022],[79.929627,6.8698197],[79.9299774,6.8698267],[79.9301083,6.869528]]]}},
{"type":"Feature","properties":{"osm_id":"587912120","code":8103,"fclass":"canal","width":0,"name":null},"geometry":{"type":"MultiLineString","coordinates":[[[79.9243521,6.8270383],[79.9244758,6.8272503],[79.9245831,6.8274527],[79.9250123,6.827964],[79.9250713,6.8281345],[79.9249854,6.8283316],[79.9250015,6.8285073],[79.9250713,6.8286139],[79.9252966,6.8286991],[79.925774,6.8290027],[79.9260637,6.829237],[79.9262997,6.8295087],[79.9268469,6.8300307],[79.9272438,6.8305047],[79.9275925,6.8310373],[79.9278017,6.8312344],[79.9278822,6.8314901],[79.9280056,6.8316499],[79.9281022,6.8318842],[79.9285474,6.8322464],[79.9291053,6.8325447],[79.9293521,6.8326352],[79.9306824,6.8330134],[79.9310043,6.8335034],[79.9312725,6.833855],[79.9314764,6.8340627],[79.9316802,6.8340946],[79.9320235,6.8341905],[79.9321469,6.8342598],[79.9328336,6.8345261],[79.933016,6.8347125],[79.9334398,6.8349895],[79.9338743,6.8359162],[79.9339386,6.8361985]]]}},
{"type":"Feature","properties":{"osm_id":"244792661","code":8103,"fclass":"canal","width":0,"name":null},"geometry":{"type":"MultiLineString","coordinates":[[[79.9721794,6.6376303],[79.9723095,6.6375024],[79.9724302,6.6373279],[79.9728687,6.6368204],[79.9730511,6.6366539],[79.9731638,6.6364167],[79.9733582,6.6362169],[79.9736023,6.6360105],[79.9738303,6.6359638],[79.973947,6.6358319],[79.974305,6.6355122],[79.9744512,6.6353391],[79.9746215,6.6352178],[79.9748495,6.6350034],[79.9764481,6.6340815],[79.9766855,6.6340456],[79.9768437,6.6339377],[79.9770865,6.6338537],[79.9773842,6.6338604],[79.9776176,6.6338031],[79.9779381,6.6338111],[79.9783914,6.6337099],[79.9788085,6.6336579],[79.979251,6.6336433],[79.9795195,6.6337661],[79.979734,6.633808],[79.9800044,6.633804],[79.980477,6.6337616],[79.9812128,6.6337337],[79.9813836,6.6337858],[79.9815081,6.6338569],[79.9817344,6.6340295],[79.9823917,6.6346182],[79.9828398,6.6348863],[79.9837633,6.6354525],[79.9846179,6.6358165],[79.9850968,6.636115],[79.9856699,6.636748],[79.9858853,6.6371168],[79.9860183,6.6375949],[79.9861191,6.6378727],[79.9862129,6.638234],[79.9863069,6.6383499],[79.9868936,6.6386139],[79.9873106,6.6387122],[79.9874504,6.6387167],[79.9879547,6.6385828],[79.9881767,6.6385956],[79.9886208,6.6384926],[79.9889113,6.6382943],[79.9890605,6.6382171],[79.9892387,6.6381591],[79.9894037,6.6380897],[79.9896477,6.6381027],[79.9905002,6.6382604],[79.9906915,6.6383442],[79.9911075,6.6384669],[79.9912473,6.6385466],[79.9915407,6.6387743]]]}},
{"type":"Feature","properties":{"osm_id":"587912119","code":8103,"fclass":"canal","width":0,"name":null},"geometry":{"type":"MultiLineString","coordinates":[[[79.9191442,6.8241117],[79.9196314,6.8246894],[79.9197708,6.8248705],[79.9197547,6.8250143],[79.9198406,6.8250676],[79.9199747,6.825206],[79.9200444,6.8253499],[79.9203126,6.8256108],[79.9204843,6.8256268],[79.9205433,6.8258026],[79.9206345,6.8258665],[79.9207847,6.8258612],[79.9210583,6.8259304],[79.9212461,6.826037],[79.9218576,6.8265536],[79.9219703,6.8267294],[79.922099,6.8266974],[79.9221151,6.8266282],[79.9221848,6.8265643],[79.9222546,6.8265376],[79.9223404,6.8265803],[79.9224316,6.8267028],[79.922555,6.8267241],[79.9229144,6.8268626],[79.9232309,6.8269531],[79.9235313,6.827001],[79.9237459,6.827001],[79.9239926,6.8270543],[79.9243521,6.8270383],[79.9245827,6.8270703],[79.9247866,6.8272034],[79.9251299,6.827555],[79.9255,6.8278799],[79.9258219,6.8280237],[79.926589,6.8284924],[79.9266588,6.8285723],[79.9266588,6.8286842],[79.9265944,6.8287534],[79.9267929,6.8289079],[79.9273078,6.8292115],[79.9273669,6.8293446],[79.9274473,6.8293926],[79.9275653,6.829302],[79.9277585,6.8292754],[79.9281125,6.8295364],[79.9283968,6.8296909],[79.9285309,6.8298347],[79.9288099,6.8302501],[79.9290942,6.8304472],[79.9294482,6.8308147],[79.9295737,6.8310416],[79.9299257,6.8311982],[79.930092,6.831358],[79.9304246,6.8315071],[79.9307894,6.8317628],[79.9320071,6.8324605],[79.9328439,6.832908],[79.9330961,6.8329879],[79.9332731,6.833153],[79.9337839,6.8333306],[79.9338471,6.8333447],[79.934126,6.8334885],[79.9346893,6.833627],[79.9353116,6.8338454],[79.9355047,6.8339679],[79.935907,6.8340318],[79.9363523,6.8341437],[79.936599,6.8340904]]]}},
{"type":"Feature","properties":{"osm_id":"244792660","code":8103,"fclass":"canal","width":0,"name":null},"geometry":{"type":"MultiLineString","coordinates":[[[79.9828398,6.6348863],[79.9829682,6.6343151],[79.983023,6.6342305],[79.9833152,6.6337327],[79.9837329,6.6329889],[79.9839072,6.6325037],[79.9840149,6.6318102],[79.9841328,6.6313033],[79.9842131,6.6309964],[79.9842354,6.6302098],[79.9843474,6.6294619],[79.9845833,6.6286358],[79.9846523,6.6278539],[79.9846494,6.6276628],[79.9846798,6.6270958],[79.9846476,6.6267548],[79.9843579,6.6262456],[79.9842775,6.6259608],[79.9841166,6.6249271],[79.9840197,6.6236153],[79.9839392,6.6235039],[79.9839205,6.623216],[79.9840133,6.6227517]]]}},
{"type":"Feature","properties":{"osm_id":"587519550","code":8103,"fclass":"canal","width":0,"name":null},"geometry":{"type":"MultiLineString","coordinates":[[[79.9162929,6.8160339],[79.9156425,6.8171021],[79.9152531,6.8176573],[79.9148568,6.818079],[79.9146037,6.818222]]]}},
{"type":"Feature","properties":{"osm_id":"583734992","code":8103,"fclass":"canal","width":0,"name":null},"geometry":{"type":"MultiLineString","coordinates":[[[79.9196772,6.8077239],[79.9194184,6.8092964],[79.9190967,6.8103267],[79.918849,6.8107484],[79.9184526,6.8112404],[79.9174828,6.8122174],[79.9170652,6.8134052],[79.9167254,6.814115],[79.9163857,6.815851],[79.9162929,6.8160339]]]}},
{"type":"Feature","properties":{"osm_id":"370807055","code":8103,"fclass":"canal","width":0,"name":null},"geometry":{"type":"MultiLineString","coordinates":[[[80.080328,6.7010918],[80.0803629,6.7009413],[80.0804183,6.7008863],[80.080771,6.6997746],[80.0807798,6.6996212],[80.0809022,6.6992101],[80.0806981,6.6991319],[80.0808118,6.6985993],[80.0815114,6.6979421],[80.0817154,6.6975513],[80.0818437,6.6971055],[80.0819195,6.6967494],[80.0818231,6.696339]]]}},
{"type":"Feature","properties":{"osm_id":"599148640","code":8103,"fclass":"canal","width":0,"name":null},"geometry":{"type":"MultiLineString","coordinates":[[[79.8994875,6.8446084],[79.8994775,6.8445498],[79.8994744,6.8445281]]]}},
{"type":"Feature","properties":{"osm_id":"599148639","code":8103,"fclass":"canal","width":0,"name":null},"geometry":{"type":"MultiLineString","coordinates":[[[79.8994744,6.8445281],[79.8994882,6.8444749],[79.899511,6.8444279],[79.8995814,6.8444053],[79.8997128,6.8444033],[79.8997483,6.8444046],[79.8999199,6.8436975]]]}},
{"type":"Feature","properties":{"osm_id":"599148638","code":8103,"fclass":"canal","width":0,"name":null},"geometry":{"type":"MultiLineString","coordinates":[[[79.8988974,6.8455784],[79.8990248,6.845653]]]}},
{"type":"Feature","properties":{"osm_id":"599148637","code":8103,"fclass":"canal","width":0,"name":null},"geometry":{"type":"MultiLineString","coordinates":[[[79.8990248,6.845653],[79.8990718,6.845685]]]}},
{"type":"Feature","properties":{"osm_id":"606859950","code":8103,"fclass":"canal","width":0,"name":null},"geometry":{"type":"MultiLineString","coordinates":[[[79.8945562,6.7967003],[79.8947863,6.7974036],[79.8951354,6.7984828],[79.8954269,6.7994228],[79.8954709,6.7995648],[79.8954964,6.7996899],[79.8955715,6.7998505],[79.8958802,6.8003136],[79.8959572,6.8004836],[79.895975,6.8005762],[79.8959852,6.8006764],[79.8960112,6.8013736],[79.8960209,6.8014616],[79.8960427,6.8015446],[79.8961307,6.8018419],[79.8961611,6.8019798],[79.8962001,6.8020756],[79.8962655,6.8021469],[79.8964034,6.8022039],[79.8967047,6.8022558],[79.8970555,6.802334],[79.8971756,6.8023583],[79.8972642,6.8023697],[79.8973791,6.8023683],[79.9002514,6.8023331],[79.9004906,6.8023276]]]}},
{"type":"Feature","properties":{"osm_id":"603112892","code":8103,"fclass":"canal","width":0,"name":null},"geometry":{"type":"MultiLineString","coordinates":[[[79.9082232,6.8181752],[79.9074429,6.8176058],[79.9073193,6.8175307],[79.9069904,6.8173307],[79.9065229,6.8170466],[79.9058014,6.8162476],[79.9051362,6.8155498],[79.9050289,6.8154779],[79.9047902,6.8155791],[79.9046534,6.8156057],[79.9045273,6.8155818],[79.9042591,6.8153581],[79.9038085,6.8149772],[79.9031192,6.8144632],[79.9028403,6.8143061],[79.9025639,6.8141915],[79.9023709,6.8141649],[79.9021348,6.8142049],[79.9019089,6.81417]]]}},
{"type":"Feature","properties":{"osm_id":"599148642","code":8103,"fclass":"canal","width":0,"name":null},"geometry":{"type":"MultiLineString","coordinates":[[[79.8957542,6.8453233],[79.8958062,6.8452941],[79.8958833,6.8452728],[79.896016,6.8453334],[79.8961341,6.8454146],[79.8962481,6.8454126],[79.8962883,6.8453547],[79.8963332,6.8452621],[79.8964177,6.8451942],[79.8966497,6.8451936],[79.8968167,6.8452295],[79.8969521,6.8453274],[79.896993,6.8454033],[79.8970722,6.8455817],[79.8971359,6.8456057],[79.8974416,6.8455997],[79.8975107,6.8456183],[79.8976153,6.8456643],[79.8976495,6.8457275],[79.8976737,6.8459099],[79.8977132,6.8459346],[79.8979258,6.8459665],[79.8981471,6.8459352],[79.8982879,6.8458873],[79.8984307,6.8458181],[79.8986553,6.8456583],[79.8988666,6.8455597],[79.8988974,6.8455784]]]}},
{"type":"Feature","properties":{"osm_id":"599148641","code":8103,"fclass":"canal","width":0,"name":null},"geometry":{"type":"MultiLineString","coordinates":[[[79.8988666,6.8455597],[79.8989008,6.8455231],[79.8990201,6.8454992],[79.8991509,6.8455151],[79.8994721,6.8456257],[79.8995056,6.8456137],[79.8996343,6.8451057],[79.8996994,6.8446663],[79.8996893,6.844653],[79.8996585,6.8446443],[79.899629,6.8446476],[79.8995666,6.8446383],[79.8995204,6.844627],[79.8994875,6.8446084]]]}},
{"type":"Feature","properties":{"osm_id":"597636131","code":8103,"fclass":"canal","width":0,"name":null},"geometry":{"type":"MultiLineString","coordinates":[[[79.8905852,6.8503586],[79.8905893,6.8503227],[79.8907757,6.8502401],[79.890828,6.8501802],[79.8908602,6.850087],[79.8908535,6.8495024],[79.8907207,6.8488367],[79.8906215,6.8484971],[79.8905973,6.8482188],[79.8905879,6.8479405],[79.890659,6.8476356],[79.8906912,6.8470338],[79.890828,6.846846],[79.8908843,6.8468087],[79.8909232,6.8468074],[79.8911592,6.8469086],[79.8912142,6.8469099],[79.8913094,6.8468687],[79.891343,6.8467888],[79.8914382,6.8459925],[79.891465,6.8459712],[79.8915012,6.8459725],[79.8921275,6.8462735]]]}},
{"type":"Feature","properties":{"osm_id":"594577502","code":8103,"fclass":"canal","width":0,"name":null},"geometry":{"type":"MultiLineString","coordinates":[[[79.8908266,6.8447116],[79.8912156,6.8440431],[79.8913234,6.84375],[79.8919988,6.8426397],[79.892672,6.8416224],[79.8926774,6.8415611],[79.8924601,6.8414013],[79.8923555,6.8412948],[79.8923126,6.8412122],[79.8923072,6.8411323],[79.8924628,6.840914],[79.8924789,6.8407915],[79.8924708,6.8405225],[79.8924011,6.8402162],[79.8920739,6.8394439]]]}},
{"type":"Feature","properties":{"osm_id":"599140128","code":8103,"fclass":"canal","width":0,"name":null},"geometry":{"type":"MultiLineString","coordinates":[[[79.8999199,6.8436975],[79.9000092,6.8433214],[79.9001406,6.8428687],[79.9001715,6.8426943],[79.9001513,6.842653],[79.8994137,6.8424732],[79.8988639,6.8423068],[79.8986024,6.8421204],[79.8983905,6.841898],[79.8982765,6.8416663],[79.8981772,6.8415465],[79.8980673,6.8414839],[79.8975912,6.8413347],[79.897445,6.8413201],[79.8970574,6.8417861],[79.8967919,6.8419819],[79.896474,6.8421297],[79.8958886,6.8422848]]]}},
{"type":"Feature","properties":{"osm_id":"599120148","code":8103,"fclass":"canal","width":0,"name":null},"geometry":{"type":"MultiLineString","coordinates":[[[79.9000541,6.8437249],[79.9001661,6.8432602],[79.9003497,6.8426322],[79.9003257,6.8425605],[79.9002425,6.8424809],[79.9001446,6.8425038],[79.8998308,6.8424426],[79.8992863,6.8422935],[79.8990832,6.8422176],[79.8989189,6.8421257],[79.8986077,6.8418754],[79.8985192,6.8417795],[79.8984629,6.8415611],[79.8983851,6.8414226],[79.8983445,6.841393]]]}},
{"type":"Feature","properties":{"osm_id":"599120145","code":8103,"fclass":"canal","width":0,"name":null},"geometry":{"type":"MultiLineString","coordinates":[[[79.9002836,6.8437858],[79.9000541,6.8437249]]]}},
{"type":"Feature","properties":{"osm_id":"597636135","code":8103,"fclass":"canal","width":0,"name":null},"geometry":{"type":"MultiLineString","coordinates":[[[79.8909997,6.8505232],[79.8909849,6.8505597],[79.8909706,6.8505893],[79.8909272,6.8506888],[79.890828,6.8510643],[79.8906054,6.8516422],[79.8905504,6.8518712],[79.8905557,6.8519058],[79.8906375,6.8519738],[79.8910003,6.8520636]]]}},
{"type":"Feature","properties":{"osm_id":"669631156","code":8103,"fclass":"canal","width":0,"name":null},"geometry":{"type":"MultiLineString","coordinates":[[[79.8928544,6.8837163],[79.8933291,6.8836284],[79.8934874,6.8836683],[79.8936564,6.8838228],[79.8940533,6.8837669],[79.8941767,6.8837882],[79.8942572,6.8838388]]]}},
{"type":"Feature","properties":{"osm_id":"669631155","code":8103,"fclass":"canal","width":0,"name":null},"geometry":{"type":"MultiLineString","coordinates":[[[79.8932126,6.8851065],[79.8941633,6.8848826]]]}},
{"type":"Feature","properties":{"osm_id":"669631154","code":8103,"fclass":"canal","width":0,"name":null},"geometry":{"type":"MultiLineString","coordinates":[[[79.8933434,6.885475],[79.8929456,6.8855963],[79.8929121,6.885567],[79.8928785,6.8855377],[79.8926505,6.8850663],[79.8926747,6.8850104],[79.8930812,6.8847362]]]}},
{"type":"Feature","properties":{"osm_id":"669631153","code":8103,"fclass":"canal","width":0,"name":null},"geometry":{"type":"MultiLineString","coordinates":[[[79.8929121,6.885567],[79.8926184,6.8857321],[79.8924923,6.8858572],[79.8924521,6.885993],[79.8923877,6.8860995],[79.8918781,6.8864244],[79.8918271,6.8865655]]]}},
{"type":"Feature","properties":{"osm_id":"676061599","code":8103,"fclass":"canal","width":0,"name":null},"geometry":{"type":"MultiLineString","coordinates":[[[79.9322185,6.8781402],[79.9323553,6.8782547],[79.9324014,6.8784029],[79.9322394,6.8787267],[79.9321318,6.8790348],[79.9318734,6.8790777]]]}},
{"type":"Feature","properties":{"osm_id":"676061598","code":8103,"fclass":"canal","width":0,"name":null},"geometry":{"type":"MultiLineString","coordinates":[[[79.9307152,6.8782824],[79.9309042,6.8783798],[79.9313012,6.8785742],[79.931615,6.8786541],[79.9319744,6.8786701]]]}},
{"type":"Feature","properties":{"osm_id":"676061597","code":8103,"fclass":"canal","width":0,"name":null},"geometry":{"type":"MultiLineString","coordinates":[[[79.9307942,6.8813809],[79.9305475,6.8816179]]]}},
{"type":"Feature","properties":{"osm_id":"669631157","code":8103,"fclass":"canal","width":0,"name":null},"geometry":{"type":"MultiLineString","coordinates":[[[79.8926157,6.8822464],[79.8934633,6.8821319],[79.8935062,6.8821372],[79.8934767,6.882763],[79.8934552,6.8828029],[79.8927216,6.8827789]]]}},
{"type":"Feature","properties":{"osm_id":"667901382","code":8103,"fclass":"canal","width":0,"name":null},"geometry":{"type":"MultiLineString","coordinates":[[[79.8993054,6.9143591],[79.8995126,6.9144173],[79.8996723,6.9145077],[79.8997461,6.9146799],[79.8997985,6.914966],[79.8997937,6.915339],[79.899712,6.9158996],[79.8997053,6.9161374],[79.9000883,6.9164605],[79.9001715,6.9165697],[79.900268,6.9166096],[79.900952,6.9161596],[79.9010941,6.9161117],[79.9012417,6.9161676],[79.9017969,6.9168439],[79.901821,6.9170836],[79.9020061,6.9171315],[79.902387,6.9172939],[79.9028188,6.9172487],[79.9029529,6.9172513],[79.9029865,6.9172823],[79.9031031,6.9173898],[79.9032158,6.9176161],[79.9033231,6.9177546],[79.9033794,6.9178052],[79.9034438,6.9178025],[79.9034867,6.917459],[79.903543,6.9173232],[79.9036369,6.9172487],[79.9041277,6.9171688],[79.9041626,6.9170543],[79.9043879,6.917001],[79.9046776,6.9168892],[79.9052355,6.9167268],[79.9053615,6.9166149],[79.9055788,6.9163247],[79.9059918,6.9158454],[79.9062011,6.9156431],[79.9068823,6.9151185]]]}},
{"type":"Feature","properties":{"osm_id":"667901381","code":8103,"fclass":"canal","width":0,"name":null},"geometry":{"type":"MultiLineString","coordinates":[[[79.9069226,6.915249],[79.9060643,6.915936],[79.9054983,6.9166842],[79.9055225,6.9167241],[79.9058819,6.9166895],[79.9064344,6.9165457],[79.9068099,6.9165617]]]}},
{"type":"Feature","properties":{"osm_id":"667901380","code":8103,"fclass":"canal","width":0,"name":null},"geometry":{"type":"MultiLineString","coordinates":[[[79.9029865,6.9172823],[79.9031192,6.9170703],[79.9046937,6.9154913]]]}},
{"type":"Feature","properties":{"osm_id":"669631152","code":8103,"fclass":"canal","width":0,"name":null},"geometry":{"type":"MultiLineString","coordinates":[[[79.8934563,6.8857944],[79.89279,6.8861421],[79.8920605,6.8865469],[79.8918271,6.8865655],[79.8917171,6.8866561],[79.8916313,6.8867679],[79.8910224,6.8870555],[79.8907945,6.8871913]]]}},
{"type":"Feature","properties":{"osm_id":"669628766","code":8103,"fclass":"canal","width":0,"name":null},"geometry":{"type":"MultiLineString","coordinates":[[[79.8972184,6.8949334],[79.8978353,6.894341],[79.8981111,6.89418]]]}},
{"type":"Feature","properties":{"osm_id":"667901384","code":8103,"fclass":"canal","width":0,"name":null},"geometry":{"type":"MultiLineString","coordinates":[[[79.9072189,6.9153861],[79.9073798,6.9155073],[79.907573,6.9155605],[79.9077165,6.9155678],[79.9080224,6.9154855],[79.9081249,6.9154328],[79.9082576,6.9152106],[79.9083278,6.9151579],[79.908415,6.915141],[79.9089132,6.9152975],[79.9091224,6.9152084],[79.9091998,6.9152476],[79.9095536,6.9156892],[79.9089144,6.9163953],[79.908685,6.916785],[79.9083436,6.9169884],[79.9079377,6.9174045],[79.9078485,6.9174496],[79.9077879,6.917412],[79.9076798,6.9172727],[79.9075641,6.9170241],[79.9074256,6.9169187],[79.9071753,6.9168867],[79.9068528,6.9167266],[79.9066708,6.9166815],[79.9060828,6.9167907],[79.9050548,6.9169206],[79.9046774,6.917043],[79.904171,6.9172802],[79.9038012,6.9173254],[79.9036703,6.9173819],[79.9036115,6.917476],[79.9035869,6.9178676],[79.9035982,6.9185548],[79.9035603,6.9187488],[79.903492,6.9187902],[79.9033934,6.9187845],[79.9032815,6.9183289],[79.9030406,6.9175777],[79.9029496,6.9174741],[79.9028282,6.9173894],[79.902373,6.9174327],[79.9022118,6.9174007],[79.9019577,6.9172576],[79.9016315,6.9173197],[79.9016049,6.9173084],[79.9015935,6.9172557],[79.9016561,6.9169846],[79.9016428,6.9168679],[79.9013337,6.9165252],[79.9012256,6.916352],[79.9011327,6.9162898],[79.9010018,6.9162748],[79.9006339,6.916431],[79.9004897,6.9165685],[79.9004385,6.916657],[79.9003,6.9167097]]]}},
{"type":"Feature","properties":{"osm_id":"667901383","code":8103,"fclass":"canal","width":0,"name":null},"geometry":{"type":"MultiLineString","coordinates":[[[79.9042052,6.9150679],[79.9025627,6.9145106],[79.9020772,6.9144993],[79.9017813,6.9143035],[79.9015196,6.9140361],[79.9012502,6.9135967]]]}},
{"type":"Feature","properties":{"osm_id":"496334768","code":8103,"fclass":"canal","width":0,"name":null},"geometry":{"type":"MultiLineString","coordinates":[[[79.9759005,6.6262274],[79.9766658,6.6264159],[79.9767027,6.6264076],[79.9767396,6.626391],[79.9773981,6.6259219],[79.9778567,6.6255845],[79.9783649,6.6252306],[79.978838,6.6249431],[79.9791933,6.6247416],[79.9793811,6.6246289],[79.9796997,6.6244204],[79.979797,6.6243043],[79.9799723,6.6241734],[79.9800393,6.6240786],[79.9804942,6.6236933],[79.9805986,6.6235273],[79.980802,6.623334],[79.9810946,6.6231482],[79.9811379,6.623076],[79.9816838,6.6226906],[79.9820713,6.622438],[79.9822164,6.6222571],[79.9822621,6.6222002]]]}},
{"type":"Feature","properties":{"osm_id":"420338954","code":8103,"fclass":"canal","width":0,"name":null},"geometry":{"type":"MultiLineString","coordinates":[[[80.1178021,6.9525587],[80.1178504,6.9525907],[80.1179094,6.9525907],[80.118006,6.9526972],[80.118065,6.9526972]]]}},
{"type":"Feature","properties":{"osm_id":"538786933","code":8103,"fclass":"canal","width":0,"name":null},"geometry":{"type":"MultiLineString","coordinates":[[[79.8849444,6.9244419],[79.885076,6.924742],[79.8852056,6.9250302],[79.8852206,6.9251114],[79.8852357,6.925193],[79.885075,6.9255155]]]}},
{"type":"Feature","properties":{"osm_id":"534103412","code":8103,"fclass":"canal","width":0,"name":null},"geometry":{"type":"MultiLineString","coordinates":[[[79.9294585,6.9773363],[79.9293311,6.9766082],[79.9292694,6.9756377],[79.9290374,6.9749069],[79.9289757,6.9744277],[79.9290065,6.9741268],[79.9291433,6.973645],[79.9293458,6.973191],[79.929488,6.972773],[79.9294739,6.9721276]]]}},
{"type":"Feature","properties":{"osm_id":"548054150","code":8103,"fclass":"canal","width":0,"name":null},"geometry":{"type":"MultiLineString","coordinates":[[[79.8647846,6.8642944],[79.864616,6.8640492],[79.8637669,6.8633611],[79.8633206,6.8630557],[79.8627506,6.8626071],[79.8624629,6.862469],[79.8621514,6.8624198],[79.861433,6.8624584],[79.8601487,6.8626392],[79.859757361076518,6.862636649769622]]]}},
{"type":"Feature","properties":{"osm_id":"546005489","code":8103,"fclass":"canal","width":0,"name":null},"geometry":{"type":"MultiLineString","coordinates":[[[79.9258008,6.8978853],[79.92624,6.8976305],[79.9263498,6.8975094],[79.9259107,6.8966053],[79.9258944,6.8964681],[79.9259853,6.896422],[79.9260449,6.8963591],[79.9260042,6.8962522],[79.9256719,6.8956927]]]}},
{"type":"Feature","properties":{"osm_id":"1222687961","code":8103,"fclass":"canal","width":0,"name":null},"geometry":{"type":"MultiLineString","coordinates":[[[79.8778186,7.1840513],[79.8779473,7.1840954]]]}},
{"type":"Feature","properties":{"osm_id":"1222687960","code":8103,"fclass":"canal","width":0,"name":null},"geometry":{"type":"MultiLineString","coordinates":[[[79.8777154,7.1840173],[79.8778186,7.1840513]]]}},
{"type":"Feature","properties":{"osm_id":"1222687959","code":8103,"fclass":"canal","width":0,"name":null},"geometry":{"type":"MultiLineString","coordinates":[[[79.8780426,7.184128],[79.8785771,7.184311],[79.8788861,7.184363]]]}},
{"type":"Feature","properties":{"osm_id":"533733026","code":8103,"fclass":"canal","width":0,"name":null},"geometry":{"type":"MultiLineString","coordinates":[[[79.9548383,6.7691701],[79.9549832,6.7693002],[79.9550943,6.7693263],[79.9553221,6.7693],[79.9556639,6.7695645],[79.955736,6.7698471],[79.9560433,6.7705853],[79.9561988,6.7708038],[79.9567564,6.7712935],[79.9567867,6.7715346],[79.9570598,6.7721937],[79.9575492,6.7729509],[79.9579399,6.7738134],[79.958562,6.7745856],[79.9589109,6.774725],[79.9591613,6.7749171],[79.9593206,6.775177],[79.9594344,6.7756478],[79.9597341,6.7758173],[79.9598706,6.7760471],[79.9600337,6.7764238],[79.9600754,6.7765745],[79.9600565,6.776857],[79.9602272,6.7772299],[79.960432,6.7776254],[79.9608493,6.7779606],[79.9608758,6.7781828],[79.9609441,6.7782356],[79.9610579,6.7784201],[79.9611224,6.7786537],[79.9613377,6.7789984],[79.9614713,6.7792187],[79.9618355,6.7796745],[79.961991,6.7797623],[79.9623477,6.7802844],[79.9627018,6.7808783],[79.9627206,6.781102],[79.9628788,6.7812831],[79.9634421,6.7821834],[79.9640134,6.7831982],[79.9641958,6.7833793],[79.9642467,6.7835151],[79.964236,6.7837015],[79.964059,6.7839359],[79.9639222,6.7840584],[79.9638417,6.7842023],[79.9638256,6.7843381],[79.9639034,6.784719],[79.9640617,6.7850439],[79.9642011,6.7857098],[79.9641949,6.7859742],[79.9641513,6.7862511],[79.9642101,6.7864432],[79.964267,6.7871908],[79.9642006,6.7875449],[79.964083,6.7877615],[79.9640963,6.7879611],[79.9640811,6.7881551],[79.9641171,6.7884602],[79.9640906,6.7887201],[79.9639749,6.7889649],[79.9636487,6.7894696],[79.9636335,6.7897521],[79.9635842,6.7899028],[79.9634969,6.790012],[79.9634988,6.7901552],[79.9635349,6.7903077],[79.9635197,6.7904377],[79.9633888,6.7905657],[79.96333,6.7906787],[79.9625695,6.791368],[79.9623571,6.7915074],[79.9621883,6.7915413],[79.9620498,6.7916392],[79.9620214,6.7917673],[79.9619721,6.7918577],[79.9618526,6.7919612],[79.9618867,6.792208],[79.9618165,6.7922814],[79.9617008,6.7923002],[79.9616717,6.7924674],[79.9615381,6.7925647],[79.9615069,6.7927665],[79.961409,6.7928876],[79.9613875,6.7929822],[79.9614492,6.793122],[79.9613889,6.7933697],[79.9612078,6.7935535],[79.9612132,6.793664],[79.9611206,6.7936827],[79.9609047,6.7936613],[79.9607787,6.7937359],[79.9607733,6.793981],[79.9605949,6.7941514],[79.9603347,6.7944817],[79.9602516,6.7946361],[79.9602355,6.7947254],[79.9601899,6.7947613],[79.9600826,6.7947733],[79.9595891,6.7950729],[79.9595274,6.7952327],[79.9592659,6.7953659],[79.958995,6.7956935],[79.9586275,6.7959265],[79.9583995,6.7961236],[79.9582855,6.7961689],[79.9582252,6.7962874],[79.9580683,6.7963873],[79.9577183,6.7967016],[79.9571174,6.7973235],[79.9569887,6.79743],[79.9566387,6.7976497],[79.956294,6.7977456],[79.956235,6.7978175],[79.9562618,6.7980133],[79.9562216,6.7980652],[79.9559265,6.7982383],[79.9553378,6.7987324],[79.9552627,6.7987111],[79.9551567,6.7988096],[79.9550709,6.7990054],[79.9548939,6.7990813],[79.9546417,6.7992712],[79.9543588,6.7994488],[79.9542193,6.7996273],[79.9541053,6.799867],[79.9539457,6.8000361],[79.9538492,6.8002492],[79.95364,6.8003517],[79.9532108,6.8012532],[79.9529989,6.8018032],[79.9528661,6.8019763],[79.9527749,6.8022227],[79.9527079,6.8025556],[79.9525979,6.802738],[79.9525309,6.8029977],[79.9525174,6.8031455],[79.9524517,6.803336],[79.9524531,6.8035384],[79.9523444,6.8038007],[79.9523297,6.8040364],[79.952209,6.8042095],[79.9522063,6.8043853],[79.9520937,6.8047422],[79.9518482,6.8053801],[79.9518751,6.8055505],[79.9518,6.805713],[79.9516685,6.8058275],[79.9515854,6.8064001],[79.9515626,6.806472],[79.9514298,6.8066318],[79.951517,6.8068595],[79.951517,6.8069354],[79.9514741,6.807006],[79.9513534,6.8071019],[79.951281,6.8071964],[79.9512709,6.8074068],[79.9513044,6.8076252],[79.9513661,6.8077224]]]}},
{"type":"Feature","properties":{"osm_id":"533733025","code":8103,"fclass":"canal","width":0,"name":null},"geometry":{"type":"MultiLineString","coordinates":[[[79.9536614,6.7665255],[79.953808,6.7667491],[79.9538202,6.7668944],[79.9537308,6.7670236],[79.9536983,6.7671649],[79.9537186,6.7674435],[79.9536739,6.7677503],[79.9536983,6.7678512],[79.9537829,6.7679227],[79.9541494,6.7681439],[79.9542634,6.7683437],[79.9545276,6.7686147],[79.9546415,6.7687721],[79.9548383,6.7691701],[79.9548773,6.7693212],[79.9548325,6.7694181],[79.9546658,6.7695634],[79.9546089,6.7696789],[79.9545221,6.7697779]]]}},
{"type":"Feature","properties":{"osm_id":"532992183","code":8103,"fclass":"canal","width":0,"name":null},"geometry":{"type":"MultiLineString","coordinates":[[[79.901964,6.8963331],[79.9018639,6.8959866],[79.901762,6.8958215],[79.901585,6.8957523],[79.9013758,6.8956778],[79.9012846,6.8955446],[79.901306,6.8953902],[79.9013168,6.8951292],[79.9014509,6.8949215],[79.9017245,6.8947884],[79.9016654,6.8946286],[79.9016976,6.8944955],[79.9019068,6.8943996],[79.9021107,6.8943091],[79.9020892,6.8941546],[79.9019498,6.8939629],[79.9017781,6.8937925],[79.9016547,6.8937978],[79.9016869,6.8939469],[79.9015742,6.8942079],[79.9014187,6.8944103],[79.9012953,6.8944582],[79.9011505,6.8944262],[79.9009788,6.8942878],[79.9008447,6.8942185],[79.9006462,6.894144],[79.9001259,6.8940907],[79.8997879,6.8939949],[79.8995043,6.8938711],[79.899267,6.8936723],[79.8991284,6.8934123],[79.8990976,6.8931462],[79.8990791,6.8929198],[79.8990637,6.8927302],[79.8990021,6.8926751],[79.8988542,6.8927088],[79.8987371,6.8927241],[79.8986477,6.8926354],[79.8986601,6.8925008],[79.8987648,6.8921827],[79.8987402,6.8921092],[79.8985461,6.8920205],[79.8983674,6.8919532],[79.8981825,6.89199],[79.8981024,6.892097],[79.8980408,6.8923937],[79.8979422,6.8925099],[79.8976529,6.8925623],[79.8972022,6.8923705],[79.8968482,6.8921948],[79.8967391,6.8921685]]]}},
{"type":"Feature","properties":{"osm_id":"1222687962","code":8103,"fclass":"canal","width":0,"name":null},"geometry":{"type":"MultiLineString","coordinates":[[[79.8779473,7.1840954],[79.8780426,7.184128]]]}},
{"type":"Feature","properties":{"osm_id":"563341660","code":8103,"fclass":"canal","width":0,"name":null},"geometry":{"type":"MultiLineString","coordinates":[[[79.9273742,6.9326601],[79.9272106,6.9326973],[79.9269075,6.932724],[79.9267385,6.9326467],[79.926355,6.9325509],[79.926119,6.9326734],[79.92595,6.9328145],[79.9257193,6.9328571],[79.9251963,6.933142],[79.9248959,6.9332059],[79.9243943,6.9331766],[79.9241422,6.9332272],[79.9240537,6.9332911],[79.9239973,6.9334083],[79.9242528,6.9344201],[79.9242758,6.9346045],[79.9242262,6.9346906],[79.9241395,6.9347416],[79.9240714,6.9348175]]]}},
{"type":"Feature","properties":{"osm_id":"557373228","code":8103,"fclass":"canal","width":5,"name":null},"geometry":{"type":"MultiLineString","coordinates":[[[79.8755029,6.9075192],[79.8755975,6.9073876],[79.8756302,6.907308]]]}},
{"type":"Feature","properties":{"osm_id":"578174391","code":8103,"fclass":"canal","width":0,"name":null},"geometry":{"type":"MultiLineString","coordinates":[[[79.9337272,6.8609845],[79.9338676,6.86063],[79.9340806,6.8600871],[79.934089,6.859993],[79.9342472,6.8600205],[79.9342769,6.8600126],[79.9342953,6.8599714],[79.9347968,6.8580977],[79.934959,6.8576658],[79.9351013,6.8571594],[79.9351329,6.8569395],[79.9353346,6.856437],[79.9359872,6.8549991],[79.9365216,6.854282]]]}},
{"type":"Feature","properties":{"osm_id":"571198600","code":8103,"fclass":"canal","width":0,"name":null},"geometry":{"type":"MultiLineString","coordinates":[[[79.8835742,6.8887923],[79.883827,6.8885809],[79.8843944,6.8884837],[79.8846291,6.888423],[79.8847538,6.8884546],[79.8851916,6.8889547],[79.8852038,6.8890421],[79.8851549,6.889149],[79.8839015,6.8899969]]]}},
{"type":"Feature","properties":{"osm_id":"1283554330","code":8103,"fclass":"canal","width":0,"name":null},"geometry":{"type":"MultiLineString","coordinates":[[[79.8700299,7.1607355],[79.8698174,7.1606664]]]}},
{"type":"Feature","properties":{"osm_id":"557078718","code":8103,"fclass":"canal","width":0,"name":null},"geometry":{"type":"MultiLineString","coordinates":[[[79.8907288,6.8913071],[79.8907876,6.8911302],[79.8908293,6.8910727],[79.8908673,6.8910369],[79.8909346,6.8909899],[79.8909943,6.890956],[79.8910361,6.8909419],[79.8912001,6.8909428],[79.8912599,6.890955],[79.8914334,6.8909654],[79.8914894,6.8909852],[79.8916183,6.891068],[79.8916582,6.8910831],[79.8916762,6.8910878],[79.8917539,6.8910586]]]}},
{"type":"Feature","properties":{"osm_id":"1283554329","code":8103,"fclass":"canal","width":0,"name":null},"geometry":{"type":"MultiLineString","coordinates":[[[79.873196,7.1649088],[79.8732365,7.1647709]]]}},
{"type":"Feature","properties":{"osm_id":"557078714","code":8103,"fclass":"canal","width":0,"name":null},"geometry":{"type":"MultiLineString","coordinates":[[[79.8936114,6.8893987],[79.8936256,6.8896241],[79.8936524,6.8900503],[79.8936828,6.8901143],[79.8938099,6.8901652],[79.8943959,6.8900578],[79.8948137,6.8898462],[79.8948151,6.8898382],[79.8950059,6.8897308]]]}},
{"type":"Feature","properties":{"osm_id":"1283554328","code":8103,"fclass":"canal","width":0,"name":null},"geometry":{"type":"MultiLineString","coordinates":[[[79.8732365,7.1647709],[79.8732776,7.164631],[79.8732035,7.1646078]]]}},
{"type":"Feature","properties":{"osm_id":"1283554327","code":8103,"fclass":"canal","width":0,"name":null},"geometry":{"type":"MultiLineString","coordinates":[[[79.8732035,7.1646078],[79.8731258,7.1645834]]]}},
{"type":"Feature","properties":{"osm_id":"557373225","code":8103,"fclass":"canal","width":5,"name":null},"geometry":{"type":"MultiLineString","coordinates":[[[79.8756302,6.907308],[79.875617,6.9072007],[79.8755652,6.9069373],[79.8757036,6.9065446],[79.875737,6.9063414],[79.8757252,6.9062089],[79.8758872,6.9048609],[79.8759662,6.9046896],[79.8760133,6.9039675],[79.8756077,6.9028265],[79.8756413,6.90246],[79.8756432,6.9021611],[79.875697,6.9019874],[79.8757037,6.9018069],[79.875607,6.9012752],[79.8754192,6.9005823],[79.8754835,6.900348],[79.8754604,6.9000864],[79.8753441,6.8997621],[79.8753548,6.8995811],[79.8756077,6.8992987]]]}},
{"type":"Feature","properties":{"osm_id":"557139507","code":8103,"fclass":"canal","width":0,"name":null},"geometry":{"type":"MultiLineString","coordinates":[[[79.894901,6.8581364],[79.8939892,6.8587917],[79.8938191,6.8589054],[79.8927557,6.8598467],[79.8919651,6.8605232],[79.8916277,6.860844],[79.8913825,6.8612366]]]}},
{"type":"Feature","properties":{"osm_id":"557139503","code":8103,"fclass":"canal","width":0,"name":"Katu Ela"},"geometry":{"type":"MultiLineString","coordinates":[[[79.8971157,6.850699],[79.8971772,6.8500586],[79.8973546,6.8485633]]]}},
{"type":"Feature","properties":{"osm_id":"1305325617","code":8103,"fclass":"canal","width":0,"name":null},"geometry":{"type":"MultiLineString","coordinates":[[[79.8492873,7.1094498],[79.8494013,7.1202928],[79.8470794,7.1232484],[79.8352024,7.1889404],[79.8350406,7.1954018],[79.835665,7.1986706],[79.8353117,7.2005046],[79.8365031,7.2073761],[79.8370651,7.2076031],[79.8370644,7.2079192]]]}},
{"type":"Feature","properties":{"osm_id":"557139502","code":8103,"fclass":"canal","width":0,"name":"Katu Ela"},"geometry":{"type":"MultiLineString","coordinates":[[[79.8973546,6.8485633],[79.8973654,6.8482186]]]}},
{"type":"Feature","properties":{"osm_id":"1276708877","code":8103,"fclass":"canal","width":0,"name":null},"geometry":{"type":"MultiLineString","coordinates":[[[79.8889172,7.0235315],[79.8890665,7.0230487],[79.889045,7.0219227],[79.8893132,7.0209537],[79.8893669,7.0204665],[79.8893937,7.0201524],[79.8895707,7.0193644],[79.8897156,7.0189012],[79.8898577,7.0185072],[79.8900079,7.0179641],[79.8900267,7.0177325],[79.890075,7.0173039],[79.8901259,7.016846],[79.8903459,7.0156188],[79.8904451,7.0147589],[79.8905068,7.0142185],[79.8906463,7.0137526],[79.8908635,7.0132735],[79.8909601,7.0125707],[79.8909601,7.0121021],[79.8910915,7.0116948],[79.8912417,7.0110932],[79.8913249,7.0107178],[79.8914644,7.010409],[79.8916494,7.0099964],[79.8918667,7.0095172],[79.892159,7.0089901],[79.8925158,7.0085135],[79.8930415,7.0078081],[79.8932507,7.0073076],[79.8934975,7.0066047],[79.8938193,7.0057901],[79.8938971,7.0055133],[79.8939749,7.0052657],[79.8943075,7.0042647],[79.8944336,7.0039133],[79.8945757,7.0034953],[79.8945972,7.0032344],[79.8946079,7.0025236],[79.8946186,7.0022787],[79.8945757,7.0020151],[79.8944577,7.0013975],[79.8944612,7.0014158]]]}},
{"type":"Feature","properties":{"osm_id":"580169427","code":8103,"fclass":"canal","width":0,"name":null},"geometry":{"type":"MultiLineString","coordinates":[[[79.913567,6.8186486],[79.9129599,6.8190196],[79.912605,6.8193998],[79.9124784,6.8194693]]]}},
{"type":"Feature","properties":{"osm_id":"580169426","code":8103,"fclass":"canal","width":0,"name":null},"geometry":{"type":"MultiLineString","coordinates":[[[79.9146037,6.818222],[79.9145619,6.8182437],[79.9140153,6.818528],[79.913567,6.8186486],[79.9132214,6.8186671],[79.9128758,6.8185373],[79.912166,6.8183333],[79.9116405,6.8182962]]]}},
{"type":"Feature","properties":{"osm_id":"580169425","code":8103,"fclass":"canal","width":30,"name":null},"geometry":{"type":"MultiLineString","coordinates":[[[79.9191442,6.8241117],[79.918973,6.8236715],[79.9187343,6.8234152],[79.9184215,6.8230968],[79.918147,6.822958],[79.9176168,6.822812],[79.9173097,6.8227009],[79.9161338,6.8224789],[79.9156,6.8223529],[79.9151448,6.8221383],[79.9148324,6.8217871],[79.9145312,6.8216407],[79.9134085,6.8208004],[79.9130649,6.820476],[79.9127633,6.8201182],[79.9125371,6.8197189],[79.9124784,6.8194693],[79.9124533,6.8191615],[79.9123611,6.8189119],[79.91216,6.8186373],[79.9119003,6.818446],[79.9116405,6.8182962],[79.9112718,6.818238],[79.9106099,6.8181881],[79.9102748,6.8180966],[79.9093531,6.8181714],[79.9086074,6.8181964],[79.9082232,6.8181752],[79.9078533,6.8181548],[79.9071159,6.8180716],[79.9063107,6.8179371],[79.9046777,6.8175724],[79.9034292,6.8173145],[79.9013007,6.8163088],[79.9011202,6.8161992],[79.900782,6.8159937]]]}},
{"type":"Feature","properties":{"osm_id":"1283554326","code":8103,"fclass":"canal","width":0,"name":null},"geometry":{"type":"MultiLineString","coordinates":[[[79.873177,7.1657613],[79.8732156,7.1656379],[79.8731084,7.1652338],[79.873187,7.1649395],[79.873196,7.1649088]]]}},
{"type":"Feature","properties":{"osm_id":"1283554325","code":8103,"fclass":"canal","width":0,"name":null},"geometry":{"type":"MultiLineString","coordinates":[[[79.8698174,7.1606664],[79.8697971,7.1606594]]]}},
{"type":"Feature","properties":{"osm_id":"1283554324","code":8103,"fclass":"canal","width":0,"name":null},"geometry":{"type":"MultiLineString","coordinates":[[[79.8697971,7.1606594],[79.8697379,7.1606412],[79.8689749,7.1599984],[79.8689072,7.1599559],[79.8688147,7.1599379],[79.868124,7.1598372],[79.8679222,7.1598079]]]}},
{"type":"Feature","properties":{"osm_id":"1283554323","code":8103,"fclass":"canal","width":0,"name":null},"geometry":{"type":"MultiLineString","coordinates":[[[79.8731258,7.1645834],[79.8730761,7.1645678],[79.8701261,7.1607666],[79.8700299,7.1607355]]]}},
{"type":"Feature","properties":{"osm_id":"98391452","code":8103,"fclass":"canal","width":0,"name":null},"geometry":{"type":"MultiLineString","coordinates":[[[79.9401826,6.6881506],[79.9398355,6.6881707],[79.9390559,6.688133],[79.9383524,6.6880008],[79.9377819,6.6876797],[79.9363558,6.6863767],[79.9354241,6.6850925],[79.9343797,6.6837946],[79.9340558,6.6835115],[79.9333211,6.6828547],[79.9327738,6.6823993],[79.9322242,6.6820976],[79.9317924,6.6821086],[79.9307276,6.682203],[79.9300811,6.6824297],[79.9295677,6.6828262],[79.9292445,6.6832795],[79.9284649,6.6847336],[79.9279515,6.6851114],[79.9273811,6.6854135],[79.9267916,6.6855268],[79.9262592,6.6853002],[79.9258029,6.6849225],[79.9252134,6.6845826],[79.9243768,6.6842049],[79.9235402,6.6839594],[79.9227606,6.6838838],[79.9212204,6.6836194],[79.9201556,6.6832228],[79.9196422,6.6829773],[79.9173415,6.6823541],[79.917315421489249,6.68234276797703]]]}},
{"type":"Feature","properties":{"osm_id":"849865117","code":8103,"fclass":"canal","width":0,"name":null},"geometry":{"type":"MultiLineString","coordinates":[[[80.0083185,6.7251325],[80.0088107,6.7244365],[80.008758,6.7241968],[80.0088116,6.724021],[80.0087929,6.7238399],[80.0086695,6.7230754],[80.0084791,6.7227557],[80.0084415,6.722548],[80.0084469,6.7223881],[80.0082189,6.7223642],[80.0080499,6.7222842],[80.0080016,6.721605],[80.0078943,6.7214105],[80.0079909,6.7211175],[80.0080284,6.7209151],[80.0080231,6.7207233],[80.0079533,6.7204969],[80.0078487,6.7204995],[80.007787,6.7204196],[80.0077012,6.7202545],[80.0076449,6.7199961],[80.0074652,6.7198362],[80.0074303,6.7196764],[80.0073445,6.7195645],[80.0072265,6.7194686],[80.007264,6.7193834],[80.0074035,6.7192475],[80.0074357,6.719149],[80.0074249,6.7190717],[80.0075403,6.7187574],[80.0076045,6.7182914],[80.0078235,6.7177668],[80.0081203,6.7171358],[80.0082948,6.7168495],[80.00853,6.7166988],[80.0087424,6.7163221],[80.0088069,6.7160094],[80.0090079,6.7156628],[80.0090383,6.7153539],[80.0089321,6.7151354],[80.0090572,6.7146909],[80.0091862,6.7136097],[80.0091839,6.7133705],[80.0091094,6.7131605],[80.0091061,6.7130352],[80.009172,6.7125492],[80.0091217,6.7123929],[80.0089981,6.7117369],[80.0090544,6.7113613],[80.0090437,6.711079],[80.0094393,6.7093848],[80.0095841,6.7089705],[80.0096431,6.7087441],[80.0098175,6.70827],[80.0098604,6.7079396],[80.0100642,6.7075614],[80.0101179,6.7068928],[80.0100696,6.7063453],[80.0101594,6.7060962],[80.0101286,6.7055155],[80.0098926,6.7048442],[80.00853,6.7021537],[80.0084978,6.7014451],[80.0081545,6.7009923],[80.0080901,6.7006673],[80.0076395,6.7003529],[80.0073177,6.6996816],[80.0072211,6.6992181],[80.0070655,6.6987866],[80.006749,6.6985255],[80.0066847,6.698371],[80.0068831,6.6981206],[80.0072492,6.6978092]]]}},
{"type":"Feature","properties":{"osm_id":"865347256","code":8103,"fclass":"canal","width":0,"name":null},"geometry":{"type":"MultiLineString","coordinates":[[[79.9342152,6.881627],[79.9352602,6.8818031],[79.9356026,6.8819471]]]}},
{"type":"Feature","properties":{"osm_id":"865347255","code":8103,"fclass":"canal","width":0,"name":null},"geometry":{"type":"MultiLineString","coordinates":[[[79.9339734,6.8815809],[79.9340198,6.8815884]]]}},
{"type":"Feature","properties":{"osm_id":"865347254","code":8103,"fclass":"canal","width":0,"name":null},"geometry":{"type":"MultiLineString","coordinates":[[[79.9340198,6.8815884],[79.9342152,6.881627]]]}},
{"type":"Feature","properties":{"osm_id":"849865118","code":8103,"fclass":"canal","width":0,"name":null},"geometry":{"type":"MultiLineString","coordinates":[[[80.008125,6.7253169],[80.0083185,6.7251325]]]}},
{"type":"Feature","properties":{"osm_id":"854150352","code":8103,"fclass":"canal","width":0,"name":null},"geometry":{"type":"MultiLineString","coordinates":[[[80.0670098,6.6812704],[80.0670309,6.6812436]]]}},
{"type":"Feature","properties":{"osm_id":"854150351","code":8103,"fclass":"canal","width":0,"name":null},"geometry":{"type":"MultiLineString","coordinates":[[[80.0670309,6.6812436],[80.0670963,6.6811249],[80.0671722,6.6808546],[80.0673173,6.6805542],[80.0674974,6.6803206],[80.0675534,6.680185],[80.0677193,6.6799033],[80.0677279,6.6798478],[80.0678587,6.67965],[80.0680029,6.6791056],[80.0680484,6.6785744],[80.0680987,6.6783455]]]}},
{"type":"Feature","properties":{"osm_id":"854150350","code":8103,"fclass":"canal","width":0,"name":null},"geometry":{"type":"MultiLineString","coordinates":[[[80.0680987,6.6783455],[80.0681072,6.6782899]]]}},
{"type":"Feature","properties":{"osm_id":"854150349","code":8103,"fclass":"canal","width":0,"name":null},"geometry":{"type":"MultiLineString","coordinates":[[[80.0681072,6.6782899],[80.0681103,6.6782665],[80.0681224,6.678175],[80.0684429,6.6772557],[80.0684429,6.6771672],[80.0686174,6.6767594]]]}},
{"type":"Feature","properties":{"osm_id":"854150353","code":8103,"fclass":"canal","width":0,"name":null},"geometry":{"type":"MultiLineString","coordinates":[[[80.065566,6.6831977],[80.0662151,6.6829695],[80.0661999,6.6825353],[80.0662815,6.6822169],[80.0662891,6.6820512],[80.0663156,6.681973],[80.0664986,6.6818176],[80.0665679,6.6817159],[80.0670098,6.6812704]]]}},
{"type":"Feature","properties":{"osm_id":"854150344","code":8103,"fclass":"canal","width":0,"name":null},"geometry":{"type":"MultiLineString","coordinates":[[[80.0686307,6.6767226],[80.0689237,6.675987],[80.0690422,6.6756866],[80.0690716,6.6755585],[80.0691532,6.6753993],[80.0692271,6.6753079],[80.0692593,6.6751586],[80.069304,6.6750518]]]}},
{"type":"Feature","properties":{"osm_id":"884175129","code":8103,"fclass":"canal","width":0,"name":null},"geometry":{"type":"MultiLineString","coordinates":[[[79.9193373,6.9039008],[79.9198503,6.9039027],[79.9203462,6.9041126],[79.920717,6.9044431],[79.9208403,6.9046991],[79.9210176,6.904927],[79.9209257,6.9050202],[79.9209864,6.9051661],[79.9213619,6.9054654],[79.9214662,6.9055747],[79.9214871,6.9056867],[79.9214776,6.905858]]]}},
{"type":"Feature","properties":{"osm_id":"854150343","code":8103,"fclass":"canal","width":0,"name":null},"geometry":{"type":"MultiLineString","coordinates":[[[80.0689844,6.6749981],[80.0690014,6.6749409]]]}},
{"type":"Feature","properties":{"osm_id":"854150342","code":8103,"fclass":"canal","width":0,"name":null},"geometry":{"type":"MultiLineString","coordinates":[[[80.0690014,6.6749409],[80.0691124,6.6745422],[80.0692423,6.6738998],[80.0693163,6.673783],[80.0693201,6.6736794],[80.0694054,6.673508],[80.0694766,6.6732867],[80.0695752,6.6728836],[80.0696084,6.6726208],[80.069707,6.6723278],[80.069706,6.6722318],[80.0697705,6.6720698],[80.0697753,6.6719539],[80.0698312,6.6718578],[80.0698217,6.6717589],[80.0703717,6.6701549],[80.0706875,6.6693416],[80.0709182,6.6688381],[80.0709477,6.6686223],[80.0710818,6.6684492],[80.0711113,6.668284],[80.0713018,6.6679963],[80.0716451,6.6669253],[80.071739,6.6665976],[80.0717148,6.6664405],[80.0718516,6.6661208],[80.0718409,6.6659849],[80.0718731,6.6656545],[80.072034,6.6653269],[80.0721493,6.6645783],[80.0722513,6.6643252],[80.0722915,6.6640881],[80.0722915,6.6638563],[80.07244,6.6635136],[80.0724846,6.6631774],[80.0726316,6.6628496],[80.0730099,6.6623956],[80.0734529,6.6620114]]]}},
{"type":"Feature","properties":{"osm_id":"854150341","code":8103,"fclass":"canal","width":0,"name":null},"geometry":{"type":"MultiLineString","coordinates":[[[80.069304,6.6750518],[80.0693178,6.6750062]]]}},
{"type":"Feature","properties":{"osm_id":"854150348","code":8103,"fclass":"canal","width":0,"name":null},"geometry":{"type":"MultiLineString","coordinates":[[[80.0681103,6.6782665],[80.0679261,6.6782014],[80.0679887,6.6777691],[80.0680968,6.677332],[80.0679754,6.677267],[80.0682874,6.6766285]]]}},
{"type":"Feature","properties":{"osm_id":"854150347","code":8103,"fclass":"canal","width":0,"name":null},"geometry":{"type":"MultiLineString","coordinates":[[[80.0682874,6.6766285],[80.0683082,6.6765898]]]}},
{"type":"Feature","properties":{"osm_id":"854150346","code":8103,"fclass":"canal","width":0,"name":null},"geometry":{"type":"MultiLineString","coordinates":[[[80.0683082,6.6765898],[80.0685197,6.6761933],[80.0686733,6.6757393],[80.0689844,6.6749981]]]}},
{"type":"Feature","properties":{"osm_id":"854150345","code":8103,"fclass":"canal","width":0,"name":null},"geometry":{"type":"MultiLineString","coordinates":[[[80.0686174,6.6767594],[80.0686307,6.6767226]]]}},
{"type":"Feature","properties":{"osm_id":"884175130","code":8103,"fclass":"canal","width":0,"name":null},"geometry":{"type":"MultiLineString","coordinates":[[[79.9190167,6.9040646],[79.9193373,6.9039008]]]}},
{"type":"Feature","properties":{"osm_id":"1065914597","code":8103,"fclass":"canal","width":0,"name":null},"geometry":{"type":"MultiLineString","coordinates":[[[80.0101768,6.6992736],[80.0101367,6.6995458],[80.0099972,6.6998788],[80.0098765,6.7001265],[80.0098416,6.700313],[80.0097129,6.7004542],[80.0096002,6.7016396],[80.009568,6.701858],[80.0096029,6.7020285],[80.0097719,6.7026572],[80.009906,6.7028623],[80.0103915,6.7035096],[80.0106087,6.704117],[80.0107428,6.7046817],[80.0108394,6.7052971],[80.010885,6.7064559],[80.0109091,6.7071911],[80.0110111,6.707596],[80.0110459,6.7079583],[80.0111425,6.7082327],[80.0109708,6.7086562],[80.0107589,6.7089892],[80.0106811,6.709157],[80.0104183,6.7092982],[80.0102654,6.7095593],[80.0099623,6.7105715],[80.0098309,6.7108565]]]}},
{"type":"Feature","properties":{"osm_id":"1065914604","code":8103,"fclass":"canal","width":6,"name":null},"geometry":{"type":"MultiLineString","coordinates":[[[80.0042693,6.7104904],[80.004421,6.7103388],[80.0045563,6.7101999],[80.0047722,6.7099362],[80.004901,6.7097111],[80.0049922,6.7094767],[80.00507,6.7092263],[80.005125,6.7090305],[80.0052685,6.708836],[80.0053744,6.7086349],[80.0054227,6.7083645],[80.0054616,6.7081168],[80.0055568,6.7077838],[80.005762,6.7071671],[80.0058478,6.7067502],[80.0061992,6.7060709],[80.0064097,6.7056594],[80.0068912,6.7048988],[80.0072573,6.7042369],[80.0077347,6.7033764],[80.0078112,6.7031567],[80.008058,6.7027957],[80.0081693,6.7026306],[80.0082645,6.7025533],[80.0083691,6.7025147],[80.008416,6.7024574],[80.0084321,6.7023642],[80.00853,6.7021537],[80.0084952,6.7020805],[80.0084402,6.7020325],[80.0083047,6.7020325],[80.0079265,6.7017501],[80.0078621,6.7016689],[80.0078326,6.7015797],[80.0076033,6.7013692],[80.0073136,6.7011761],[80.0069904,6.7008085],[80.006678,6.7005274],[80.0065774,6.7004355],[80.0065197,6.7003063],[80.0063641,6.6998122],[80.0062421,6.699298],[80.0061898,6.6991369],[80.0061174,6.699037],[80.006002,6.6989477],[80.0058907,6.6988558],[80.0057204,6.6987759],[80.005428,6.6987013],[80.0050606,6.6986734]]]}},
{"type":"Feature","properties":{"osm_id":"1065914603","code":8103,"fclass":"canal","width":8,"name":null},"geometry":{"type":"MultiLineString","coordinates":[[[80.0072573,6.7042369],[80.0064111,6.7032899]]]}},
{"type":"Feature","properties":{"osm_id":"1065914602","code":8103,"fclass":"canal","width":10,"name":null},"geometry":{"type":"MultiLineString","coordinates":[[[80.0050606,6.6986734],[80.0048608,6.6985814],[80.0047803,6.6984283],[80.0047508,6.6983217],[80.0046851,6.6981912],[80.0046261,6.6981273],[80.0045282,6.6980393],[80.0044222,6.6979008],[80.0042868,6.6978076],[80.0040561,6.697753],[80.0038509,6.697769],[80.0036859,6.6977596],[80.0035277,6.6977143],[80.0034352,6.6976051],[80.0033614,6.6974892],[80.0033708,6.6973627],[80.0033909,6.6972149],[80.0035572,6.6966821],[80.0035518,6.6966248],[80.0035271,6.6965404],[80.0034896,6.6964811]]]}},
{"type":"Feature","properties":{"osm_id":"1065914601","code":8103,"fclass":"canal","width":0,"name":null},"geometry":{"type":"MultiLineString","coordinates":[[[80.0040561,6.697753],[80.0040856,6.6975652],[80.0042076,6.6971483],[80.0042063,6.6969392],[80.0042103,6.69675],[80.0041473,6.6964423],[80.0040411,6.6961914]]]}},
{"type":"Feature","properties":{"osm_id":"907027297","code":8103,"fclass":"canal","width":0,"name":null},"geometry":{"type":"MultiLineString","coordinates":[[[79.8932994,6.9600057],[79.8932491,6.9600408]]]}},
{"type":"Feature","properties":{"osm_id":"933285048","code":8103,"fclass":"canal","width":0,"name":null},"geometry":{"type":"MultiLineString","coordinates":[[[80.1483281,6.696168],[80.1492548,6.6953381],[80.1493849,6.6952116]]]}},
{"type":"Feature","properties":{"osm_id":"907027296","code":8103,"fclass":"canal","width":0,"name":null},"geometry":{"type":"MultiLineString","coordinates":[[[79.8932491,6.9600408],[79.8931966,6.9600773]]]}},
{"type":"Feature","properties":{"osm_id":"912300653","code":8103,"fclass":"canal","width":0,"name":null},"geometry":{"type":"MultiLineString","coordinates":[[[79.9034531,6.8353097],[79.9035078,6.8353391],[79.9035574,6.8353658],[79.904446,6.8358438]]]}},
{"type":"Feature","properties":{"osm_id":"910817621","code":8103,"fclass":"canal","width":0,"name":null},"geometry":{"type":"MultiLineString","coordinates":[[[79.891073,6.9683582],[79.8910224,6.968276],[79.8908783,6.9680418]]]}},
{"type":"Feature","properties":{"osm_id":"910817620","code":8103,"fclass":"canal","width":0,"name":null},"geometry":{"type":"MultiLineString","coordinates":[[[79.8909661,6.9693199],[79.8913867,6.9689859],[79.8914234,6.9688957],[79.891073,6.9683582]]]}},
{"type":"Feature","properties":{"osm_id":"907027300","code":8103,"fclass":"canal","width":0,"name":null},"geometry":{"type":"MultiLineString","coordinates":[[[79.8927191,6.9603378],[79.8926695,6.9603906]]]}},
{"type":"Feature","properties":{"osm_id":"907027291","code":8103,"fclass":"canal","width":0,"name":null},"geometry":{"type":"MultiLineString","coordinates":[[[79.8947335,6.9599959],[79.894543,6.9600029],[79.8943457,6.9600171],[79.8936511,6.9601561],[79.8933823,6.9599518],[79.8932994,6.9600057]]]}},
{"type":"Feature","properties":{"osm_id":"904699286","code":8103,"fclass":"canal","width":0,"name":null},"geometry":{"type":"MultiLineString","coordinates":[[[79.9004906,6.8023276],[79.9005913,6.8023253]]]}},
{"type":"Feature","properties":{"osm_id":"904699285","code":8103,"fclass":"canal","width":0,"name":null},"geometry":{"type":"MultiLineString","coordinates":[[[79.9005913,6.8023253],[79.9010726,6.8024353],[79.9014628,6.8025034],[79.9017133,6.8025586]]]}},
{"type":"Feature","properties":{"osm_id":"1148361953","code":8103,"fclass":"canal","width":0,"name":null},"geometry":{"type":"MultiLineString","coordinates":[[[80.0858629,6.4386796],[80.0861526,6.4387143],[80.0863377,6.4387702],[80.0865147,6.4389008],[80.0866569,6.4389941],[80.0867427,6.4391381],[80.0868232,6.4392713],[80.0868687,6.4393593],[80.0869278,6.4394552],[80.0870011,6.439545]]]}},
{"type":"Feature","properties":{"osm_id":"907027295","code":8103,"fclass":"canal","width":0,"name":null},"geometry":{"type":"MultiLineString","coordinates":[[[79.8931966,6.9600773],[79.8931288,6.9601245]]]}},
{"type":"Feature","properties":{"osm_id":"1148360273","code":8103,"fclass":"canal","width":0,"name":null},"geometry":{"type":"MultiLineString","coordinates":[[[80.0816626,6.432816],[80.0816089,6.4327626],[80.0815285,6.4327573],[80.0814319,6.4328053],[80.0813407,6.4328479],[80.0812549,6.4328853],[80.0811369,6.4329652],[80.0810564,6.4329919],[80.0809545,6.4330505],[80.0808686,6.4330878],[80.0807614,6.4331571],[80.0806809,6.4332264],[80.0806503,6.4332484]]]}},
{"type":"Feature","properties":{"osm_id":"907027294","code":8103,"fclass":"canal","width":0,"name":null},"geometry":{"type":"MultiLineString","coordinates":[[[79.8931288,6.9601245],[79.8931079,6.9601391],[79.8929707,6.9601505],[79.892842,6.9602101],[79.8927191,6.9603378]]]}},
{"type":"Feature","properties":{"osm_id":"1148360272","code":8103,"fclass":"canal","width":0,"name":null},"geometry":{"type":"MultiLineString","coordinates":[[[80.0823868,6.4349322],[80.0822366,6.4349002],[80.0820864,6.4348363],[80.0819737,6.434751],[80.0818664,6.4346337],[80.0817806,6.4345324],[80.0817591,6.4344151],[80.0817806,6.4342872],[80.0818128,6.4341539],[80.0818557,6.434026],[80.0819362,6.4338608],[80.0819093,6.4337861],[80.0817752,6.4337115],[80.0816787,6.4336529],[80.0816358,6.4335569],[80.0815928,6.4334396],[80.0815499,6.4333277],[80.0815285,6.4332744],[80.0815446,6.4332051],[80.0815338,6.4331305],[80.0815338,6.4330558],[80.0815607,6.4329546],[80.081625,6.4328906],[80.0816626,6.432816]]]}},
{"type":"Feature","properties":{"osm_id":"907027293","code":8103,"fclass":"canal","width":0,"name":null},"geometry":{"type":"MultiLineString","coordinates":[[[79.8926695,6.9603906],[79.8925892,6.9604762]]]}},
{"type":"Feature","properties":{"osm_id":"1148360271","code":8103,"fclass":"canal","width":0,"name":null},"geometry":{"type":"MultiLineString","coordinates":[[[80.0854633,6.4346497],[80.0852728,6.4348736],[80.0851495,6.4349749],[80.0850368,6.4350708],[80.0849295,6.4351721],[80.0848437,6.4352521],[80.0847686,6.435308],[80.0846962,6.435388],[80.0846076,6.4354733],[80.0845406,6.4355719],[80.0845352,6.4356306],[80.0844977,6.4356945],[80.0844092,6.4358304],[80.0843636,6.4359317],[80.0843126,6.4359877],[80.0842804,6.436033],[80.0842751,6.4360783],[80.0842482,6.4361236],[80.0842053,6.4361876],[80.084149,6.4362756],[80.0841168,6.4363369],[80.0840846,6.4363742],[80.083972,6.4365021],[80.0839237,6.4365581],[80.0838191,6.4366274],[80.0837198,6.436702],[80.0836206,6.4367739],[80.0830654,6.4371577],[80.0828481,6.4372937],[80.0827194,6.4373363],[80.082604,6.4374003],[80.0824941,6.4374616],[80.0823616,6.43755]]]}},
{"type":"Feature","properties":{"osm_id":"907027292","code":8103,"fclass":"canal","width":0,"name":null},"geometry":{"type":"MultiLineString","coordinates":[[[79.8925892,6.9604762],[79.8924875,6.9605846],[79.8921559,6.9608798],[79.8920272,6.9609564],[79.8919567,6.9609184]]]}},
{"type":"Feature","properties":{"osm_id":"1065914612","code":8103,"fclass":"canal","width":0,"name":null},"geometry":{"type":"MultiLineString","coordinates":[[[80.0064545,6.6963438],[80.0068382,6.695636],[80.0070655,6.6951344],[80.0071245,6.6949958],[80.0072399,6.6949319],[80.0074169,6.6946975],[80.0075591,6.6945563],[80.0078112,6.6944098],[80.0081116,6.6942766],[80.0081679,6.6942126],[80.0081887,6.6941793],[80.0082008,6.6940734],[80.00818,6.6938943],[80.0081532,6.6938011],[80.0081089,6.693512],[80.0080539,6.6930352],[80.0080767,6.6928221],[80.0081559,6.6926969],[80.0089002,6.6924291],[80.0091389,6.6923905],[80.0094151,6.6924651],[80.0097115,6.6924651],[80.0103968,6.692601],[80.0116454,6.6931164]]]}},
{"type":"Feature","properties":{"osm_id":"1065914605","code":8103,"fclass":"canal","width":2,"name":null},"geometry":{"type":"MultiLineString","coordinates":[[[80.0010308,6.7124362],[80.0010849,6.7122667],[80.001229,6.7119615],[80.0013523,6.7116733],[80.0015201,6.711258],[80.0016557,6.7109887],[80.0016946,6.7109811],[80.001835,6.7110357],[80.0022095,6.7112354],[80.0025424,6.7114709],[80.0025851,6.7114793],[80.0026126,6.7114586],[80.0026704,6.7113889],[80.0028544,6.7112891],[80.003026,6.7111874],[80.0031816,6.7111459],[80.0033304,6.7111299],[80.0034964,6.7110489],[80.0038918,6.7108719],[80.0040578,6.7107899],[80.0041156,6.7107381],[80.0041943,6.7106345],[80.0042693,6.7104904]]]}},
{"type":"Feature","properties":{"osm_id":"920642570","code":8103,"fclass":"canal","width":1,"name":null},"geometry":{"type":"MultiLineString","coordinates":[[[79.9604699,6.882561],[79.9603893,6.8828274],[79.960451,6.8829696],[79.960413,6.88314],[79.9604168,6.8832304],[79.9602822,6.8834394]]]}},
{"type":"Feature","properties":{"osm_id":"1148121746","code":8103,"fclass":"canal","width":0,"name":null},"geometry":{"type":"MultiLineString","coordinates":[[[80.084214,6.4311278],[80.0841112,6.4310533]]]}},
{"type":"Feature","properties":{"osm_id":"920642569","code":8103,"fclass":"canal","width":1,"name":null},"geometry":{"type":"MultiLineString","coordinates":[[[79.9538337,6.8896982],[79.9539115,6.8897867]]]}},
{"type":"Feature","properties":{"osm_id":"1148121745","code":8103,"fclass":"canal","width":0,"name":null},"geometry":{"type":"MultiLineString","coordinates":[[[80.0869365,6.433316],[80.0867085,6.4331401],[80.0865529,6.4330255],[80.0864751,6.4329402],[80.0862927,6.432767],[80.0861506,6.4326257],[80.0860862,6.4325297],[80.0860701,6.4324205],[80.0859575,6.4322925],[80.0857965,6.4321699],[80.0856517,6.4320527],[80.0855122,6.4320207],[80.0854157,6.4320047],[80.0853459,6.4319327],[80.0852547,6.4318954],[80.0851501,6.4318874],[80.0850589,6.4318714],[80.084949,6.4318288],[80.0848497,6.4317915],[80.0847827,6.4317195],[80.084721,6.4316955],[80.0846861,6.4316235],[80.0846298,6.4315382],[80.0845654,6.4314716],[80.0845118,6.4314023],[80.0844474,6.4313144],[80.0843401,6.4312371],[80.084214,6.4311278]]]}},
{"type":"Feature","properties":{"osm_id":"920642568","code":8103,"fclass":"canal","width":2,"name":null},"geometry":{"type":"MultiLineString","coordinates":[[[79.9539115,6.8897867],[79.9540171,6.8899162]]]}},
{"type":"Feature","properties":{"osm_id":"1148121744","code":8103,"fclass":"canal","width":0,"name":null},"geometry":{"type":"MultiLineString","coordinates":[[[80.0841112,6.4310533],[80.0840853,6.4310345],[80.0839887,6.4309625],[80.0839619,6.4309359],[80.0838734,6.4308266],[80.0838171,6.430728],[80.0837634,6.4306],[80.0837151,6.4304828],[80.0836642,6.4301843],[80.0835891,6.4299204],[80.0835247,6.4297311],[80.0834952,6.4295472],[80.0834818,6.429414],[80.0834684,6.4292594],[80.0834228,6.4291368],[80.083353,6.4290648],[80.0833235,6.4289449],[80.0833021,6.4288862],[80.0833074,6.4287983],[80.0833074,6.4287423],[80.0832833,6.428625],[80.0832458,6.4285238],[80.0831841,6.4284305],[80.0831707,6.4283585],[80.0831546,6.4282412],[80.0831385,6.4281559],[80.0831009,6.428044],[80.0830634,6.4279427],[80.0830392,6.4278228],[80.0830097,6.4277028],[80.0829936,6.4276069],[80.0829802,6.4273483],[80.0829588,6.427271]]]}},
{"type":"Feature","properties":{"osm_id":"1148362953","code":8103,"fclass":"canal","width":0,"name":null},"geometry":{"type":"MultiLineString","coordinates":[[[80.0806503,6.4332484],[80.0806162,6.4331533],[80.0805867,6.4330707],[80.0805384,6.4329108],[80.0805089,6.4327775],[80.0804929,6.4326789],[80.0804875,6.4325616]]]}},
{"type":"Feature","properties":{"osm_id":"1148362952","code":8103,"fclass":"canal","width":0,"name":null},"geometry":{"type":"MultiLineString","coordinates":[[[80.0806503,6.4332484],[80.0806618,6.4333852],[80.0806887,6.4334998],[80.0807128,6.4336278],[80.0807664,6.4337743],[80.0807879,6.433873],[80.0808415,6.4340036]]]}},
{"type":"Feature","properties":{"osm_id":"1148362951","code":8103,"fclass":"canal","width":0,"name":null},"geometry":{"type":"MultiLineString","coordinates":[[[80.0808415,6.4340036],[80.0808925,6.4342061],[80.0809327,6.4343554],[80.0809649,6.4344673],[80.0809917,6.4345899],[80.0810427,6.4347099]]]}},
{"type":"Feature","properties":{"osm_id":"915367522","code":8103,"fclass":"canal","width":0,"name":null},"geometry":{"type":"MultiLineString","coordinates":[[[79.9301694,6.8663448],[79.9304442,6.8664086],[79.9304979,6.8663461],[79.9306306,6.8661916],[79.9310262,6.8658414],[79.9312931,6.8656537]]]}},
{"type":"Feature","properties":{"osm_id":"1148362950","code":8103,"fclass":"canal","width":0,"name":null},"geometry":{"type":"MultiLineString","coordinates":[[[80.0810427,6.4347099],[80.0810695,6.4348191],[80.0811312,6.4349417],[80.0811688,6.4350324],[80.081201,6.435115],[80.0812546,6.4352349]]]}},
{"type":"Feature","properties":{"osm_id":"915367521","code":8103,"fclass":"canal","width":0,"name":null},"geometry":{"type":"MultiLineString","coordinates":[[[79.9304979,6.8663461],[79.9307111,6.8664579],[79.9310115,6.8665298],[79.9310801,6.8665115]]]}},
{"type":"Feature","properties":{"osm_id":"1148362957","code":8103,"fclass":"canal","width":0,"name":null},"geometry":{"type":"MultiLineString","coordinates":[[[80.0795514,6.4304827],[80.0795221,6.4304266],[80.079479,6.4303441],[80.0794146,6.4302508],[80.0793717,6.4301522],[80.0792912,6.4300189],[80.079192,6.4298536]]]}},
{"type":"Feature","properties":{"osm_id":"1148362956","code":8103,"fclass":"canal","width":0,"name":null},"geometry":{"type":"MultiLineString","coordinates":[[[80.0801012,6.4312396],[80.0800422,6.431149],[80.0799779,6.4310397],[80.0799296,6.4309837],[80.079892,6.4308931],[80.0798223,6.4308212],[80.0797257,6.4307146],[80.0796453,6.4306159],[80.0795514,6.4304827]]]}},
{"type":"Feature","properties":{"osm_id":"1148362955","code":8103,"fclass":"canal","width":0,"name":null},"geometry":{"type":"MultiLineString","coordinates":[[[80.0803131,6.4317727],[80.0802997,6.4317034],[80.0802595,6.4315914],[80.0802085,6.4314875],[80.0801549,6.4313622],[80.0801012,6.4312396]]]}},
{"type":"Feature","properties":{"osm_id":"1148362954","code":8103,"fclass":"canal","width":0,"name":null},"geometry":{"type":"MultiLineString","coordinates":[[[80.0804875,6.4325616],[80.080458,6.4324177],[80.0804365,6.4323137],[80.0804124,6.4321938],[80.0803936,6.4320339],[80.0803561,6.431898],[80.0803131,6.4317727]]]}},
{"type":"Feature","properties":{"osm_id":"1148361957","code":8103,"fclass":"canal","width":0,"name":null},"geometry":{"type":"MultiLineString","coordinates":[[[80.0819573,6.4367888],[80.0820271,6.4369034],[80.0820619,6.4370074],[80.0820968,6.4370607],[80.0821102,6.437146],[80.0821531,6.4372446],[80.0822068,6.4373139]]]}},
{"type":"Feature","properties":{"osm_id":"676061624","code":8103,"fclass":"canal","width":0,"name":null},"geometry":{"type":"MultiLineString","coordinates":[[[79.9282291,6.8788186],[79.9285015,6.8789562],[79.9289483,6.879182],[79.9293637,6.8792442],[79.9298985,6.879118],[79.9302759,6.8787471],[79.9304277,6.8785776],[79.9304884,6.8784646],[79.9306458,6.8781068],[79.9307179,6.8778244],[79.9309739,6.8773367],[79.9312242,6.8770411],[79.931816,6.8763708],[79.9320322,6.8761316],[79.9322332,6.8760281]]]}},
{"type":"Feature","properties":{"osm_id":"1148361956","code":8103,"fclass":"canal","width":0,"name":null},"geometry":{"type":"MultiLineString","coordinates":[[[80.0823616,6.43755],[80.0824804,6.4376897],[80.0825742,6.437799],[80.0826762,6.4379002],[80.08277,6.4379935],[80.0828425,6.4380735],[80.0829471,6.4381561],[80.0830329,6.4382307],[80.0831295,6.4383],[80.0832394,6.4383533],[80.0833789,6.4384466],[80.0834594,6.4384984]]]}},
{"type":"Feature","properties":{"osm_id":"676061623","code":8103,"fclass":"canal","width":0,"name":null},"geometry":{"type":"MultiLineString","coordinates":[[[79.9330828,6.8753659],[79.9328307,6.8754556],[79.9326638,6.875578],[79.9324267,6.8758624],[79.9322332,6.8760281],[79.9323338,6.8761655],[79.9327264,6.8765252],[79.9331373,6.8770246]]]}},
{"type":"Feature","properties":{"osm_id":"1148361955","code":8103,"fclass":"canal","width":0,"name":null},"geometry":{"type":"MultiLineString","coordinates":[[[80.0834594,6.4384984],[80.0835533,6.4385624],[80.0837035,6.4386343],[80.0838081,6.4387303],[80.0838993,6.4387996],[80.0839878,6.4388769],[80.0840897,6.4389675],[80.0841782,6.4390394],[80.0842426,6.4390981],[80.0842855,6.4391301],[80.0843206,6.4391567]]]}},
{"type":"Feature","properties":{"osm_id":"676061622","code":8103,"fclass":"canal","width":0,"name":null},"geometry":{"type":"MultiLineString","coordinates":[[[79.9293801,6.8793765],[79.929767,6.8794051],[79.9303597,6.8795222]]]}},
{"type":"Feature","properties":{"osm_id":"1148361954","code":8103,"fclass":"canal","width":0,"name":null},"geometry":{"type":"MultiLineString","coordinates":[[[80.0843206,6.4391567],[80.0843958,6.439194],[80.0845084,6.4392207],[80.0845969,6.439234],[80.0846962,6.4392074],[80.0848464,6.4391407],[80.0849671,6.4390554],[80.085077,6.4389835],[80.0851897,6.4389195],[80.0853372,6.4388555],[80.0854767,6.4387809],[80.0856108,6.4387116],[80.0857583,6.438669],[80.0858629,6.4386796]]]}},
{"type":"Feature","properties":{"osm_id":"676061621","code":8103,"fclass":"canal","width":0,"name":null},"geometry":{"type":"MultiLineString","coordinates":[[[79.9333961,6.8759406],[79.9332029,6.8760312],[79.9328408,6.8764439],[79.9327264,6.8765252],[79.9326016,6.8766626],[79.9322078,6.8770963],[79.9318591,6.8775597],[79.931699,6.877834],[79.931556,6.8780789],[79.9313012,6.8785742],[79.9311113,6.8790729],[79.9310812,6.8791521],[79.9309444,6.879666],[79.9308314,6.8802007],[79.9307165,6.8807445],[79.9306843,6.8810481],[79.9307299,6.8812691],[79.9307942,6.8813809],[79.9315265,6.881815],[79.9320871,6.882241],[79.9321568,6.8821398],[79.9323043,6.8820893],[79.9328622,6.8819721],[79.9334738,6.8819242],[79.9335596,6.8817937]]]}},
{"type":"Feature","properties":{"osm_id":"1148362949","code":8103,"fclass":"canal","width":0,"name":null},"geometry":{"type":"MultiLineString","coordinates":[[[80.0812546,6.4352349],[80.0813056,6.4353762],[80.0813485,6.4354668],[80.0813941,6.4355788],[80.0814289,6.43568],[80.0814799,6.435776],[80.081504,6.4358426]]]}},
{"type":"Feature","properties":{"osm_id":"1148362948","code":8103,"fclass":"canal","width":0,"name":null},"geometry":{"type":"MultiLineString","coordinates":[[[80.081504,6.4358426],[80.0815684,6.4359652],[80.0816033,6.4360265],[80.0816408,6.4360932],[80.0816811,6.4361411],[80.0816998,6.4361998],[80.0817562,6.4362957],[80.0818018,6.4363863],[80.0818232,6.436445],[80.0818474,6.436501]]]}},
{"type":"Feature","properties":{"osm_id":"690509374","code":8103,"fclass":"canal","width":0,"name":null},"geometry":{"type":"MultiLineString","coordinates":[[[79.9342306,6.8753251],[79.9343777,6.8751977]]]}},
{"type":"Feature","properties":{"osm_id":"1148362947","code":8103,"fclass":"canal","width":0,"name":null},"geometry":{"type":"MultiLineString","coordinates":[[[80.0818474,6.436501],[80.0818849,6.4366129],[80.0819198,6.4366795],[80.0819573,6.4367888]]]}},
{"type":"Feature","properties":{"osm_id":"690509373","code":8103,"fclass":"canal","width":0,"name":null},"geometry":{"type":"MultiLineString","coordinates":[[[79.9343777,6.8751977],[79.9351904,6.8745]]]}},
{"type":"Feature","properties":{"osm_id":"1148361958","code":8103,"fclass":"canal","width":0,"name":null},"geometry":{"type":"MultiLineString","coordinates":[[[80.0822068,6.4373139],[80.0822497,6.4374045],[80.0823141,6.4374924],[80.0823616,6.43755]]]}},
{"type":"Feature","properties":{"osm_id":"682692175","code":8103,"fclass":"canal","width":0,"name":null},"geometry":{"type":"MultiLineString","coordinates":[[[79.8917044,6.8776505],[79.8916408,6.8773739],[79.8914561,6.8764004],[79.8912018,6.8755946]]]}},
{"type":"Feature","properties":{"osm_id":"676061607","code":8103,"fclass":"canal","width":0,"name":null},"geometry":{"type":"MultiLineString","coordinates":[[[79.9291661,6.8809495],[79.9291889,6.8809101],[79.9294008,6.8806966],[79.9296762,6.8805234],[79.9297589,6.8804063],[79.9297871,6.8802785],[79.929767,6.8794051],[79.9301559,6.8791734],[79.9302873,6.8790629],[79.9305086,6.8787274],[79.9306333,6.8784837],[79.9307152,6.8782824],[79.9308559,6.8779365],[79.9310155,6.8776183],[79.9313417,6.8771663],[79.9316512,6.8768141],[79.9319771,6.8765012],[79.9320696,6.8764652],[79.9321273,6.8763121],[79.9322024,6.8763001],[79.9323821,6.8764173],[79.9326016,6.8766626]]]}},
{"type":"Feature","properties":{"osm_id":"676061605","code":8103,"fclass":"canal","width":0,"name":null},"geometry":{"type":"MultiLineString","coordinates":[[[79.932358,6.8778579],[79.9318591,6.8775597],[79.9316083,6.8773599]]]}},
{"type":"Feature","properties":{"osm_id":"676061603","code":8103,"fclass":"canal","width":0,"name":null},"geometry":{"type":"MultiLineString","coordinates":[[[79.9313417,6.8771663],[79.9315278,6.8773067]]]}},
{"type":"Feature","properties":{"osm_id":"676061601","code":8103,"fclass":"canal","width":0,"name":null},"geometry":{"type":"MultiLineString","coordinates":[[[79.9304509,6.8795462],[79.9305893,6.8795798],[79.9309444,6.879666],[79.9313119,6.8797725],[79.9317759,6.8797805],[79.9318329,6.8797347],[79.9318734,6.8790777],[79.9319744,6.8786701],[79.9322185,6.8781402],[79.932358,6.8778579],[79.9326208,6.8775357],[79.9329481,6.8773014],[79.9332834,6.8771406]]]}},
{"type":"Feature","properties":{"osm_id":"676061618","code":8103,"fclass":"canal","width":0,"name":null},"geometry":{"type":"MultiLineString","coordinates":[[[79.9335712,6.8810168],[79.9328864,6.8809389],[79.9326691,6.8809069],[79.9319639,6.8809236],[79.9317679,6.8809282],[79.9315506,6.8808617],[79.9307165,6.8807445],[79.9297589,6.8804063]]]}},
{"type":"Feature","properties":{"osm_id":"676061616","code":8103,"fclass":"canal","width":0,"name":null},"geometry":{"type":"MultiLineString","coordinates":[[[79.9328622,6.8819721],[79.9329025,6.8814315],[79.9328864,6.8809389]]]}},
{"type":"Feature","properties":{"osm_id":"676061612","code":8103,"fclass":"canal","width":0,"name":null},"geometry":{"type":"MultiLineString","coordinates":[[[79.9318225,6.884284],[79.931666,6.8840225],[79.9315372,6.8838228],[79.9312784,6.8836275]]]}},
{"type":"Feature","properties":{"osm_id":"676061610","code":8103,"fclass":"canal","width":0,"name":null},"geometry":{"type":"MultiLineString","coordinates":[[[79.932399,6.8836767],[79.9321943,6.8834633],[79.9319433,6.8829726],[79.9318478,6.8828327],[79.9317224,6.882632],[79.9315855,6.8824035],[79.9309096,6.8820573],[79.9305904,6.8817005],[79.9305475,6.8816179],[79.9301425,6.8812877],[79.9298957,6.8811945],[79.9294639,6.8811439],[79.9292895,6.8810827],[79.9291661,6.8809495],[79.928965,6.8807232],[79.9287611,6.8805927],[79.9283916,6.8803888]]]}},
{"type":"Feature","properties":{"osm_id":"724198125","code":8103,"fclass":"canal","width":2,"name":null},"geometry":{"type":"MultiLineString","coordinates":[[[79.9959308,6.898433],[79.9957753,6.8987738],[79.995781,6.899011],[79.9956956,6.8996945],[79.9955709,6.9002058],[79.99547,6.9011029],[79.9953846,6.9015227],[79.9953201,6.9016696],[79.9951874,6.9024265],[79.9950698,6.9028238],[79.9949541,6.9033642],[79.9945558,6.9048272],[79.994387,6.9052621],[79.9942258,6.9060932],[79.9941708,6.9060985],[79.9941145,6.9060666],[79.994026,6.9060759],[79.99392,6.9061891]]]}},
{"type":"Feature","properties":{"osm_id":"724198124","code":8103,"fclass":"canal","width":3,"name":null},"geometry":{"type":"MultiLineString","coordinates":[[[79.99392,6.9061891],[79.9933989,6.9062901],[79.9923804,6.9064803],[79.9922423,6.9065539],[79.9911164,6.9076922],[79.9910152,6.9077341],[79.9908576,6.9079844],[79.9906469,6.9082577],[79.9898209,6.9091097]]]}},
{"type":"Feature","properties":{"osm_id":"724198121","code":8103,"fclass":"canal","width":3,"name":null},"geometry":{"type":"MultiLineString","coordinates":[[[79.9898209,6.9091097],[79.9897602,6.9091728]]]}},
{"type":"Feature","properties":{"osm_id":"724198120","code":8103,"fclass":"canal","width":5,"name":null},"geometry":{"type":"MultiLineString","coordinates":[[[79.9897602,6.9091728],[79.9896218,6.9093337],[79.9891201,6.9100144],[79.9887806,6.9107882],[79.9885435,6.9112627],[79.987893,6.9121627],[79.9875857,6.9129083],[79.9871969,6.9136765],[79.9868025,6.9141717]]]}},
{"type":"Feature","properties":{"osm_id":"740113273","code":8103,"fclass":"canal","width":0,"name":null},"geometry":{"type":"MultiLineString","coordinates":[[[79.9000541,6.8437249],[79.9000176,6.8437189]]]}},
{"type":"Feature","properties":{"osm_id":"740113272","code":8103,"fclass":"canal","width":0,"name":null},"geometry":{"type":"MultiLineString","coordinates":[[[79.9000176,6.8437189],[79.8999515,6.8437042]]]}},
{"type":"Feature","properties":{"osm_id":"744510204","code":8103,"fclass":"canal","width":0,"name":null},"geometry":{"type":"MultiLineString","coordinates":[[[79.9840609,6.6226678],[79.9840855,6.6226232],[79.9841169,6.6225854],[79.9841767,6.6223803],[79.9841683,6.6216434]]]}},
{"type":"Feature","properties":{"osm_id":"722439289","code":8103,"fclass":"canal","width":0,"name":null},"geometry":{"type":"MultiLineString","coordinates":[[[80.0544241,6.9066733],[80.0546236,6.9071009]]]}},
{"type":"Feature","properties":{"osm_id":"637060406","code":8103,"fclass":"canal","width":0,"name":"ela"},"geometry":{"type":"MultiLineString","coordinates":[[[80.0325465,6.4371679],[80.0327808,6.4360763],[80.032802,6.4359776],[80.0328737,6.4356434],[80.0328791,6.4352835],[80.0329327,6.4349423],[80.0329971,6.4345159],[80.03304,6.434292],[80.0331259,6.4340148],[80.0331366,6.4338336],[80.0332117,6.433631],[80.0332546,6.4333218],[80.0333512,6.4330127],[80.0334155,6.4326715],[80.0334692,6.4324796],[80.0335765,6.4320105],[80.0337052,6.4315521],[80.0338554,6.4312749],[80.0339198,6.4310936],[80.0340056,6.4308484],[80.0340915,6.4306352],[80.0341451,6.4304006],[80.0341988,6.4301448],[80.0342953,6.4299102],[80.0345099,6.4295477],[80.0346601,6.4292919],[80.0348103,6.4290999],[80.0349498,6.4288867],[80.0349939,6.428864],[80.0350521,6.4287542],[80.0352256,6.4283245],[80.035344,6.4280751],[80.035368,6.4279761]]]}},
{"type":"Feature","properties":{"osm_id":"637060404","code":8103,"fclass":"canal","width":0,"name":"ela"},"geometry":{"type":"MultiLineString","coordinates":[[[80.0325572,6.4347611],[80.0325572,6.4345159],[80.0325036,6.434388],[80.0326002,6.4340042],[80.0325975,6.4339135],[80.0326484,6.4337989],[80.0326404,6.4336257],[80.0326887,6.4335644],[80.0326753,6.4334124],[80.0327638,6.4332632],[80.0329006,6.4331059],[80.0331393,6.4327115],[80.0332063,6.4323836],[80.0332063,6.432293],[80.0331366,6.4321651],[80.0330454,6.4320638],[80.032981,6.4320371],[80.0327021,6.4321757],[80.032509,6.4321651],[80.0323588,6.4321064],[80.0322032,6.4319092],[80.0320476,6.4316267],[80.0319457,6.4315041],[80.0318545,6.4313175],[80.0315058,6.4310776],[80.0314683,6.4310296],[80.0314361,6.4305072],[80.031184,6.4299049],[80.0309586,6.4295477],[80.0308031,6.4293558],[80.0307372,6.4291053],[80.0306701,6.4289667],[80.0306607,6.4285627],[80.0306521,6.4283821],[80.030449,6.428383],[80.0303149,6.4284176],[80.0301379,6.4284549],[80.0300065,6.4284576],[80.0296256,6.4284896],[80.029352,6.4284576],[80.0291991,6.4283963],[80.0290382,6.428335],[80.0288987,6.4283163],[80.0287861,6.4283003],[80.0285232,6.4282817],[80.0283945,6.4282737],[80.0282523,6.4282737],[80.0280994,6.4282257],[80.0279063,6.4281617],[80.0277507,6.4281191],[80.0275683,6.4280764],[80.0273859,6.4280551],[80.0272572,6.4281111],[80.0271285,6.4281777],[80.0270238,6.428223],[80.0268744,6.4282834],[80.0268656,6.428287],[80.0267311,6.4283406]]]}},
{"type":"Feature","properties":{"osm_id":"778740010","code":8103,"fclass":"canal","width":2,"name":null},"geometry":{"type":"MultiLineString","coordinates":[[[80.0661029,6.6850479],[80.0662918,6.6850326],[80.0663185,6.6850393],[80.0663449,6.6849538],[80.0664515,6.684744],[80.0666392,6.6845142],[80.0668754,6.6841236],[80.0675633,6.6827084],[80.0676036,6.6825858],[80.0676111,6.6821879]]]}},
{"type":"Feature","properties":{"osm_id":"724198119","code":8103,"fclass":"canal","width":10,"name":null},"geometry":{"type":"MultiLineString","coordinates":[[[79.9835962,6.9152809],[79.98395,6.9153315],[79.9841188,6.9150924],[79.9845019,6.9150133],[79.9858826,6.9145972],[79.9864364,6.9143976],[79.9868025,6.9141717]]]}},
{"type":"Feature","properties":{"osm_id":"744531477","code":8103,"fclass":"canal","width":0,"name":null},"geometry":{"type":"MultiLineString","coordinates":[[[79.9822621,6.6222002],[79.9823686,6.6220467]]]}},
{"type":"Feature","properties":{"osm_id":"744531476","code":8103,"fclass":"canal","width":0,"name":null},"geometry":{"type":"MultiLineString","coordinates":[[[79.9823686,6.6220467],[79.982551,6.6218558],[79.9831312,6.6211021]]]}},
{"type":"Feature","properties":{"osm_id":"724198115","code":8103,"fclass":"canal","width":0,"name":null},"geometry":{"type":"MultiLineString","coordinates":[[[79.9781406,6.8941437],[79.9782639,6.8944488],[79.9783531,6.8946634],[79.9782952,6.8947387],[79.9783559,6.8950842],[79.9784289,6.8956293],[79.9784043,6.8958779],[79.9785655,6.8963976],[79.9785598,6.8965651],[79.9784356,6.8967589],[79.9785134,6.8974938],[79.9787253,6.8978],[79.9788889,6.8987559],[79.979025,6.8991778],[79.9792962,6.901564],[79.9793033,6.9021255],[79.9794093,6.9031895],[79.9793422,6.9045848],[79.979884,6.9058043],[79.9799457,6.9066324],[79.980045,6.9069466],[79.9801978,6.9072156],[79.9802542,6.9076509],[79.9804674,6.908266],[79.9806499,6.909137],[79.980775,6.9092763],[79.9812169,6.910728],[79.9814957,6.9116562],[79.9816141,6.9122348],[79.9816301,6.9125863],[79.9823034,6.9144928],[79.9829632,6.9151904],[79.9835962,6.9152809]]]}},
{"type":"Feature","properties":{"osm_id":"744510205","code":8103,"fclass":"canal","width":0,"name":null},"geometry":{"type":"MultiLineString","coordinates":[[[79.9840133,6.6227517],[79.9840609,6.6226678]]]}},
{"type":"Feature","properties":{"osm_id":"723028849","code":8103,"fclass":"canal","width":0,"name":null},"geometry":{"type":"MultiLineString","coordinates":[[[79.9385479,6.8810668],[79.937776,6.8808537],[79.9363169,6.8793545],[79.9359119,6.8791046]]]}},
{"type":"Feature","properties":{"osm_id":"634091985","code":8103,"fclass":"canal","width":0,"name":"ela"},"geometry":{"type":"MultiLineString","coordinates":[[[80.0282328,6.4379197],[80.0282764,6.4377142],[80.028365,6.4372372],[80.0283623,6.4370613]]]}},
{"type":"Feature","properties":{"osm_id":"755109897","code":8103,"fclass":"canal","width":0,"name":null},"geometry":{"type":"MultiLineString","coordinates":[[[79.9095078,6.8911022],[79.9095941,6.8909859]]]}},
{"type":"Feature","properties":{"osm_id":"755109895","code":8103,"fclass":"canal","width":0,"name":null},"geometry":{"type":"MultiLineString","coordinates":[[[79.9088253,6.8910478],[79.9087782,6.8910223]]]}},
{"type":"Feature","properties":{"osm_id":"755109894","code":8103,"fclass":"canal","width":0,"name":null},"geometry":{"type":"MultiLineString","coordinates":[[[79.9087782,6.8910223],[79.9069401,6.8900277],[79.9067694,6.8898978],[79.9062288,6.8891314]]]}},
{"type":"Feature","properties":{"osm_id":"637060403","code":8103,"fclass":"canal","width":0,"name":"ela"},"geometry":{"type":"MultiLineString","coordinates":[[[80.0370594,6.4316736],[80.0380021,6.431728],[80.0382757,6.4318133],[80.0384366,6.4318133],[80.0389945,6.4318932],[80.0390723,6.4319132],[80.0392038,6.4320385],[80.0392687,6.432138]]]}},
{"type":"Feature","properties":{"osm_id":"755109901","code":8103,"fclass":"canal","width":0,"name":null},"geometry":{"type":"MultiLineString","coordinates":[[[79.9082867,6.8916395],[79.9084062,6.8916809]]]}},
{"type":"Feature","properties":{"osm_id":"634147887","code":8103,"fclass":"canal","width":0,"name":"ela"},"geometry":{"type":"MultiLineString","coordinates":[[[80.029882,6.4360768],[80.0301325,6.4360351],[80.030331,6.4359765],[80.0305295,6.4359125],[80.0308621,6.4358219],[80.0311357,6.4357419],[80.0312483,6.4358485],[80.0313717,6.4359871],[80.0315326,6.4361364],[80.0316131,6.4362217],[80.0321844,6.4367894],[80.0323534,6.436928],[80.0325465,6.4371679],[80.0325143,6.4373545],[80.0324419,6.4376317],[80.0323909,6.4380101],[80.0323101,6.4382596],[80.0322839,6.4385007]]]}},
{"type":"Feature","properties":{"osm_id":"755109900","code":8103,"fclass":"canal","width":0,"name":null},"geometry":{"type":"MultiLineString","coordinates":[[[79.9068851,6.8903836],[79.906942,6.8904796]]]}},
{"type":"Feature","properties":{"osm_id":"634091987","code":8103,"fclass":"canal","width":0,"name":"ela"},"geometry":{"type":"MultiLineString","coordinates":[[[80.0280135,6.4386905],[80.0280189,6.4383939],[80.0280458,6.4383059],[80.028078,6.4381567],[80.0281236,6.4380208],[80.0281718,6.4378902]]]}},
{"type":"Feature","properties":{"osm_id":"755109899","code":8103,"fclass":"canal","width":0,"name":null},"geometry":{"type":"MultiLineString","coordinates":[[[79.9089069,6.8916489],[79.9092501,6.8916414],[79.9093051,6.8915717],[79.9093858,6.8911209],[79.9094573,6.8897823],[79.9095833,6.8897716],[79.9099132,6.8899154],[79.9102485,6.8901311],[79.9104872,6.8902163],[79.9110344,6.8902855],[79.9114957,6.8902429],[79.9123192,6.8905119],[79.9125257,6.890669],[79.9127912,6.8907862],[79.9135503,6.8910258]]]}},
{"type":"Feature","properties":{"osm_id":"634091986","code":8103,"fclass":"canal","width":0,"name":"ela"},"geometry":{"type":"MultiLineString","coordinates":[[[80.0288327,6.437831],[80.0287064,6.4378809],[80.0285857,6.4379075],[80.028457,6.4379208],[80.0283014,6.4379288],[80.0282328,6.4379197],[80.0281718,6.4378902],[80.0280772,6.4378672],[80.0279324,6.4378139],[80.0278392,6.4378049],[80.0277318,6.4378326],[80.0276004,6.4378592],[80.0274689,6.4378832],[80.0272275,6.4378939],[80.0270364,6.4378999],[80.0267789,6.4379079],[80.0265536,6.4379213],[80.0261294,6.4379724],[80.025703,6.4380071]]]}},
{"type":"Feature","properties":{"osm_id":"755109898","code":8103,"fclass":"canal","width":0,"name":null},"geometry":{"type":"MultiLineString","coordinates":[[[79.9093858,6.8911209],[79.9095078,6.8911022]]]}},
{"type":"Feature","properties":{"osm_id":"740774917","code":8103,"fclass":"canal","width":0,"name":null},"geometry":{"type":"MultiLineString","coordinates":[[[79.8909849,6.8505597],[79.8906576,6.8504018]]]}},
{"type":"Feature","properties":{"osm_id":"740774916","code":8103,"fclass":"canal","width":0,"name":null},"geometry":{"type":"MultiLineString","coordinates":[[[79.8906576,6.8504018],[79.8905852,6.8503586]]]}},
{"type":"Feature","properties":{"osm_id":"740622490","code":8103,"fclass":"canal","width":0,"name":null},"geometry":{"type":"MultiLineString","coordinates":[[[79.9326884,6.8644401],[79.9336556,6.8611652],[79.9336764,6.8611126]]]}},
{"type":"Feature","properties":{"osm_id":"740622489","code":8103,"fclass":"canal","width":0,"name":null},"geometry":{"type":"MultiLineString","coordinates":[[[79.9336764,6.8611126],[79.9337272,6.8609845]]]}},
{"type":"Feature","properties":{"osm_id":"751456164","code":8103,"fclass":"canal","width":0,"name":null},"geometry":{"type":"MultiLineString","coordinates":[[[79.9263498,6.8975094],[79.9265226,6.8976323],[79.9268121,6.8977702],[79.9267965,6.8978453],[79.9268918,6.8979774],[79.9268608,6.8980766],[79.9270898,6.8983605],[79.9272066,6.8984176],[79.9273495,6.8983571],[79.9275328,6.8985782],[79.9277011,6.898703],[79.9279536,6.8986198],[79.9280256,6.8986382],[79.9280738,6.8988145],[79.9281288,6.8988755],[79.9287122,6.8989824],[79.9293439,6.8988167],[79.9291239,6.8979221],[79.9291945,6.8978894],[79.9297626,6.8978813],[79.9301848,6.8985362],[79.9306495,6.8983722],[79.9308938,6.8982384],[79.9311973,6.8979135],[79.9309877,6.8976089],[79.9310999,6.8973764],[79.9319463,6.8961843],[79.931963,6.8960025],[79.9319948,6.8959809],[79.9321133,6.8960105],[79.9323488,6.8961162],[79.9322758,6.8964654],[79.9321963,6.8964632],[79.9321231,6.8967042],[79.932111,6.8968205],[79.9316665,6.8974582]]]}},
{"type":"Feature","properties":{"osm_id":"749015602","code":8103,"fclass":"canal","width":0,"name":null},"geometry":{"type":"MultiLineString","coordinates":[[[79.9319639,6.8809236],[79.9319525,6.880396],[79.9317759,6.8797805]]]}},
{"type":"Feature","properties":{"osm_id":"742122572","code":8103,"fclass":"canal","width":0,"name":null},"geometry":{"type":"MultiLineString","coordinates":[[[80.0404651,6.8887191],[80.0405182,6.8885948],[80.0416182,6.8886419],[80.0424148,6.8886005],[80.042705,6.8885327],[80.0428927,6.8885816],[80.0431014,6.8885873],[80.0431677,6.888544],[80.0433081,6.8886249],[80.0434295,6.8886268],[80.0433707,6.8888885],[80.0433764,6.8889432],[80.0434655,6.8889488],[80.0435262,6.8890957],[80.0438316,6.8891503],[80.0440411,6.8892177],[80.0441833,6.8891964],[80.044241,6.8892084],[80.0443348,6.8893309],[80.0447573,6.889488],[80.0449182,6.8895732],[80.0450617,6.8896837],[80.0451221,6.889701],[80.0457336,6.8896718],[80.0459455,6.8897157],[80.0465544,6.8899074],[80.0466724,6.8898821],[80.046958,6.8899673],[80.0470385,6.8898741],[80.0470492,6.8898155],[80.0469594,6.8895053],[80.0470372,6.8894414],[80.0471511,6.8894627],[80.0475267,6.8894228],[80.0476004,6.889528],[80.047709,6.8895546],[80.0478056,6.8895213],[80.0479652,6.8895333],[80.0481369,6.8895945],[80.0481945,6.8896451],[80.0483152,6.8896571],[80.0484346,6.8895439],[80.0485338,6.8895333],[80.048617,6.8896265],[80.0486344,6.8897037],[80.0486746,6.889729],[80.0487578,6.8896598]]]}},
{"type":"Feature","properties":{"osm_id":"838545948","code":8103,"fclass":"canal","width":0,"name":null},"geometry":{"type":"MultiLineString","coordinates":[[[79.9254557,6.8914022],[79.9252736,6.8915049],[79.9245463,6.8914154],[79.9239764,6.8910652],[79.923982,6.8909965]]]}},
{"type":"Feature","properties":{"osm_id":"838545947","code":8103,"fclass":"canal","width":0,"name":null},"geometry":{"type":"MultiLineString","coordinates":[[[79.923982,6.8909965],[79.924185,6.8908119]]]}},
{"type":"Feature","properties":{"osm_id":"849865087","code":8103,"fclass":"canal","width":0,"name":null},"geometry":{"type":"MultiLineString","coordinates":[[[80.0522473,6.7585954],[80.0517713,6.7582811],[80.0509679,6.7583131],[80.0506286,6.7584782],[80.0504529,6.7586926]]]}},
{"type":"Feature","properties":{"osm_id":"838545951","code":8103,"fclass":"canal","width":0,"name":null},"geometry":{"type":"MultiLineString","coordinates":[[[79.924185,6.8908119],[79.9241999,6.8907022],[79.9240538,6.8896398],[79.9239868,6.8893842],[79.9239372,6.8892896],[79.9237435,6.8891414],[79.9234946,6.8890407],[79.9229032,6.8888569],[79.9228375,6.8887864],[79.9227945,6.8886745],[79.9225746,6.8878943],[79.9224351,6.8878677],[79.9223547,6.8877066]]]}},
{"type":"Feature","properties":{"osm_id":"838545950","code":8103,"fclass":"canal","width":0,"name":null},"geometry":{"type":"MultiLineString","coordinates":[[[79.9223547,6.8877066],[79.9222527,6.8874749]]]}},
{"type":"Feature","properties":{"osm_id":"838545949","code":8103,"fclass":"canal","width":0,"name":null},"geometry":{"type":"MultiLineString","coordinates":[[[79.9222527,6.8874749],[79.9222024,6.8873612]]]}},
{"type":"Feature","properties":{"osm_id":"755109904","code":8103,"fclass":"canal","width":0,"name":null},"geometry":{"type":"MultiLineString","coordinates":[[[79.9084062,6.8916809],[79.9086717,6.891679],[79.9089069,6.8916489],[79.9088784,6.8910765],[79.9088253,6.8910478]]]}},
{"type":"Feature","properties":{"osm_id":"755109903","code":8103,"fclass":"canal","width":0,"name":null},"geometry":{"type":"MultiLineString","coordinates":[[[79.9069401,6.8900277],[79.9068433,6.890312],[79.9068851,6.8903836]]]}},
{"type":"Feature","properties":{"osm_id":"819075338","code":8103,"fclass":"canal","width":10,"name":null},"geometry":{"type":"MultiLineString","coordinates":[[[80.0754756,6.398208],[80.075477829739725,6.398203559909596]]]}},
{"type":"Feature","properties":{"osm_id":"755109902","code":8103,"fclass":"canal","width":0,"name":null},"geometry":{"type":"MultiLineString","coordinates":[[[79.906942,6.8904796],[79.9072473,6.8907413],[79.9073896,6.8909861],[79.9074351,6.8911367],[79.9073782,6.8913043],[79.9082867,6.8916395]]]}},
{"type":"Feature","properties":{"osm_id":"854150340","code":8103,"fclass":"canal","width":0,"name":null},"geometry":{"type":"MultiLineString","coordinates":[[[80.0693178,6.6750062],[80.0693931,6.6747617]]]}},
{"type":"Feature","properties":{"osm_id":"849985995","code":8103,"fclass":"canal","width":0,"name":null},"geometry":{"type":"MultiLineString","coordinates":[[[80.0059116,6.6961655],[80.0057995,6.6950971],[80.0058398,6.6948626],[80.0058129,6.6945696],[80.0061563,6.6927528],[80.0075215,6.6905977],[80.0075698,6.6904618],[80.0081062,6.6896893],[80.0091952,6.6874276],[80.0098738,6.6867509],[80.0105712,6.6857999],[80.0108501,6.6854536],[80.011695,6.684697],[80.0133741,6.6832478],[80.0159195,6.6809967],[80.0177756,6.6794117],[80.0183051,6.6790444],[80.0186427,6.6789521],[80.0187641,6.6788692],[80.0187869,6.6787938],[80.0187812,6.6784849],[80.0189632,6.6780836],[80.0193008,6.6775487],[80.0208143,6.6775091],[80.0208923,6.677488],[80.0209812,6.6774639],[80.0214573,6.6775072],[80.0219561,6.6776089],[80.0223221,6.6776315],[80.0228323,6.6778463],[80.0231187,6.6778859],[80.0233937,6.6779687],[80.0248977,6.6779932],[80.0259447,6.6779556],[80.026269,6.6779989],[80.0268114,6.6778651],[80.0278052,6.6780026],[80.028012,6.6781383],[80.028782,6.6781948],[80.0292941,6.6783455],[80.0303372,6.6784623],[80.0308076,6.6785602],[80.0310408,6.678645],[80.0315472,6.678645],[80.0317615,6.6785659],[80.0325676,6.6787467],[80.0328312,6.6788635],[80.0330114,6.6788805],[80.0334287,6.6790726],[80.0336563,6.6790123],[80.0338687,6.6791141],[80.0342878,6.6791555],[80.0344149,6.679374],[80.0343846,6.6796622],[80.0344832,6.6797037],[80.0347146,6.6797055],[80.0349744,6.6798035],[80.0354884,6.6800653],[80.0356648,6.6801972],[80.0358772,6.6802349],[80.0360403,6.6803573],[80.0361996,6.6803498],[80.03634,6.6807115],[80.0367951,6.6809658],[80.0373812,6.6811692],[80.0376866,6.6812144],[80.038064,6.6814687],[80.0386728,6.6817588],[80.0389478,6.6819717],[80.0391299,6.6820037],[80.0396818,6.682501],[80.040816,6.6831678],[80.0410492,6.6831829],[80.0411479,6.6832601],[80.0411327,6.6834297],[80.0413868,6.683603],[80.0416884,6.6837292],[80.0417889,6.6838629],[80.0419919,6.6840494],[80.0425476,6.6850723],[80.0427979,6.6854376],[80.0428542,6.6855921],[80.0429642,6.68572],[80.0430018,6.6858825],[80.0431091,6.6859784],[80.0434872,6.6860796],[80.0435221,6.6861808],[80.0440371,6.6862315],[80.0444153,6.6861435],[80.04489,6.6861222],[80.0457403,6.6860343],[80.0462741,6.6858931],[80.0468749,6.6861515],[80.0473684,6.6861542],[80.0475025,6.6861063],[80.0477385,6.6862341],[80.0481838,6.6861595],[80.0483206,6.6862048],[80.0484547,6.6863034],[80.0487638,6.6864719],[80.0488873,6.6867233],[80.049137,6.6869657]]]}},
{"type":"Feature","properties":{"osm_id":"849985989","code":8103,"fclass":"canal","width":0,"name":null},"geometry":{"type":"MultiLineString","coordinates":[[[80.0490741,6.686347],[80.0494015,6.68637],[80.0504985,6.6859331],[80.0518933,6.6853097]]]}},
{"type":"Feature","properties":{"osm_id":"816930556","code":8103,"fclass":"canal","width":0,"name":null},"geometry":{"type":"MultiLineString","coordinates":[[[80.1121531,6.6762555],[80.1122162,6.6762968],[80.1123379,6.6764375],[80.1128165,6.6764379]]]}},
{"type":"Feature","properties":{"osm_id":"816930558","code":8103,"fclass":"canal","width":0,"name":null},"geometry":{"type":"MultiLineString","coordinates":[[[80.1104808,6.6754769],[80.1103735,6.6755515],[80.1102997,6.6757379],[80.1102786,6.6757912],[80.1101181,6.6759345],[80.1100302,6.6760923],[80.1097593,6.6761482],[80.1096654,6.6761296],[80.1096064,6.6761429],[80.1094454,6.6761935],[80.1094267,6.6763241],[80.1093945,6.6764386],[80.1092041,6.6764839],[80.1091531,6.6765159],[80.1088232,6.6770114],[80.108622,6.6771579],[80.1085965,6.6772245],[80.1085308,6.6772565],[80.1084785,6.6773617],[80.1079461,6.6778053],[80.1076309,6.6780344],[80.1072286,6.6784087],[80.1071535,6.6785272],[80.1070784,6.6787097],[80.1069926,6.6788136],[80.1066935,6.6787603],[80.1063623,6.6786524],[80.1060981,6.6785938],[80.1059197,6.6785245],[80.1058567,6.6784486],[80.1057802,6.678426],[80.1056448,6.6784726],[80.1055361,6.6784326],[80.1054463,6.6784579],[80.1047288,6.6784952],[80.1045679,6.6785272],[80.1044847,6.6785618],[80.1042715,6.6787683],[80.1040623,6.6788535],[80.1039469,6.6789268],[80.1034011,6.6790946],[80.1033126,6.6791013],[80.1031516,6.6791759],[80.1030112,6.6791889],[80.1028881,6.6792944],[80.1027206,6.6793278],[80.1026655,6.679335],[80.1025576,6.6793358]]]}},
{"type":"Feature","properties":{"osm_id":"816930557","code":8103,"fclass":"canal","width":0,"name":null},"geometry":{"type":"MultiLineString","coordinates":[[[80.1102786,6.6757912],[80.1103178,6.6758226],[80.1112975,6.6762628],[80.1114129,6.6763827],[80.1115268,6.6766018],[80.1116878,6.6765445],[80.1117401,6.6764799],[80.1121531,6.6762555],[80.1124053,6.6761223]]]}},
{"type":"Feature","properties":{"osm_id":"435240933","code":8103,"fclass":"canal","width":0,"name":null},"geometry":{"type":"MultiLineString","coordinates":[[[79.8762132,7.1128792],[79.876093,7.1128119],[79.875932,7.1127599],[79.8757672,7.1127041],[79.8756082,7.1127407],[79.8754279,7.1128215],[79.8751416,7.112891],[79.8751407,7.1128445],[79.8751051,7.1127839],[79.8752727,7.1127599],[79.8754085,7.1126964],[79.8755888,7.1126214],[79.8757284,7.1125752],[79.875901,7.1126214],[79.8760678,7.112706],[79.8762249,7.1127849],[79.8762792,7.1128253],[79.8762869,7.1128504],[79.8762423,7.1128773],[79.8762132,7.1128792]]]}},
{"type":"Feature","properties":{"osm_id":"435112697","code":8103,"fclass":"canal","width":0,"name":null},"geometry":{"type":"MultiLineString","coordinates":[[[79.918315,7.0998782],[79.9183947,7.0999115],[79.9184064,7.0999687],[79.9183962,7.1000807],[79.9184621,7.100165],[79.9185486,7.1002057],[79.9186755,7.1002743],[79.9189088,7.1003312],[79.918954,7.1003921],[79.9187591,7.100658],[79.9189806,7.1006945],[79.9190703,7.1007835],[79.9191923,7.1009544],[79.919265,7.101113],[79.9192225,7.101238],[79.9192196,7.1013369],[79.9192928,7.1014619],[79.9193192,7.1016771],[79.9193822,7.1018312],[79.9194364,7.1019664],[79.9194994,7.1020754],[79.9195214,7.1021728],[79.9195273,7.1023531],[79.9195067,7.1025334],[79.9194862,7.1026221],[79.9194452,7.1027471],[79.919372,7.102939],[79.919309,7.1030859],[79.9192606,7.1031717],[79.9191566,7.1033956],[79.919117,7.1035031],[79.9190819,7.1036529],[79.9190291,7.1037765],[79.9189647,7.1038782],[79.9189148,7.1039611],[79.9188958,7.10406],[79.918846,7.1041327],[79.9187683,7.1041021],[79.9188006,7.1040498],[79.9188343,7.1039669],[79.918843,7.1039408],[79.9187683,7.1039422],[79.9187126,7.1039248],[79.9186965,7.1038928],[79.9187214,7.1038404],[79.9188137,7.1038579],[79.9188518,7.1038753],[79.9188929,7.1038361],[79.9189412,7.1037038],[79.9190013,7.1035904],[79.9190672,7.1034755],[79.9190936,7.1033636],[79.9191419,7.1032662],[79.9191961,7.1031586],[79.919246,7.1030074],[79.9193602,7.102798],[79.9194042,7.1026352],[79.9194437,7.1025261],[79.9194525,7.1023909],[79.9194628,7.1021641],[79.9194374,7.1020976],[79.9193881,7.1020202],[79.9193368,7.1019417],[79.9193046,7.1018792],[79.9192665,7.1017381],[79.9192313,7.1015666],[79.9192049,7.101459],[79.9191771,7.1013543],[79.9191331,7.1012496],[79.9191317,7.1011217],[79.9191156,7.1010388],[79.9190496,7.1009458],[79.9190013,7.1008847],[79.9189603,7.1008251],[79.9188929,7.1007771],[79.9187595,7.1007393],[79.9186775,7.1007088],[79.9186658,7.1006681],[79.9186804,7.1006055],[79.9187317,7.1005299],[79.918802,7.1004165],[79.9187039,7.1003962],[79.9185808,7.1003787],[79.9185427,7.1003337],[79.9184606,7.1002726],[79.918383,7.1002086],[79.9183083,7.1001272],[79.9182966,7.1000298],[79.918315,7.0998782]]]}},
{"type":"Feature","properties":{"osm_id":"435271771","code":8103,"fclass":"canal","width":0,"name":null},"geometry":{"type":"MultiLineString","coordinates":[[[79.988926,7.1565314],[79.9888871,7.1565679],[79.9888048,7.1565754],[79.9883949,7.1564301],[79.9880569,7.156542],[79.9878804,7.1564136],[79.9876868,7.1562252],[79.987668,7.1560921],[79.9877349,7.1558721],[79.987692,7.1557444],[79.9873943,7.1557097],[79.986831,7.1558242],[79.9867567,7.1557365],[79.986867,7.1555276],[79.9867775,7.1554336],[79.9866014,7.1553634],[79.9865462,7.1554871],[79.986442,7.1556392],[79.9863435,7.1557411],[79.9862458,7.1557365],[79.9861559,7.1556863],[79.9860169,7.1556899],[79.9858551,7.1559748],[79.9857636,7.1559971],[79.9857534,7.1557855],[79.9856943,7.1557068],[79.9855355,7.1556219],[79.9853853,7.1557177],[79.9852887,7.1556539],[79.985219,7.1554782],[79.9850902,7.1554782],[79.9848962,7.1556719],[79.9846718,7.1558668],[79.9845377,7.1560211],[79.9844626,7.1561915],[79.9844572,7.156399],[79.9843875,7.1564363],[79.9841622,7.1563086],[79.9839753,7.1562013],[79.9838282,7.1562297],[79.983773,7.1562804],[79.9836933,7.1564305],[79.9836463,7.1565501],[79.9834991,7.1565886],[79.9832968,7.156471],[79.983251,7.1564162],[79.9831435,7.1563595],[79.9830732,7.1562094],[79.9830632,7.155996],[79.983148,7.1559866],[79.9832735,7.155881],[79.9833361,7.1557124],[79.9833254,7.1556006],[79.9832503,7.1555261],[79.9830922,7.1556341],[79.9831231,7.155664],[79.9830822,7.1556883],[79.9830291,7.1557694],[79.9829944,7.1558668],[79.9829698,7.1559621],[79.9829433,7.1560635],[79.9829576,7.1561608],[79.9830169,7.1563575],[79.9830945,7.1565096],[79.9832355,7.1565947],[79.9833847,7.1566941],[79.9835543,7.1567245],[79.9836953,7.1566434],[79.983822,7.1564589],[79.9839324,7.1563737],[79.9840203,7.1564082],[79.9841695,7.1564812],[79.9843902,7.1565907],[79.9844985,7.1566839],[79.9846456,7.15669],[79.9846722,7.1565562],[79.984619,7.1563859],[79.984568,7.156246],[79.9846701,7.1561121],[79.9848234,7.1559844],[79.9849235,7.1558749],[79.98504,7.1557836],[79.9850973,7.1556741],[79.9851606,7.1557025],[79.9851953,7.1558323],[79.9852567,7.1559073],[79.9853118,7.1559033],[79.9853895,7.1558871],[79.9854753,7.1557978],[79.9855632,7.1557208],[79.9855836,7.1557674],[79.9855877,7.1558222],[79.9855877,7.1558972],[79.9855979,7.1560087],[79.9856409,7.1560959],[79.9857226,7.1561486],[79.9858125,7.1561811],[79.9858902,7.1561405],[79.9859576,7.1560148],[79.9860128,7.155881],[79.9860496,7.1558364],[79.9861354,7.1558424],[79.986211,7.1559073],[79.9863081,7.155883],[79.9864604,7.1558059],[79.9865319,7.1557674],[79.986536,7.1557198],[79.9865666,7.1556407],[79.986585,7.155592],[79.9866402,7.1555545],[79.9867005,7.1555282],[79.9867281,7.1555342],[79.9867332,7.1555697],[79.9867219,7.1555728],[79.9866545,7.1555971],[79.9866269,7.1556468],[79.9866351,7.1557086],[79.9866351,7.1558252],[79.9866872,7.1558911],[79.9867362,7.1559307],[79.9868251,7.1559337],[79.9869386,7.1559185],[79.9869988,7.1559002],[79.9871255,7.155886],[79.9871981,7.1558708],[79.9872686,7.1558475],[79.9873422,7.1558262],[79.9874331,7.155808],[79.987522,7.1558191],[79.9875792,7.1558333],[79.9876262,7.1558678],[79.9876375,7.1559165],[79.9876038,7.1559905],[79.9875486,7.1560665],[79.9874781,7.156104],[79.9874474,7.1561466],[79.9874515,7.1562247],[79.9874883,7.1562642],[79.9875476,7.1562997],[79.9875803,7.1562967],[79.9876354,7.1562885],[79.9876875,7.1562936],[79.9877049,7.1563514],[79.9877243,7.156399],[79.9877795,7.1564376],[79.9878347,7.1565187],[79.9879338,7.1565917],[79.9880043,7.1566444],[79.9881034,7.1566332],[79.988226,7.1565942],[79.9883333,7.1565547],[79.9885264,7.1565476],[79.9886348,7.156581],[79.9887421,7.1566388],[79.988835,7.1566774],[79.9888882,7.1567017],[79.9889362,7.1567017],[79.9890823,7.1566611],[79.9892499,7.156722],[79.989397,7.1568193],[79.9896198,7.1567848],[79.9898241,7.1568598],[79.9899835,7.1569146],[79.9902124,7.1569896],[79.9904434,7.1570342],[79.9905905,7.1570403],[79.9907703,7.1571174],[79.9909011,7.1571376],[79.9910319,7.1570687],[79.9911872,7.1570525],[79.9912956,7.1570951],[79.9914651,7.1570291],[79.991549,7.1569572],[79.9917022,7.1568213],[79.9918187,7.1566469],[79.9918535,7.1564077],[79.9918555,7.1562738],[79.9917063,7.1561684],[79.9916164,7.1561116],[79.9915183,7.1560224],[79.9914386,7.1559352],[79.9913916,7.1558196],[79.9914345,7.1557446],[79.9915204,7.1556899],[79.9916287,7.1556169],[79.9918126,7.1555682],[79.9919679,7.1555175],[79.9920803,7.1554283],[79.9921661,7.1554242],[79.9922622,7.155481],[79.9923562,7.1554993],[79.9925462,7.1554729],[79.9926954,7.155479],[79.9928303,7.155483],[79.992909,7.1554476],[79.9931379,7.1553746],[79.9933382,7.1553786],[79.9934771,7.1553948],[79.9935925,7.1554019],[79.9936692,7.1554516],[79.993798,7.1555185],[79.9938674,7.1555388],[79.9939594,7.1555064],[79.994033,7.1553989],[79.9941066,7.1553299],[79.9941781,7.1553401],[79.9942639,7.1553664],[79.9943538,7.1553563],[79.9943988,7.1552549],[79.9943988,7.1551799],[79.9944315,7.1551292],[79.9944867,7.1551069],[79.9945459,7.155115],[79.9946052,7.1551454],[79.9946502,7.1551434],[79.9947196,7.1550765],[79.9947891,7.155044],[79.9948463,7.1550684],[79.9948954,7.1550968],[79.9949383,7.1550947],[79.9950344,7.1550238],[79.9951049,7.1549984],[79.9951621,7.1550065],[79.9952244,7.1550319],[79.9952643,7.155042],[79.995298,7.1550217],[79.9953859,7.1549082],[79.9954615,7.1548656],[79.9955432,7.154892],[79.9956229,7.1549345],[79.9957271,7.1549487],[79.995815,7.1550217],[79.9958743,7.1551353],[79.9959335,7.1551738],[79.9959989,7.1552002],[79.9961359,7.1551981],[79.9962564,7.1551819],[79.9964445,7.1551272],[79.9966325,7.1550663],[79.996796,7.1549812],[79.9969165,7.1549183],[79.9969605,7.1548733],[79.9970105,7.1547764],[79.9970739,7.1546993],[79.9971863,7.1546],[79.9972803,7.1545391],[79.9973906,7.1544945],[79.9974867,7.1544925],[79.9975766,7.1545777],[79.9976624,7.1546182],[79.997737,7.1546821],[79.9978351,7.1547632],[79.9979434,7.1548139],[79.9980845,7.1548808],[79.9982868,7.1549538],[79.9983992,7.1549538],[79.9985729,7.154897],[79.9987609,7.1548991],[79.9988386,7.1548991],[79.9988263,7.1550025],[79.9987834,7.1551099],[79.9987302,7.1551809],[79.9987016,7.1553107],[79.9987548,7.155404],[79.9988712,7.1554668],[79.9990082,7.1554709],[79.999092,7.155481],[79.9992064,7.1554607],[79.9992738,7.1553999],[79.9993505,7.1553147],[79.9994138,7.1553076],[79.9994537,7.1553147],[79.999467,7.1553735],[79.9994762,7.1554749],[79.9994956,7.1555378],[79.9995875,7.1555712],[79.9996366,7.1555489],[79.9997418,7.1554851],[79.9997766,7.1554516],[79.9998553,7.1554445],[79.9999063,7.1554668],[79.9999636,7.1555064],[80.0000065,7.1555347],[80.0000371,7.1556676],[80.0000565,7.1557507],[80.0001005,7.1558014],[80.0001577,7.1558724],[80.0002037,7.1559159],[80.0002405,7.1559454],[80.0003702,7.1560336],[80.0004377,7.1560802],[80.0005174,7.1560883],[80.0006104,7.1560893],[80.0007739,7.1559514],[80.0006553,7.1559433],[80.0005572,7.1560001],[80.0004428,7.1559798],[80.0003161,7.1558622],[80.0001444,7.1556513],[80.0000504,7.1555013],[79.9999605,7.1553958],[79.9997888,7.155408],[79.9996213,7.1554972],[79.9995109,7.1554567],[79.9995027,7.1553431],[79.9994292,7.1552215],[79.999327,7.1552417],[79.9992534,7.1553066],[79.9991757,7.1553472],[79.9990654,7.1553837],[79.9989836,7.1553999],[79.9988529,7.1553472],[79.9987915,7.1552539],[79.9988896,7.155116],[79.9989877,7.1549416],[79.9988815,7.1548159],[79.9988038,7.1547835],[79.9986975,7.1547956],[79.9985341,7.1548078],[79.998346,7.15482],[79.998203,7.1547997],[79.9980599,7.154747],[79.9979537,7.1546902],[79.9978024,7.1546213],[79.9976768,7.154529],[79.9976215,7.1544662],[79.997499,7.1543952],[79.997313,7.1544519],[79.9970841,7.1545452],[79.9970085,7.1546324],[79.9969022,7.1547662],[79.9968389,7.1548555],[79.996706,7.1549122],[79.9965957,7.1549609],[79.9964915,7.1550116],[79.9963729,7.1550603],[79.9962564,7.1551069],[79.9961256,7.1551312],[79.9960357,7.1551231],[79.9959724,7.1550968],[79.9959397,7.1550481],[79.9958498,7.1549305],[79.9957435,7.1548595],[79.9955963,7.1547946],[79.9955269,7.154746],[79.9953797,7.1547176],[79.9953102,7.154823],[79.9952408,7.154896],[79.995205,7.1549315],[79.9951345,7.1549274],[79.9951008,7.1549041],[79.9950446,7.1549011],[79.9949996,7.1549072],[79.9948933,7.1549629],[79.9948504,7.154968],[79.9948167,7.1549467],[79.9947227,7.1549619],[79.994644,7.154968],[79.9945878,7.1550319],[79.9945132,7.1550227],[79.994456,7.1550045],[79.9944141,7.15504],[79.9943967,7.1550876],[79.9943385,7.1550988],[79.9942935,7.1551333],[79.9942619,7.1551971],[79.9941985,7.1552204],[79.9941341,7.1552336],[79.9940749,7.1552346],[79.9940136,7.1552448],[79.9939635,7.1552559],[79.9939308,7.1552945],[79.9939196,7.1553756],[79.993893,7.1554242],[79.9938092,7.1554344],[79.9937397,7.155406],[79.9936437,7.1553512],[79.9935599,7.1552823],[79.9934516,7.1552458],[79.9932942,7.1552377],[79.993098,7.1552357],[79.9929345,7.1552397],[79.9928651,7.1552843],[79.9928528,7.1553411],[79.9927935,7.1553898],[79.992673,7.1553817],[79.9925401,7.1553857],[79.9923541,7.1554121],[79.9922622,7.1553979],[79.9921968,7.155333],[79.9921293,7.1553066],[79.9920415,7.1553289],[79.9919863,7.1553735],[79.9919127,7.1554405],[79.9918494,7.1554709],[79.9917738,7.1554932],[79.9917084,7.1554972],[79.991643,7.1555094],[79.9915551,7.1555358],[79.9914509,7.1555864],[79.9913855,7.1556331],[79.9913242,7.1556838],[79.9912751,7.1557446],[79.9912649,7.1558095],[79.9913385,7.1558865],[79.9913671,7.1559636],[79.9913875,7.1560183],[79.99141,7.1560995],[79.9914284,7.156142],[79.991549,7.1562049],[79.9916471,7.1562313],[79.9917288,7.1562678],[79.9917635,7.1563144],[79.9917513,7.1564016],[79.9917247,7.1565658],[79.9917022,7.156653],[79.9916266,7.1567382],[79.991504,7.1568396],[79.9914386,7.1569024],[79.991412,7.1569673],[79.9913262,7.1569937],[79.9912445,7.1569572],[79.991176,7.1569521],[79.9910983,7.1569622],[79.9910094,7.1569754],[79.9909154,7.1570038],[79.9908654,7.1570352],[79.9908184,7.1570373],[79.9907673,7.1570231],[79.9906886,7.1569957],[79.9906058,7.1569531],[79.9905067,7.1569318],[79.9904485,7.1569176],[79.990381,7.1569115],[79.9902962,7.1569197],[79.9902012,7.1569045],[79.9900939,7.1568659],[79.9900203,7.1568426],[79.989912,7.1568122],[79.9898548,7.1567808],[79.9897731,7.1567311],[79.9897015,7.1567128],[79.9896157,7.156724],[79.989538,7.1567321],[79.9894011,7.1567128],[79.9893347,7.1566682],[79.9892448,7.1565739],[79.9892264,7.1565324],[79.9892274,7.1564259],[79.9891692,7.1563945],[79.9890864,7.1564087],[79.9890261,7.1564756],[79.9889791,7.1565364],[79.988926,7.1565314]]]}},
{"type":"Feature","properties":{"osm_id":"435266858","code":8103,"fclass":"canal","width":0,"name":null},"geometry":{"type":"MultiLineString","coordinates":[[[79.9790232,7.155362],[79.9790008,7.1551591],[79.979163,7.155163],[79.9793292,7.1552847],[79.97944,7.1553318],[79.9795389,7.1554535],[79.9796418,7.1555713],[79.9797407,7.1556891],[79.9798911,7.1556734],[79.9799781,7.1555949],[79.9801522,7.1555713],[79.9803263,7.1555752],[79.9804886,7.1555242],[79.9806466,7.1554789],[79.9806666,7.1554732],[79.9808012,7.1553907],[79.9808961,7.1553593],[79.9810346,7.1553946],[79.9811573,7.1553986],[79.981276,7.155324],[79.9814817,7.1552965],[79.9816954,7.1552729],[79.9817231,7.1551748],[79.981826,7.1550531],[79.9819843,7.1549039],[79.9822177,7.154845],[79.982376,7.1549274],[79.982467,7.1549785],[79.9825778,7.1551355],[79.9825699,7.1552533],[79.9825085,7.1553675],[79.9824749,7.15543],[79.9824116,7.1555595],[79.9824828,7.1557284],[79.9826886,7.1557401],[79.9828429,7.1556852],[79.9830922,7.1556341],[79.9832503,7.1555261],[79.9831269,7.1554676],[79.9829123,7.1555102],[79.9827192,7.155574],[79.9825461,7.1555674],[79.9826767,7.1553789],[79.9827242,7.1550963],[79.9826174,7.1549039],[79.9824349,7.1547756],[79.9821184,7.1547224],[79.9819145,7.1547597],[79.9817482,7.1549087],[79.9815699,7.1550085],[79.9815109,7.1550883],[79.9814062,7.1551202],[79.9812775,7.1551442],[79.9811273,7.1550989],[79.9809369,7.1550404],[79.9808483,7.1550324],[79.9807572,7.1550644],[79.9806647,7.1551115],[79.9806191,7.1551979],[79.9805341,7.155324],[79.98043,7.1554122],[79.9803844,7.1554481],[79.9802611,7.155481],[79.9801107,7.1554575],[79.9799722,7.1554692],[79.979899,7.155481],[79.9798708,7.1554774],[79.9798144,7.155528],[79.9797595,7.155528],[79.9797621,7.1554747],[79.9797447,7.1554441],[79.9796307,7.1554468],[79.9796736,7.1553217],[79.9795865,7.1553111],[79.9795315,7.1552485],[79.9794135,7.1552246],[79.979223,7.1550835],[79.9792928,7.1549305],[79.9792203,7.1548946],[79.9792217,7.1548453],[79.9792042,7.1548254],[79.9791801,7.1548254],[79.979164,7.1548373],[79.9790567,7.1548493],[79.9790218,7.1549358],[79.9789722,7.1550223],[79.9788877,7.1551301],[79.9788676,7.1552206],[79.9788676,7.1553164],[79.9788797,7.1554295],[79.9788596,7.1554934],[79.9788247,7.1555186],[79.9787845,7.1555226],[79.9787228,7.1554867],[79.9786222,7.1554854],[79.9785297,7.1555333],[79.9784693,7.1555413],[79.9783888,7.155512],[79.97835,7.1554947],[79.9782789,7.1554694],[79.9781421,7.155488],[79.9781086,7.1554667],[79.9780804,7.1554321],[79.9778122,7.1553709],[79.9776647,7.1553936],[79.9773079,7.1555266],[79.9770504,7.1556264],[79.9768963,7.1557162],[79.976851,7.1558499],[79.9767068,7.1559214],[79.9765807,7.1557707],[79.976519,7.1557057],[79.9765074,7.1556689],[79.9764836,7.155641],[79.9764694,7.1556004],[79.9764238,7.1556117],[79.9763249,7.1555779],[79.9763121,7.1555268],[79.9761787,7.1555027],[79.9761304,7.1555439],[79.9761143,7.1555732],[79.976107,7.1556996],[79.9760892,7.1557801],[79.9760813,7.155841],[79.9760358,7.1558802],[79.9759784,7.1558252],[79.975923,7.1557192],[79.9758421,7.1555679],[79.975716,7.1555173],[79.9756584,7.1554973],[79.9756154,7.1554947],[79.9755403,7.1555639],[79.9755055,7.1556384],[79.9754572,7.1557528],[79.9754398,7.1558646],[79.9754478,7.1559165],[79.975462,7.155996],[79.9753691,7.1560863],[79.975284,7.1560883],[79.9751574,7.1560392],[79.9751218,7.1560039],[79.9749991,7.1559234],[79.974957,7.1558619],[79.9748899,7.1558074],[79.9747746,7.1557583],[79.9746497,7.1557679],[79.9745342,7.1558606],[79.9744748,7.155892],[79.9744352,7.1558822],[79.974368,7.1559234],[79.9743423,7.1560078],[79.9743146,7.1559823],[79.9742631,7.1559391],[79.9742275,7.1558782],[79.9742512,7.1557958],[79.9743104,7.1556604],[79.974266,7.1554957],[79.9741788,7.1554711],[79.9741226,7.1555053],[79.9740613,7.1555445],[79.9739921,7.1556564],[79.9738852,7.155784],[79.9737289,7.1558724],[79.9736063,7.1558959],[79.9735232,7.1558429],[79.9734797,7.1557153],[79.9734569,7.1555985],[79.9734599,7.1555563],[79.9734589,7.1555318],[79.9734401,7.1554425],[79.9733441,7.1553738],[79.9733056,7.1553649],[79.9732096,7.1553865],[79.9731305,7.1554101],[79.9730523,7.1554228],[79.9729841,7.1554091],[79.9729633,7.155361],[79.9729524,7.1552923],[79.9729564,7.1552216],[79.9729099,7.1551137],[79.9728832,7.1550626],[79.9727856,7.1549686],[79.9727125,7.1549367],[79.9726494,7.1549047],[79.9725864,7.1548312],[79.972524,7.1547707],[79.9724727,7.1547411],[79.9724322,7.1547201],[79.9723936,7.1547171],[79.9723531,7.1547194],[79.9723393,7.1547447],[79.9723034,7.154778],[79.9722729,7.1548103],[79.9722441,7.1548326],[79.9722246,7.1548442],[79.9722089,7.1548425],[79.9721995,7.1548355],[79.9721844,7.1548153],[79.9721784,7.1547903],[79.9721717,7.1547464],[79.9721432,7.1546745],[79.9720962,7.154612],[79.9720372,7.1545495],[79.9719762,7.1545142],[79.9718998,7.1544976],[79.9716645,7.1544982],[79.9714351,7.1545268],[79.9713399,7.1545428],[79.9711816,7.1545774],[79.9711213,7.1545947],[79.9710113,7.1546346],[79.9708691,7.1546878],[79.9708074,7.1547371],[79.9707055,7.1548462],[79.9706183,7.1549846],[79.970558,7.155087],[79.9705137,7.1551975],[79.970426,7.15536],[79.9703429,7.1554503],[79.9702439,7.155572],[79.9701035,7.1556937],[79.9699274,7.1558037],[79.9698087,7.1558311],[79.9697394,7.1557742],[79.9696425,7.1556309],[79.9695475,7.1555642],[79.969417,7.1555465],[79.969349,7.1556237],[79.9695063,7.1556911],[79.9695795,7.1557892],[79.9696329,7.1558834],[79.9697259,7.1559659],[79.9698664,7.1559796],[79.9700029,7.1559541],[79.9701038,7.1558599],[79.9702977,7.1556695],[79.9703966,7.1555635],[79.9705365,7.155457],[79.9706264,7.1553372],[79.9707149,7.1551522],[79.9707954,7.1550005],[79.9708731,7.1549061],[79.9710488,7.1548489],[79.9713533,7.1546745],[79.9715471,7.1545947],[79.9716805,7.1545781],[79.9717261,7.1545794],[79.9718146,7.1545894],[79.9718756,7.1545994],[79.971936,7.1546233],[79.9719641,7.1546346],[79.9720184,7.1546779],[79.9720513,7.1547204],[79.9720895,7.1547763],[79.9721197,7.1548595],[79.9721546,7.1549107],[79.9721941,7.1549314],[79.9722223,7.1549314],[79.9722853,7.1549127],[79.9723559,7.1548732],[79.9724054,7.1548457],[79.9724548,7.1549085],[79.9725913,7.154989],[79.9726131,7.1550499],[79.97271,7.1550832],[79.972803,7.1551735],[79.9728842,7.1552442],[79.9728901,7.1553482],[79.9728406,7.1553698],[79.9729039,7.155468],[79.9730543,7.1555092],[79.9731987,7.1554876],[79.9732976,7.1554542],[79.973353,7.1554798],[79.9733708,7.1555465],[79.973355,7.1556054],[79.9734322,7.1557958],[79.9734757,7.1559214],[79.9735707,7.1559764],[79.9736735,7.1559725],[79.9738219,7.1559391],[79.973905,7.1558213],[79.9739782,7.1557467],[79.9740851,7.1556545],[79.9741523,7.1556348],[79.9741642,7.1557055],[79.9741682,7.1558174],[79.9741978,7.1559725],[79.9742018,7.1560824],[79.9743007,7.156157],[79.9743759,7.1561609],[79.9744728,7.1561393],[79.974552,7.156102],[79.9745262,7.1560196],[79.9745282,7.1559568],[79.9745955,7.1559077],[79.9746865,7.1558645],[79.9747696,7.1558606],[79.974821,7.1559038],[79.9749219,7.1559666],[79.9750189,7.156051],[79.9751119,7.1561197],[79.9751772,7.1561494],[79.9752543,7.1561845],[79.975375,7.1561766],[79.9755016,7.1561217],[79.9755709,7.1560412],[79.9755293,7.1559214],[79.9755313,7.1558351],[79.9755847,7.1557448],[79.9756005,7.1556545],[79.9756322,7.1556132],[79.9757192,7.1556132],[79.9757825,7.1556918],[79.9758557,7.1557978],[79.9759824,7.1559273],[79.9760754,7.1559313],[79.9761842,7.1559136],[79.9761921,7.1558017],[79.9761782,7.1556721],[79.9762376,7.1556191],[79.9763207,7.1556466],[79.9764176,7.1557173],[79.9765343,7.1557958],[79.9766115,7.155894],[79.9766966,7.1559587],[79.9767559,7.1559568],[79.9768272,7.1559391],[79.976932,7.1558782],[79.9770171,7.1557997],[79.9771951,7.1557192],[79.9773119,7.1556761],[79.9775176,7.1556093],[79.9777214,7.1555759],[79.9778599,7.1555171],[79.9780182,7.1555445],[79.9781982,7.1555681],[79.978404,7.155574],[79.9785484,7.1556172],[79.9787047,7.1555995],[79.9788353,7.1556407],[79.9789282,7.1555799],[79.9789955,7.1554739],[79.9790232,7.155362]]]}},
{"type":"Feature","properties":{"osm_id":"431115125","code":8103,"fclass":"canal","width":0,"name":null},"geometry":{"type":"MultiLineString","coordinates":[[[79.9680275,7.0455903],[79.9679443,7.0455384],[79.9679081,7.0454958],[79.9678826,7.0454546],[79.9678504,7.0453867],[79.9678142,7.0453601],[79.9677605,7.0453483]]]}},
{"type":"Feature","properties":{"osm_id":"323367025","code":8103,"fclass":"canal","width":0,"name":null},"geometry":{"type":"MultiLineString","coordinates":[[[79.9152796,6.8817924],[79.9146659,6.8806148],[79.914041,6.87931],[79.913148,6.8786621],[79.9126704,6.8782768],[79.9115762,6.8776342],[79.9105838,6.8769951],[79.9103156,6.8768993],[79.9101117,6.8767102],[79.9097845,6.8765344],[79.9089476,6.8764599],[79.9085024,6.876348],[79.9080732,6.8761856],[79.907282,6.876159]]]}},
{"type":"Feature","properties":{"osm_id":"430934905","code":8103,"fclass":"canal","width":0,"name":"Agricultural Canal"},"geometry":{"type":"MultiLineString","coordinates":[[[79.9408501,7.1651299],[79.9409064,7.1653019],[79.9409694,7.1655543],[79.9410392,7.1661238],[79.9411428,7.1665303],[79.9411608,7.1667],[79.9409537,7.1667268],[79.9409176,7.1669971]]]}},
{"type":"Feature","properties":{"osm_id":"323367024","code":8103,"fclass":"canal","width":10,"name":"Dematagoda Canal"},"geometry":{"type":"MultiLineString","coordinates":[[[79.8842332,6.9256313],[79.8846028,6.9255377],[79.885075,6.9255155],[79.8855864,6.9255149],[79.8859911,6.9252688],[79.8862518,6.9245361]]]}},
{"type":"Feature","properties":{"osm_id":"433830628","code":8103,"fclass":"canal","width":0,"name":null},"geometry":{"type":"MultiLineString","coordinates":[[[79.9231124,7.211622],[79.9233913,7.2115741],[79.9238151,7.2115368],[79.9242845,7.2115554],[79.9249926,7.2116406],[79.9251428,7.2116752],[79.9252233,7.2117204],[79.9257866,7.2117843],[79.9258643,7.2118162],[79.9262479,7.2118535],[79.9270445,7.2118881],[79.9275059,7.2119386],[79.9277848,7.2119413],[79.9280986,7.2118269],[79.9285331,7.2115794],[79.9288791,7.2114224]]]}},
{"type":"Feature","properties":{"osm_id":"323367027","code":8103,"fclass":"canal","width":0,"name":null},"geometry":{"type":"MultiLineString","coordinates":[[[79.9033805,6.9064558],[79.9033303,6.9062102]]]}},
{"type":"Feature","properties":{"osm_id":"306014872","code":8103,"fclass":"canal","width":0,"name":null},"geometry":{"type":"MultiLineString","coordinates":[[[79.9355052,6.9064214],[79.9353679,6.9064597],[79.9351806,6.906512],[79.9346469,6.9066211],[79.9340621,6.9066291],[79.9334059,6.9063939],[79.9331457,6.9063333],[79.9325548,6.9059377],[79.9323224,6.9057366],[79.9321213,6.9056575],[79.9314727,6.9050908],[79.9304003,6.9046829],[79.9298222,6.9043658],[79.9296561,6.9041901],[79.929559,6.904047],[79.9295258,6.9039981],[79.9293746,6.9037753],[79.929203,6.903711],[79.9289076,6.9037207],[79.9288224,6.9036586],[79.928505,6.9026476],[79.9281795,6.9019123],[79.9277771,6.9012666],[79.9275543,6.9007545],[79.9274215,6.9000635],[79.9273115,6.8997171],[79.9272167,6.8995514],[79.9258008,6.8978853],[79.9251472,6.8964256],[79.925081,6.8961625]]]}},
{"type":"Feature","properties":{"osm_id":"360000363","code":8103,"fclass":"canal","width":10,"name":null},"geometry":{"type":"MultiLineString","coordinates":[[[79.8998152,6.9187801],[79.8997877,6.9186865]]]}},
{"type":"Feature","properties":{"osm_id":"439836092","code":8103,"fclass":"canal","width":0,"name":null},"geometry":{"type":"MultiLineString","coordinates":[[[79.8806776,7.0501238],[79.8817311,7.0504612]]]}},
{"type":"Feature","properties":{"osm_id":"343348108","code":8103,"fclass":"canal","width":0,"name":null},"geometry":{"type":"MultiLineString","coordinates":[[[79.9631527,6.9060894],[79.9626008,6.907027],[79.9618317,6.9082606]]]}},
{"type":"Feature","properties":{"osm_id":"351298482","code":8103,"fclass":"canal","width":0,"name":"Diyawanna Canal"},"geometry":{"type":"MultiLineString","coordinates":[[[79.9247416,6.8948383],[79.9245622,6.8946433],[79.9238178,6.8937792],[79.9221119,6.8925356],[79.9220583,6.8923772],[79.9217927,6.8921858]]]}},
{"type":"Feature","properties":{"osm_id":"343348112","code":8103,"fclass":"canal","width":10,"name":null},"geometry":{"type":"MultiLineString","coordinates":[[[79.9618317,6.9082606],[79.9615602,6.9086246],[79.9611122,6.9092063],[79.9603794,6.9102398],[79.9601556,6.9105958],[79.9599558,6.9109929],[79.9598226,6.911496],[79.9596744,6.9123059],[79.9596175,6.912866],[79.9595947,6.9136113],[79.9595425,6.9143234],[79.9593627,6.9159201],[79.9590879,6.9169551],[79.958747,6.9179109],[79.9584011,6.9189705],[79.9581377,6.9195685],[79.9578743,6.9200682],[79.957418,6.9205963],[79.957105,6.9208629],[79.956573,6.9212538],[79.9557991,6.9217151],[79.9553352,6.9220309],[79.9551566,6.9223828],[79.9548161,6.9231665],[79.9537296,6.9253502],[79.9536653,6.9256337],[79.953629,6.9259985],[79.953625,6.9265776],[79.9535751,6.9273469],[79.9535218,6.9276547],[79.9532857,6.928303],[79.9528378,6.9289154],[79.9527511,6.9291189],[79.9527442,6.9297079],[79.952703,6.9298378],[79.9526405,6.9299395],[79.9525595,6.9299992],[79.9511291,6.9307868],[79.9502985,6.9310081],[79.9501213,6.9311022],[79.949636,6.93149],[79.9495071,6.9315553],[79.949263,6.93159],[79.9491572,6.9316737],[79.9491011,6.9317967],[79.9491049,6.9318928],[79.9490581,6.9321778],[79.9485531,6.9341174],[79.9484867,6.9342634],[79.9478965,6.9348402],[79.9478398,6.9349562],[79.9478381,6.9350705],[79.9479366,6.9357001],[79.9478932,6.9358409],[79.9478057,6.9359718],[79.9473878,6.936176],[79.947307,6.9363106],[79.9471901,6.9367023],[79.9471305,6.9367647],[79.9469798,6.9368189],[79.9467668,6.9368915],[79.9466273,6.9370073],[79.9465811,6.9371834],[79.9465422,6.937426],[79.9465777,6.9375805],[79.9465298,6.9376806],[79.9460498,6.9379199],[79.9459035,6.9380732],[79.9458765,6.9380928],[79.9457014,6.938463]]]}},
{"type":"Feature","properties":{"osm_id":"360008563","code":8103,"fclass":"canal","width":0,"name":"Dematagoda Canal"},"geometry":{"type":"MultiLineString","coordinates":[[[79.8842332,6.9256313],[79.8840454,6.9258396],[79.8839155,6.9261814],[79.883953,6.9267776],[79.883796,6.9270689],[79.8836073,6.9275925]]]}},
{"type":"Feature","properties":{"osm_id":"360008558","code":8103,"fclass":"canal","width":0,"name":"Dematagoda Canal"},"geometry":{"type":"MultiLineString","coordinates":[[[79.8836073,6.9275925],[79.8836485,6.9278952],[79.8837674,6.9282431],[79.8841557,6.9283879],[79.8845077,6.9286567],[79.8844898,6.9291333],[79.884378,6.9295141],[79.8834624,6.9308035],[79.8831425,6.9316232],[79.8827341,6.9321677],[79.8822724,6.9326229],[79.8820535,6.9330262],[79.8819748,6.9333589],[79.8815863,6.9343662],[79.8815563,6.9349564],[79.881605,6.9354229],[79.8817242,6.9358439],[79.8826472,6.9371105],[79.8828222,6.9375969],[79.8830304,6.9379189],[79.8831995,6.9380827],[79.8837511,6.9384912],[79.8838025,6.9386561],[79.8836756,6.9389623],[79.8826936,6.9396745],[79.8820635,6.9405532],[79.8820615,6.9408918],[79.8819737,6.9412388],[79.8816744,6.9417513],[79.8813203,6.9422305],[79.8808596,6.9425212],[79.8800328,6.9426778],[79.8796952,6.9427002],[79.8793598,6.9427912],[79.8791316,6.9430293],[79.8788597,6.9434925],[79.8787054,6.9434766],[79.878478,6.9433123],[79.8780495,6.943209],[79.8776256,6.942992],[79.8772569,6.9429109],[79.8759773,6.9427843],[79.8754934,6.9426163],[79.8751068,6.9425571],[79.8747103,6.942719],[79.8745302,6.9429307],[79.8744099,6.9431737],[79.8741397,6.9434416]]]}},
{"type":"Feature","properties":{"osm_id":"360008579","code":8103,"fclass":"canal","width":10,"name":null},"geometry":{"type":"MultiLineString","coordinates":[[[79.8862518,6.9245361],[79.8864758,6.9242938],[79.8866362,6.9242067],[79.8871365,6.9241709],[79.8877583,6.9239851],[79.8885004,6.9237295],[79.8892016,6.9235321],[79.8895022,6.9235228]]]}},
{"type":"Feature","properties":{"osm_id":"360008577","code":8103,"fclass":"canal","width":10,"name":null},"geometry":{"type":"MultiLineString","coordinates":[[[79.8895022,6.9235228],[79.8899454,6.9235228],[79.8909783,6.9236873],[79.8910168,6.9235697]]]}},
{"type":"Feature","properties":{"osm_id":"360008572","code":8103,"fclass":"canal","width":0,"name":null},"geometry":{"type":"MultiLineString","coordinates":[[[79.8864422,6.92104],[79.8868104,6.9204489],[79.8868533,6.9201081],[79.8867675,6.91883],[79.8865743,6.9180951],[79.8863705,6.9176371],[79.886416,6.9172981],[79.8864349,6.9171578],[79.886745,6.9164674],[79.8871372,6.9162857],[79.8878171,6.9161707],[79.8894422,6.9160854],[79.8896364,6.9159297],[79.8898269,6.9155047],[79.8900275,6.9148938],[79.8900478,6.9145539],[79.8900259,6.9143295],[79.8896078,6.9140627],[79.8893896,6.9138395],[79.8890642,6.9133529],[79.8889213,6.9131829],[79.8889137,6.9125365],[79.8889748,6.9121124],[79.8891016,6.9117619],[79.8891786,6.9106412],[79.8892203,6.9103668],[79.8892004,6.9100878],[79.8884465,6.9091383],[79.8882348,6.9089189],[79.8875231,6.9076553],[79.8872177,6.9062264],[79.8873558,6.9050404]]]}},
{"type":"Feature","properties":{"osm_id":"360008570","code":8103,"fclass":"canal","width":10,"name":null},"geometry":{"type":"MultiLineString","coordinates":[[[79.8910168,6.9235697],[79.8912351,6.9236143]]]}},
{"type":"Feature","properties":{"osm_id":"573227886","code":8103,"fclass":"canal","width":0,"name":null},"geometry":{"type":"MultiLineString","coordinates":[[[80.1075821,7.1535793],[80.1074879,7.1535356],[80.106967,7.1533551],[80.1063539,7.1530905],[80.1064129,7.1527705]]]}},
{"type":"Feature","properties":{"osm_id":"48960854","code":8103,"fclass":"canal","width":0,"name":"Hamilton Canal"},"geometry":{"type":"MultiLineString","coordinates":[[[79.8744911,6.9808369],[79.8744428,6.9819518],[79.874432,6.9850215],[79.8743294,6.9901378],[79.8743032,6.9908679],[79.8742067,6.9935781],[79.8741428,6.9938807],[79.8740483,6.9941585],[79.8730436,6.9962625],[79.8717655,6.9989514],[79.8715563,6.9993933],[79.8691075,7.0044103],[79.8688459,7.004964],[79.8687816,7.005141],[79.8687065,7.0055057],[79.8682263,7.0089319],[79.8680735,7.0100634],[79.8678522,7.0116913],[79.8673687,7.0146572],[79.8672884,7.0151501],[79.8669684,7.0174016],[79.8669425,7.0175929],[79.8669067,7.0178581],[79.8662721,7.0223142],[79.8655052,7.0276994],[79.865106,7.0304443],[79.8638651,7.0389762],[79.8634212,7.0412216],[79.8628069,7.043652],[79.8626836,7.0440725],[79.8626035,7.0443852],[79.8601167,7.0540921],[79.85851,7.0602716],[79.8579668,7.0624912],[79.8564675,7.0677222],[79.8559043,7.0695761],[79.8550259,7.0722719],[79.8544747,7.0740027],[79.8539047,7.0756929],[79.8533052,7.0774031],[79.8517281,7.0821517],[79.8498988,7.0875736],[79.8484424,7.0920772],[79.8479837,7.0934028],[79.8479354,7.0935625],[79.8479113,7.0937222],[79.8479086,7.0941587],[79.8480709,7.0965036],[79.848268,7.0994075],[79.8486409,7.105484],[79.8487683,7.108087],[79.8487777,7.1083319],[79.8488393,7.1085874],[79.8492873,7.1094498]]]}},
{"type":"Feature","properties":{"osm_id":"573227885","code":8103,"fclass":"canal","width":0,"name":null},"geometry":{"type":"MultiLineString","coordinates":[[[80.1076978,7.1536329],[80.1075821,7.1535793]]]}},
{"type":"Feature","properties":{"osm_id":"48902900","code":8103,"fclass":"canal","width":0,"name":null},"geometry":{"type":"MultiLineString","coordinates":[[[79.9496272,6.8904225],[79.9497349,6.8904432],[79.9499101,6.8905468],[79.9500457,6.8905095],[79.9504442,6.8905302],[79.9505589,6.8905861],[79.9509929,6.890669],[79.9514351,6.8906379],[79.9516479,6.8905654],[79.9518065,6.8905468],[79.9522279,6.8905944],[79.9525283,6.8905364],[79.9526431,6.8904929],[79.9529414,6.8902941],[79.9535276,6.8900642],[79.9537821,6.8900373],[79.9540171,6.8899162],[79.9542265,6.8897887],[79.9544706,6.8896852],[79.9555492,6.8891425],[79.9567905,6.8886413],[79.9571034,6.8886268],[79.9573621,6.888662],[79.9582112,6.8889582],[79.9589852,6.8890847],[79.9595753,6.8892525],[79.9603317,6.8897804],[79.9604497,6.8899988],[79.960498,6.8901505],[79.9606777,6.8903955],[79.9616084,6.8913355],[79.9625258,6.8923609],[79.9627993,6.8925963],[79.963207,6.8930171],[79.9641632,6.8942831],[79.9647077,6.8949521],[79.9651124,6.8951675],[79.9657028,6.8955465],[79.9659239,6.8956314],[79.9663308,6.8959317],[79.9664997,6.8962486],[79.9665602,6.8970336],[79.9666103,6.897862],[79.966604,6.8989452],[79.9665644,6.8991689],[79.966531,6.8992662],[79.966458,6.8993201],[79.9664017,6.8995003],[79.9631527,6.9060894]]]}},
{"type":"Feature","properties":{"osm_id":"573227884","code":8103,"fclass":"canal","width":0,"name":null},"geometry":{"type":"MultiLineString","coordinates":[[[80.1092374,7.1541044],[80.1088436,7.1540203],[80.1083103,7.1539239],[80.1080536,7.1537978],[80.1076978,7.1536329]]]}},
{"type":"Feature","properties":{"osm_id":"48892625","code":8103,"fclass":"canal","width":0,"name":"Nedimala Canal"},"geometry":{"type":"MultiLineString","coordinates":[[[79.8890908,6.8428842],[79.8888123,6.8433467],[79.8861891,6.8442775],[79.8849995,6.8446503],[79.8838368,6.8449472],[79.8835246,6.8450151],[79.8814593,6.8454639],[79.8811911,6.8455491],[79.8803443,6.845669],[79.8774583,6.8464147],[79.8773725,6.8465638],[79.8773536,6.8466669],[79.8772866,6.8470325],[79.8771788,6.8497511],[79.8771986,6.8501187],[79.8775227,6.853083],[79.8781127,6.8568326],[79.8780591,6.8577273],[79.8776407,6.8586328],[79.8769755,6.8603158],[79.8765469,6.8608511],[79.876085,6.8612425],[79.8752841,6.8615808],[79.8723926,6.8618099],[79.8699465,6.8621507],[79.8695817,6.8622839],[79.8682459,6.8639188],[79.8677482,6.8643496],[79.8674751,6.8644724],[79.8649594,6.8646149]]]}},
{"type":"Feature","properties":{"osm_id":"50633766","code":8103,"fclass":"canal","width":0,"name":null},"geometry":{"type":"MultiLineString","coordinates":[[[79.8817218,6.9184853],[79.8820599,6.9184343],[79.8825403,6.9184362],[79.8829467,6.9184095],[79.8831552,6.9183597],[79.883436,6.9180927],[79.8836396,6.917975],[79.8839837,6.9178278],[79.8841912,6.9176117],[79.8843474,6.9175451],[79.8844839,6.9175255],[79.8848437,6.9175235],[79.885336,6.917447],[79.8859091,6.9173176],[79.886416,6.9172981]]]}},
{"type":"Feature","properties":{"osm_id":"50539761","code":8103,"fclass":"canal","width":0,"name":null},"geometry":{"type":"MultiLineString","coordinates":[[[79.8740496,6.8756518],[79.8740455,6.8760894],[79.8739424,6.8764802],[79.8736095,6.8772774],[79.873272,6.8779491],[79.8730263,6.8785387],[79.8727019,6.8790926],[79.8711589,6.8804993],[79.871025,6.8808175],[79.8709778,6.8810949],[79.8711551,6.8820017],[79.8712111,6.8826381],[79.8712618,6.8850418],[79.8713148,6.8853575]]]}},
{"type":"Feature","properties":{"osm_id":"49331742","code":8103,"fclass":"canal","width":0,"name":null},"geometry":{"type":"MultiLineString","coordinates":[[[79.8993948,6.9108455],[79.9000063,6.9107496],[79.9005428,6.9108455],[79.9007574,6.9109839],[79.9009934,6.9113993],[79.9013072,6.9116869],[79.901983,6.9119973]]]}},
{"type":"Feature","properties":{"osm_id":"422573427","code":8103,"fclass":"canal","width":0,"name":null},"geometry":{"type":"MultiLineString","coordinates":[[[79.9172607,7.1451703],[79.9171034,7.1451209],[79.9170015,7.1450411],[79.9169452,7.1449586],[79.9169344,7.1448415],[79.9169452,7.1446844],[79.9170069,7.1445354],[79.9170444,7.1444715],[79.9169774,7.1443784],[79.9169398,7.1443172],[79.9168754,7.1443119],[79.9168003,7.1442719],[79.9166984,7.1441309],[79.9165992,7.1440404],[79.9164758,7.1439685],[79.9163283,7.1439233],[79.9161244,7.1438115],[79.9160252,7.1437982],[79.9158508,7.143753],[79.9157489,7.1437476],[79.9156523,7.1437343],[79.9154646,7.1437796],[79.9152902,7.1437982],[79.9151079,7.1438541],[79.9149657,7.143918],[79.9149228,7.1439898],[79.914896,7.1440404],[79.9148557,7.1441149],[79.9146733,7.1442932],[79.914507,7.144421],[79.9144293,7.1444582],[79.9143488,7.1444715],[79.9142415,7.1444769],[79.9140806,7.1444156],[79.9140457,7.1443198],[79.9139947,7.1442586],[79.9140108,7.144091],[79.9140806,7.1439286],[79.9141476,7.1437397],[79.9141691,7.1436598]]]}},
{"type":"Feature","properties":{"osm_id":"23811071","code":8103,"fclass":"canal","width":0,"name":null},"geometry":{"type":"MultiLineString","coordinates":[[[79.8833865,6.9012359],[79.8841125,6.9019786],[79.884572,6.902766],[79.8851648,6.9036349],[79.885687,6.9042631],[79.8863625,6.9049033],[79.8865476,6.9049979],[79.8873558,6.9050404]]]}},
{"type":"Feature","properties":{"osm_id":"23811051","code":8103,"fclass":"canal","width":0,"name":null},"geometry":{"type":"MultiLineString","coordinates":[[[79.8862518,6.9245361],[79.8862773,6.9241493],[79.8861582,6.9233136],[79.8860234,6.9228924],[79.8859641,6.9225161],[79.8860124,6.9221691],[79.8861014,6.9218713],[79.8862687,6.9213665],[79.8863544,6.9211623],[79.8864422,6.92104]]]}},
{"type":"Feature","properties":{"osm_id":"23185857","code":8103,"fclass":"canal","width":0,"name":null},"geometry":{"type":"MultiLineString","coordinates":[[[79.8873558,6.9050404],[79.8883414,6.9048437],[79.8886112,6.9047898],[79.889753,6.9048578],[79.8910104,6.9052412],[79.8932961,6.9049465],[79.8937217,6.9048916],[79.8943529,6.9047574],[79.8947192,6.9046152],[79.8958048,6.9039013],[79.896106,6.9035486],[79.8966205,6.9031918],[79.8969536,6.9030962],[79.8973677,6.9030787],[79.8984334,6.9035528],[79.899133,6.9037141],[79.9004042,6.9035532],[79.900781,6.9034063],[79.9012111,6.9028841],[79.9013347,6.9028189],[79.9020714,6.9030068]]]}},
{"type":"Feature","properties":{"osm_id":"48797739","code":8103,"fclass":"canal","width":0,"name":"Kirulapana Canal"},"geometry":{"type":"MultiLineString","coordinates":[[[79.9033303,6.9062102],[79.9028545,6.9051234],[79.9023817,6.903979],[79.9021369,6.9035885],[79.9020258,6.9032386],[79.9020714,6.9030068],[79.9021338,6.9026902],[79.9020195,6.9015366],[79.9017325,6.9000447],[79.9014956,6.8988385],[79.9013751,6.8983657],[79.9011559,6.8975053],[79.9009146,6.8970608],[79.900654,6.8967961],[79.8998161,6.8959451],[79.8986128,6.8949175],[79.8981111,6.89418],[79.8970666,6.8931902],[79.8967936,6.8925126],[79.8965808,6.8922888],[79.8959078,6.8919893],[79.8955807,6.8917719],[79.8954907,6.891495],[79.8950981,6.8903535],[79.8950059,6.8897308],[79.8947431,6.8891257],[79.8945743,6.8887459],[79.8934563,6.8857944],[79.8934281,6.8857137],[79.8933434,6.885475],[79.8932126,6.8851065],[79.8930812,6.8847362],[79.8927995,6.8839423],[79.8911105,6.8836334],[79.8899929,6.8835073],[79.8892309,6.8835483],[79.8871355,6.8838666],[79.885821,6.8839171],[79.8850146,6.8841283],[79.8847384,6.8842827],[79.8845166,6.8845675],[79.8837891,6.8858682],[79.8829985,6.8871479],[79.8825921,6.8877657],[79.8823869,6.8878949],[79.8812206,6.8886293],[79.8803348,6.8888184],[79.879503,6.8888878],[79.878706,6.8887459],[79.8772361,6.8883015],[79.875239,6.8878602],[79.8746993,6.8875639],[79.873369,6.8867602],[79.8725848,6.8859596],[79.8713148,6.8853575],[79.8687051,6.8842512],[79.8678288,6.8837406],[79.8646602,6.8823726],[79.8630886,6.8810298],[79.8624727,6.8805948],[79.8616567,6.8802166],[79.8600725,6.8797816],[79.85785,6.8791133],[79.855903744503195,6.878602212524911]]]}},
{"type":"Feature","properties":{"osm_id":"48797702","code":8103,"fclass":"canal","width":10,"name":null},"geometry":{"type":"MultiLineString","coordinates":[[[79.8741397,6.9434416],[79.873739,6.9431436],[79.8724242,6.9421835],[79.8721041,6.9420296],[79.8718346,6.9419786],[79.8716421,6.9419925],[79.8714633,6.9419307],[79.8712629,6.9417686],[79.8709594,6.9412472],[79.8706071,6.9404738],[79.8704224,6.9396701],[79.8701872,6.939117],[79.8688641,6.9377255],[79.8684704,6.9376231],[79.8681298,6.9374979],[79.867828,6.9372596],[79.8666184,6.9364289],[79.8658848,6.9361134],[79.8652223,6.9357353],[79.8632133,6.9344866],[79.8606033,6.9335842],[79.8599812,6.933323],[79.8594448,6.9330221],[79.8577997,6.9323223],[79.8574776,6.9323352],[79.8574251,6.9323299]]]}},
{"type":"Feature","properties":{"osm_id":"48797701","code":8103,"fclass":"canal","width":0,"name":null},"geometry":{"type":"MultiLineString","coordinates":[[[79.8741397,6.9434416],[79.8746632,6.943977],[79.8750911,6.9443967],[79.8755278,6.9450721],[79.875816,6.9458727],[79.8762027,6.9471935],[79.8766232,6.9489663],[79.876435,6.9492067],[79.8753483,6.9495242],[79.8750978,6.9497547],[79.8749308,6.9500318],[79.8747106,6.950814],[79.8747129,6.9513843],[79.8747958,6.9519268],[79.874875,6.9523168],[79.875277,6.9526462],[79.87575,6.9530337],[79.876013,6.9536388],[79.876536,6.9545805],[79.8768806,6.954752],[79.8771651,6.9551818],[79.8773512,6.955832],[79.8781488,6.9570404],[79.8787231,6.957894],[79.8789654,6.9580253],[79.8792058,6.9583287]]]}},
{"type":"Feature","properties":{"osm_id":"29484289","code":8103,"fclass":"canal","width":0,"name":null},"geometry":{"type":"MultiLineString","coordinates":[[[79.848081,6.933135],[79.8481382,6.932864],[79.8482229,6.9320148],[79.8481264,6.9316153],[79.8477657,6.9313783],[79.8460457,6.9306832],[79.8454932,6.9303079]]]}},
{"type":"Feature","properties":{"osm_id":"422136823","code":8103,"fclass":"canal","width":0,"name":null},"geometry":{"type":"MultiLineString","coordinates":[[[79.89636,7.1585008],[79.896346,7.158131],[79.8963407,7.1578914]]]}},
{"type":"Feature","properties":{"osm_id":"52364437","code":8103,"fclass":"canal","width":0,"name":null},"geometry":{"type":"MultiLineString","coordinates":[[[79.9196845,6.9312805],[79.9196135,6.9314056],[79.9193224,6.9316173],[79.9191132,6.9317225],[79.9189268,6.9317012],[79.9186956,6.9315811],[79.9182638,6.9310899],[79.9177596,6.9306852],[79.9172064,6.9301986],[79.9171058,6.9300257],[79.9171147,6.9295688],[79.9170662,6.9294451],[79.9170683,6.9292254],[79.9171095,6.9289692],[79.9170873,6.9286458],[79.9170051,6.9282092],[79.9168433,6.9278613]]]}},
{"type":"Feature","properties":{"osm_id":"422135829","code":8103,"fclass":"canal","width":0,"name":null},"geometry":{"type":"MultiLineString","coordinates":[[[79.9057338,7.1598715],[79.9055112,7.159781],[79.9054602,7.1597011],[79.9054817,7.1596],[79.905605,7.159592]]]}},
{"type":"Feature","properties":{"osm_id":"52241112","code":8103,"fclass":"canal","width":0,"name":null},"geometry":{"type":"MultiLineString","coordinates":[[[79.9022984,6.9289851],[79.9013048,6.9285187],[79.9004249,6.9281389],[79.9002787,6.9281376],[79.8999716,6.9281735],[79.8996579,6.9282631],[79.898872,6.9286145],[79.8986628,6.9288036],[79.8983892,6.9292775],[79.8980271,6.9296104],[79.8979601,6.9297408],[79.897885,6.9303346],[79.8973941,6.9308884],[79.8973485,6.9310961],[79.8977321,6.9318709],[79.8977401,6.9319641],[79.8977401,6.9321984],[79.897547,6.9330212],[79.8975899,6.9332741],[79.8976543,6.9334365],[79.8984402,6.9345388],[79.898497,6.934711],[79.8985415,6.9350103],[79.8985367,6.9351193],[79.8985287,6.9352125],[79.8984938,6.9352977],[79.8983322,6.9354856],[79.8980379,6.9358994],[79.8977723,6.9365118],[79.8973002,6.9369298],[79.8972331,6.9374407],[79.8972666,6.9378814],[79.8972681,6.9380135],[79.8972465,6.9380717],[79.8967691,6.9382794],[79.8966512,6.9384688],[79.8966404,6.9385167],[79.8967477,6.9394167],[79.8969194,6.940037],[79.8969221,6.9400823],[79.8968416,6.9403486],[79.8968121,6.9403805],[79.8966565,6.940487],[79.8964366,6.9405243],[79.8957139,6.9402075],[79.8956051,6.94025],[79.8948621,6.9411819],[79.8948138,6.9411926],[79.8942027,6.9411319],[79.8937878,6.9410456],[79.8934095,6.9407185],[79.8926091,6.940519],[79.8912277,6.941371],[79.891048,6.9414535],[79.8908683,6.9414296],[79.8905533,6.9410276],[79.8904204,6.9409929],[79.8903077,6.9410568],[79.8897525,6.9417357],[79.8895487,6.9418609],[79.8883578,6.9422656],[79.8882558,6.9423641],[79.8882049,6.942444],[79.8881486,6.942625],[79.8882666,6.9437034],[79.8882558,6.9437486],[79.8879957,6.9441507],[79.8879098,6.9441906],[79.887596,6.94414],[79.8870354,6.943943],[79.8869872,6.9439536],[79.8865407,6.9444037],[79.8863756,6.9444915],[79.88633,6.9444888],[79.8862388,6.9444649],[79.8857748,6.943943],[79.8855978,6.9438738],[79.8853993,6.9439403],[79.8853778,6.9439829],[79.8853617,6.9440735],[79.8853912,6.9442119],[79.8854893,6.9444143],[79.8856943,6.9447151],[79.8859506,6.9452237],[79.886161,6.9458174],[79.8867323,6.9468105],[79.8887038,6.9500189],[79.8893636,6.9509614],[79.8897981,6.9517814],[79.8898544,6.9519305],[79.8899322,6.9523379],[79.8900315,6.9531792],[79.8899052,6.9541809],[79.8898919,6.9546266]]]}},
{"type":"Feature","properties":{"osm_id":"422128976","code":8103,"fclass":"canal","width":0,"name":null},"geometry":{"type":"MultiLineString","coordinates":[[[79.9032472,7.1532973],[79.9036322,7.1530872],[79.9037287,7.1529807],[79.9038038,7.1528849],[79.9038736,7.1528317],[79.9039862,7.1527625],[79.9041203,7.1528317],[79.9042115,7.1528743],[79.9043349,7.1528157],[79.9044583,7.1527785],[79.9045924,7.1527891]]]}},
{"type":"Feature","properties":{"osm_id":"51272612","code":8103,"fclass":"canal","width":0,"name":null},"geometry":{"type":"MultiLineString","coordinates":[[[79.8693091,6.9696229],[79.8693314,6.9699106],[79.8693716,6.9701053],[79.8694831,6.9701761],[79.8695856,6.9700965],[79.8702545,6.9703355],[79.8703124,6.970455],[79.8703882,6.9709197],[79.8705131,6.9710658],[79.8707271,6.9711942],[79.8711373,6.9712938],[79.8718776,6.9714155],[79.8722254,6.9715217],[79.8725554,6.9717209],[79.8728675,6.9720484],[79.8729701,6.9723759],[79.8730191,6.9728053],[79.8731529,6.9731859],[79.8733268,6.9734913],[79.8733268,6.9738498],[79.8732599,6.9739516],[79.872649,6.9739472],[79.8725688,6.9740136],[79.8725465,6.9741995],[79.8725554,6.9745049],[79.8726267,6.9749254],[79.8728318,6.9752264],[79.8728041,6.9753513],[79.871107,6.9771811]]]}},
{"type":"Feature","properties":{"osm_id":"51271085","code":8103,"fclass":"canal","width":0,"name":null},"geometry":{"type":"MultiLineString","coordinates":[[[79.868476,6.9498085],[79.8689266,6.9504369],[79.8694308,6.951406],[79.8700531,6.9519279],[79.8705359,6.9526201],[79.8708691,6.9532851],[79.8669423,6.9538921],[79.8663093,6.9537537],[79.8657288,6.9546623],[79.865254,6.9546783],[79.8646801,6.9549286],[79.8648517,6.9553439],[79.864908,6.9555782],[79.8648973,6.9562225],[79.8648329,6.9564462],[79.8646237,6.9566618],[79.8627435,6.9577641]]]}},
{"type":"Feature","properties":{"osm_id":"54046829","code":8103,"fclass":"canal","width":0,"name":null},"geometry":{"type":"MultiLineString","coordinates":[[[79.8718341,6.9550164],[79.8717698,6.9545842],[79.8712336,6.9539766],[79.8711976,6.9537668],[79.8708691,6.9532851]]]}},
{"type":"Feature","properties":{"osm_id":"54046803","code":8103,"fclass":"canal","width":0,"name":null},"geometry":{"type":"MultiLineString","coordinates":[[[79.8710897,6.9538293],[79.8711976,6.9537668],[79.8720971,6.9530927],[79.8735947,6.9528337],[79.8743356,6.952616]]]}},
{"type":"Feature","properties":{"osm_id":"53790009","code":8103,"fclass":"canal","width":0,"name":null},"geometry":{"type":"MultiLineString","coordinates":[[[79.9131728,6.9062417],[79.9134529,6.9057879],[79.9139374,6.9052658],[79.9159101,6.9042614],[79.9165719,6.9039638],[79.9168501,6.9037664],[79.9170812,6.9036956],[79.9173316,6.9036579],[79.9176085,6.903657],[79.9178898,6.9036862],[79.9190167,6.9040646]]]}},
{"type":"Feature","properties":{"osm_id":"50740178","code":8103,"fclass":"canal","width":0,"name":null},"geometry":{"type":"MultiLineString","coordinates":[[[79.8936682,6.9187826],[79.8935014,6.9188041],[79.893083,6.9190917],[79.89245,6.919784],[79.8919672,6.9201142]]]}},
{"type":"Feature","properties":{"osm_id":"424686779","code":8103,"fclass":"canal","width":0,"name":"Pita ela"},"geometry":{"type":"MultiLineString","coordinates":[[[79.9275874,7.1517871],[79.9276974,7.1516753],[79.9278369,7.1515875],[79.9279549,7.1515263],[79.9281265,7.1514784],[79.9282928,7.1514358],[79.9284611,7.1514051]]]}},
{"type":"Feature","properties":{"osm_id":"50634201","code":8103,"fclass":"canal","width":5,"name":null},"geometry":{"type":"MultiLineString","coordinates":[[[79.8756077,6.8992987],[79.8753113,6.8990658],[79.8751696,6.8988276],[79.8749212,6.8986496],[79.8744284,6.8985571],[79.8738169,6.898294],[79.8722187,6.8976985],[79.8713093,6.8972114],[79.8709896,6.897079],[79.870686,6.8969174],[79.870522,6.8962358],[79.8700892,6.8952209],[79.8699162,6.8949935],[79.8694549,6.8944849],[79.8690746,6.8941234],[79.8686084,6.8937685],[79.8686265,6.8937012],[79.8687324,6.8935854]]]}},
{"type":"Feature","properties":{"osm_id":"424686778","code":8103,"fclass":"canal","width":0,"name":"Pita ela"},"geometry":{"type":"MultiLineString","coordinates":[[[79.9284611,7.1514051],[79.9284752,7.1514025],[79.9285047,7.1513972]]]}},
{"type":"Feature","properties":{"osm_id":"50634200","code":8103,"fclass":"canal","width":5,"name":null},"geometry":{"type":"MultiLineString","coordinates":[[[79.8721241,6.909298],[79.8724822,6.9093134],[79.8725579,6.9092911],[79.8726078,6.9092553],[79.8728591,6.9089169],[79.8730261,6.9088024],[79.8739874,6.9087634],[79.8740268,6.9087498],[79.8740685,6.9087262],[79.8741063,6.9086892],[79.8743752,6.9082475],[79.8753032,6.9076867],[79.8755029,6.9075192]]]}},
{"type":"Feature","properties":{"osm_id":"424686777","code":8103,"fclass":"canal","width":0,"name":"Pita ela"},"geometry":{"type":"MultiLineString","coordinates":[[[79.9285047,7.1513972],[79.92884,7.1513533],[79.9291431,7.1513134],[79.9293094,7.1513001],[79.929406,7.1512815],[79.929591,7.1512628],[79.9297761,7.1513081],[79.9299531,7.151332],[79.9301623,7.1514012],[79.9303033,7.1514241],[79.9305191,7.1514358],[79.9307122,7.1514544],[79.930837,7.1514559],[79.9310072,7.1514491],[79.9312004,7.1515103],[79.9313774,7.1515902]]]}},
{"type":"Feature","properties":{"osm_id":"50634199","code":8103,"fclass":"canal","width":5,"name":null},"geometry":{"type":"MultiLineString","coordinates":[[[79.8826731,6.8997242],[79.8816825,6.899583],[79.8809755,6.8998124],[79.8798654,6.8999964],[79.8796903,6.8999814],[79.8795487,6.899937],[79.878847,6.8993282],[79.8785288,6.899351],[79.8780271,6.8995148],[79.8764589,6.8995463],[79.8763615,6.8995321],[79.8756077,6.8992987]]]}},
{"type":"Feature","properties":{"osm_id":"51270707","code":8103,"fclass":"canal","width":0,"name":null},"geometry":{"type":"MultiLineString","coordinates":[[[79.8766232,6.9489663],[79.8768025,6.9487523],[79.8775092,6.9482954],[79.8780467,6.948024],[79.87819,6.9479984]]]}},
{"type":"Feature","properties":{"osm_id":"51214831","code":8103,"fclass":"canal","width":0,"name":"Katu Ela"},"geometry":{"type":"MultiLineString","coordinates":[[[79.8975516,6.856773],[79.8967774,6.8566107],[79.8969495,6.8562227],[79.8970011,6.8559756],[79.8970284,6.855815],[79.8970146,6.8556341],[79.8970483,6.8553583],[79.8970919,6.8546437],[79.8971811,6.8540189],[79.8972273,6.8535609],[79.8974552,6.8524874]]]}},
{"type":"Feature","properties":{"osm_id":"425279735","code":8103,"fclass":"canal","width":0,"name":"halwakkada ela"},"geometry":{"type":"MultiLineString","coordinates":[[[79.9098,7.1086427],[79.9097142,7.1086268],[79.9095988,7.1085908],[79.9095385,7.1085496],[79.9094191,7.1084311],[79.9092984,7.1083393],[79.9091321,7.1082235],[79.9089699,7.1080958],[79.908821,7.1079906],[79.9086265,7.1078868],[79.9084857,7.107831],[79.9083623,7.1077737],[79.9082376,7.1076872],[79.9081102,7.1075954],[79.9079842,7.1075395],[79.9078366,7.1074996],[79.9076596,7.107457],[79.9075523,7.107449],[79.9074249,7.1073944],[79.9073257,7.1073146],[79.9072345,7.1071855],[79.9071902,7.107123]]]}},
{"type":"Feature","properties":{"osm_id":"51133938","code":8103,"fclass":"canal","width":0,"name":null},"geometry":{"type":"MultiLineString","coordinates":[[[79.8741318,6.794916],[79.8741645,6.7955198],[79.874394,6.7959887],[79.8748877,6.7964356],[79.875145,6.7967877],[79.8752031,6.7972444],[79.8753596,6.7976719],[79.8753349,6.7980391],[79.8751879,6.798375],[79.8745403,6.7992607],[79.8743082,6.7996641],[79.8742523,6.7999698],[79.8743956,6.8007272],[79.8747182,6.8014564],[79.8747965,6.8017947],[79.8747198,6.8021996],[79.8745864,6.8024989],[79.8743725,6.8027749],[79.8737116,6.8032664],[79.8734376,6.8036863],[79.8730657,6.8039574],[79.8730067,6.8042216],[79.8729927,6.8046886],[79.8728714,6.8049988],[79.8727184,6.8053552],[79.8722195,6.8057952],[79.8722005,6.8063778],[79.8718886,6.8068979],[79.871818,6.8071492],[79.8718474,6.8078971],[79.8718356,6.8081367],[79.8717768,6.808312],[79.8716885,6.8084464],[79.8715767,6.8084698],[79.8713119,6.8083587],[79.8711706,6.8083646],[79.8710353,6.8084581],[79.8709176,6.8086159],[79.8707351,6.8091184],[79.8708823,6.8093346],[79.8709411,6.8095859],[79.8708175,6.8099423],[79.8706057,6.8102929],[79.8705821,6.8104682],[79.8705854,6.8106702],[79.8704979,6.8108642],[79.8704164,6.811022],[79.8703802,6.8111878],[79.870378,6.8115037],[79.8703756,6.8117037],[79.8703487,6.8118746],[79.870252,6.8122612],[79.8702001,6.8124351],[79.8697396,6.8135774],[79.8694911,6.8140037],[79.8691558,6.8142991],[79.8691521,6.8144899],[79.8692575,6.8148601],[79.8690391,6.8153238],[79.8689525,6.8153687],[79.8686097,6.8153388],[79.8685193,6.8154173],[79.8683898,6.8156674],[79.8681466,6.8161369],[79.8681089,6.8169309],[79.8680277,6.8173503],[79.8678638,6.8179353],[79.867852,6.8184203],[79.8675036,6.8196882],[79.8671691,6.8203613],[79.8669522,6.8206545],[79.8668919,6.8209208],[79.8669221,6.8217255],[79.8670034,6.8217973],[79.8677055,6.821917],[79.8678257,6.8219558],[79.8678478,6.8220415],[79.8678169,6.8221294],[79.86767,6.822574],[79.8675819,6.8226477],[79.8672322,6.8227276],[79.8671463,6.8228846],[79.8671599,6.8233854],[79.8669993,6.8240053],[79.8670203,6.8241527],[79.8672328,6.8242706],[79.8674354,6.8244428],[79.8680178,6.8247977],[79.8680935,6.8249406],[79.8681404,6.8250235]]]}},
{"type":"Feature","properties":{"osm_id":"51133937","code":8103,"fclass":"canal","width":0,"name":null},"geometry":{"type":"MultiLineString","coordinates":[[[79.8741318,6.794916],[79.873459,6.7947536],[79.8732374,6.794756],[79.8728682,6.7947138],[79.872712363522595,6.794727949755414]]]}},
{"type":"Feature","properties":{"osm_id":"424598640","code":8103,"fclass":"canal","width":0,"name":null},"geometry":{"type":"MultiLineString","coordinates":[[[79.8715563,6.9993933],[79.8714855,6.9993655],[79.8710228,6.999198],[79.8708115,6.9992266],[79.8706243,6.9990932],[79.8705426,6.9991313],[79.8704418,6.9990979],[79.870413,6.9989597],[79.8704754,6.9987357],[79.8705378,6.9981639],[79.8705426,6.9979923],[79.8707731,6.9978541],[79.8708115,6.9976111],[79.8707491,6.9974538],[79.8704418,6.9971679],[79.870389,6.9969153],[79.8703842,6.9965388],[79.8704994,6.9961052],[79.8705954,6.9958431],[79.8705763,6.9955871],[79.8704304,6.9952387],[79.8703545,6.9946966],[79.8703052,6.9942598],[79.8703507,6.9934127],[79.8704076,6.9933073],[79.8706511,6.9933042],[79.8711454,6.993343],[79.8712039,6.9931265],[79.8711881,6.9922135],[79.8712889,6.9917607],[79.8712709,6.990446],[79.8712985,6.9901452],[79.8713639,6.9897176]]]}},
{"type":"Feature","properties":{"osm_id":"109403242","code":8103,"fclass":"canal","width":0,"name":null},"geometry":{"type":"MultiLineString","coordinates":[[[79.8794592,6.7983195],[79.8794298,6.798225],[79.8792353,6.797968],[79.8792152,6.7978885],[79.8792254,6.7977926],[79.879238,6.7977137],[79.8792326,6.7976466],[79.8791557,6.797472],[79.8791136,6.7973468],[79.8791004,6.7971788],[79.879118,6.7970975]]]}},
{"type":"Feature","properties":{"osm_id":"424598639","code":8103,"fclass":"canal","width":0,"name":null},"geometry":{"type":"MultiLineString","coordinates":[[[79.8712709,6.990446],[79.8726673,6.9902264],[79.8741721,6.9901414]]]}},
{"type":"Feature","properties":{"osm_id":"98963909","code":8103,"fclass":"canal","width":0,"name":null},"geometry":{"type":"MultiLineString","coordinates":[[[79.8934281,6.8857137],[79.8935524,6.8856619],[79.8941342,6.8852726],[79.894556,6.8850816],[79.8947307,6.8851458],[79.8947293,6.8855164],[79.8948687,6.8859744],[79.8951316,6.8863898],[79.8952657,6.8867147],[79.8953193,6.8870182],[79.8953301,6.8871887],[79.8955983,6.8873751],[79.8958987,6.8875668],[79.8961347,6.8877425],[79.8962688,6.8879662],[79.8965371,6.8884029],[79.8966497,6.8884775],[79.896757,6.8884189],[79.8971057,6.8880461],[79.8973739,6.8877479],[79.8975509,6.8876573],[79.897728,6.8877425],[79.8977762,6.8878544],[79.8976636,6.8880408],[79.8975724,6.8882698],[79.8975509,6.8884242],[79.8974383,6.8885201],[79.8971486,6.8887864],[79.8968321,6.8892923],[79.8964888,6.8897503],[79.8962045,6.8900592],[79.8961079,6.8902509],[79.8961562,6.8906024],[79.8960972,6.8907782],[79.896124,6.8909752],[79.8962903,6.8912042],[79.8964459,6.8913906],[79.8964459,6.8915025],[79.8963922,6.8917368],[79.8964414,6.8920775]]]}},
{"type":"Feature","properties":{"osm_id":"423448149","code":8103,"fclass":"canal","width":0,"name":null},"geometry":{"type":"MultiLineString","coordinates":[[[79.9664682,7.1755765],[79.9665913,7.1756635],[79.9667014,7.1758023],[79.9668208,7.1758375],[79.9671418,7.1760319],[79.9672761,7.1760393],[79.9674869,7.1760078],[79.9678955,7.1761356],[79.9680056,7.1761133],[79.9682557,7.1762429],[79.9684758,7.1763966]]]}},
{"type":"Feature","properties":{"osm_id":"98963900","code":8103,"fclass":"canal","width":0,"name":null},"geometry":{"type":"MultiLineString","coordinates":[[[79.8917044,6.8776505],[79.8918439,6.8785665],[79.8923367,6.8812877]]]}},
{"type":"Feature","properties":{"osm_id":"423092299","code":8103,"fclass":"canal","width":0,"name":null},"geometry":{"type":"MultiLineString","coordinates":[[[79.9148845,7.1265597],[79.9150831,7.1270503],[79.9152774,7.1274573],[79.9154566,7.1277851],[79.9155473,7.1278665],[79.915692,7.1279201],[79.9157459,7.1279287],[79.9157762,7.1279479],[79.9157848,7.1280122],[79.9157848,7.1281836],[79.9158042,7.128235],[79.9158625,7.1282971],[79.9162619,7.1283893],[79.9165815,7.12846],[79.9167823,7.1285092],[79.9170759,7.1285414],[79.9171991,7.1285674]]]}},
{"type":"Feature","properties":{"osm_id":"98963886","code":8103,"fclass":"canal","width":0,"name":null},"geometry":{"type":"MultiLineString","coordinates":[[[79.8833865,6.9012359],[79.8828814,6.9005848],[79.8826773,6.9002047],[79.8826731,6.8997242],[79.8834629,6.8978151],[79.8837325,6.8964185],[79.8840378,6.8948375],[79.8847466,6.8928011],[79.88453,6.8919477],[79.8840467,6.890803],[79.8839015,6.8899969],[79.8838019,6.8890319],[79.8835742,6.8887923],[79.8827881,6.8883033],[79.8825083,6.8880402],[79.8823869,6.8878949]]]}},
{"type":"Feature","properties":{"osm_id":"131349599","code":8103,"fclass":"canal","width":0,"name":null},"geometry":{"type":"MultiLineString","coordinates":[[[79.8974552,6.8524874],[79.8972142,6.8512205],[79.8971157,6.850699]]]}},
{"type":"Feature","properties":{"osm_id":"131347976","code":8103,"fclass":"canal","width":0,"name":null},"geometry":{"type":"MultiLineString","coordinates":[[[79.879118,6.7970975],[79.8792233,6.7969798],[79.8792576,6.7969332]]]}},
{"type":"Feature","properties":{"osm_id":"131347972","code":8103,"fclass":"canal","width":0,"name":null},"geometry":{"type":"MultiLineString","coordinates":[[[79.8792576,6.7969332],[79.8792554,6.7964806],[79.8791615,6.7962594],[79.8790623,6.7959199],[79.8790395,6.7956096],[79.8789899,6.7951142],[79.8788987,6.7947413],[79.8788128,6.7944963],[79.8786948,6.7941927],[79.8785393,6.7938571],[79.8785822,6.7936227],[79.8786573,6.7932658],[79.8785178,6.7929675],[79.8783408,6.7925201],[79.878298,6.7923004],[79.8783243,6.7921266]]]}},
{"type":"Feature","properties":{"osm_id":"428877122","code":8103,"fclass":"canal","width":0,"name":null},"geometry":{"type":"MultiLineString","coordinates":[[[79.9914195,7.160946],[79.9914108,7.1607291],[79.9914604,7.1605534],[79.9914805,7.1603645],[79.9915221,7.1601476],[79.991667,7.1598748],[79.991726,7.1596938],[79.991738,7.1594557],[79.991553,7.1593359],[79.9915751,7.1590565],[79.9915349,7.1587238],[79.9915322,7.1585109],[79.9914034,7.1583113],[79.99139,7.1582075],[79.9913605,7.1580917],[79.9913471,7.1579746],[79.9913122,7.1579041],[79.9913243,7.1578203]]]}},
{"type":"Feature","properties":{"osm_id":"98371220","code":8103,"fclass":"canal","width":0,"name":null},"geometry":{"type":"MultiLineString","coordinates":[[[79.8489687,6.9329317],[79.848081,6.933135],[79.8479936,6.9332179],[79.8475486,6.9379636]]]}},
{"type":"Feature","properties":{"osm_id":"98371209","code":8103,"fclass":"canal","width":0,"name":null},"geometry":{"type":"MultiLineString","coordinates":[[[79.8697396,6.8135774],[79.8697193,6.8137398],[79.8697492,6.8138372],[79.8699326,6.8140236],[79.8701673,6.8141084],[79.8713085,6.8137365],[79.8727117,6.8126001],[79.8746609,6.8104737],[79.8750399,6.8102015],[79.8751832,6.8101418],[79.8760544,6.8098908]]]}},
{"type":"Feature","properties":{"osm_id":"98371193","code":8103,"fclass":"canal","width":0,"name":null},"geometry":{"type":"MultiLineString","coordinates":[[[79.8499584,6.9182301],[79.8498907,6.9182627],[79.8497923,6.9183776],[79.8494163,6.919484],[79.8492447,6.9204125],[79.8490829,6.9210197],[79.8489882,6.9215381],[79.8488493,6.9220224],[79.8487004,6.9228751],[79.848656,6.9230322],[79.8484241,6.9236411],[79.848344,6.9238087],[79.848101,6.9238943],[79.8477768,6.9239207],[79.8474519,6.9239941],[79.847055,6.924315],[79.8467137,6.9247104],[79.8465481,6.924968],[79.8464875,6.9254278],[79.8465999,6.9257651],[79.8471477,6.9262107],[79.8474952,6.9264498],[79.847587,6.9268814],[79.8473286,6.9273812],[79.847008,6.9279451],[79.8466653,6.9285209],[79.8463192,6.9291931],[79.845897,6.930082],[79.8454932,6.9303079],[79.844902,6.9302538],[79.8440306,6.9301144],[79.8428524,6.9299967]]]}},
{"type":"Feature","properties":{"osm_id":"83986506","code":8103,"fclass":"canal","width":0,"name":null},"geometry":{"type":"MultiLineString","coordinates":[[[79.8947431,6.8891257],[79.8945782,6.8891764],[79.8936114,6.8893987],[79.8935633,6.8894098],[79.8931556,6.889708],[79.8930591,6.8901554],[79.8929732,6.8902725],[79.8928981,6.8904429],[79.8929089,6.890624],[79.8928552,6.8908157],[79.8927265,6.890837],[79.8925763,6.8907838],[79.8924415,6.890746],[79.8923182,6.8907602],[79.8922622,6.8907865],[79.89223,6.8908119],[79.8921446,6.8909249],[79.8920906,6.890972],[79.8920289,6.8910078],[79.8919237,6.8910313],[79.8918184,6.8910294],[79.8917701,6.8910454],[79.8917539,6.8910586],[79.8917151,6.8911688],[79.8917027,6.8912507],[79.891697,6.8915472],[79.8917018,6.8918391],[79.8916894,6.891921],[79.8916876,6.8922044],[79.8917264,6.8923107],[79.8917596,6.8923286],[79.8918383,6.8923013],[79.892157,6.8921328],[79.8924604,6.8919991],[79.8925543,6.8919699],[79.8926482,6.8919558],[79.8926681,6.8919615],[79.8926861,6.8919728],[79.8927117,6.8920321],[79.8928011,6.892155],[79.8928746,6.8921996],[79.8929439,6.8922475],[79.8930286,6.8922716],[79.8931182,6.8923036],[79.8931972,6.8923286],[79.893365,6.8924855],[79.8934099,6.8925579],[79.8933876,6.8926664],[79.8933029,6.8927527],[79.8932583,6.8928258],[79.8933051,6.8929099],[79.8933898,6.8929519],[79.8934768,6.8929143],[79.8936217,6.8927815],[79.8940654,6.8924517],[79.8943552,6.8922348],[79.8944622,6.8921817],[79.8945893,6.892175],[79.8946919,6.8923233],[79.8947521,6.8923875],[79.8948375,6.8924143]]]}},
{"type":"Feature","properties":{"osm_id":"428877126","code":8103,"fclass":"canal","width":0,"name":null},"geometry":{"type":"MultiLineString","coordinates":[[[79.9917331,7.1562354],[79.9919117,7.1561503],[79.992475,7.1560465],[79.992593,7.1559374],[79.9927861,7.1559347],[79.9928478,7.1559667],[79.992998,7.1559347],[79.993108,7.156286],[79.9933226,7.1562302]]]}},
{"type":"Feature","properties":{"osm_id":"98963853","code":8103,"fclass":"canal","width":0,"name":null},"geometry":{"type":"MultiLineString","coordinates":[[[79.9013751,6.8983657],[79.9015226,6.8983462],[79.901972,6.8982849],[79.9020579,6.8981811],[79.9021187,6.8979891],[79.9019667,6.8972118],[79.9020195,6.8970757],[79.9020874,6.8969056],[79.901964,6.8963331],[79.900816,6.896642],[79.900654,6.8967961]]]}},
{"type":"Feature","properties":{"osm_id":"428877125","code":8103,"fclass":"canal","width":0,"name":null},"geometry":{"type":"MultiLineString","coordinates":[[[79.9913384,7.1577471],[79.9913102,7.1574051],[79.9913491,7.157159],[79.9913547,7.1570325]]]}},
{"type":"Feature","properties":{"osm_id":"98963852","code":8103,"fclass":"canal","width":0,"name":null},"geometry":{"type":"MultiLineString","coordinates":[[[79.8873558,6.9050404],[79.8870469,6.9047671],[79.8869593,6.9040758],[79.886413,6.9028394],[79.8853615,6.9009973],[79.8848763,6.9009828],[79.8833865,6.9012359]]]}},
{"type":"Feature","properties":{"osm_id":"428877124","code":8103,"fclass":"canal","width":0,"name":null},"geometry":{"type":"MultiLineString","coordinates":[[[79.9975228,7.1575886],[79.9974074,7.1574848],[79.9973216,7.1573651],[79.9972036,7.1573252],[79.9971339,7.1572773],[79.997024,7.1572361],[79.9967316,7.1571031],[79.9965734,7.1569993],[79.9964366,7.1569806],[79.9962167,7.1570073],[79.9960504,7.1569727],[79.9958707,7.1567571],[79.9957553,7.156656],[79.9956802,7.1566001],[79.9954415,7.156318],[79.9953342,7.1562302],[79.9951706,7.1561743],[79.995007,7.1561397],[79.9947844,7.1560518],[79.9947361,7.1559906],[79.9944679,7.1559507],[79.9944142,7.1557538],[79.9943901,7.1556872],[79.9941889,7.1555595],[79.9940494,7.1555835],[79.9939287,7.1555329],[79.9938349,7.155501]]]}},
{"type":"Feature","properties":{"osm_id":"428877123","code":8103,"fclass":"canal","width":0,"name":null},"geometry":{"type":"MultiLineString","coordinates":[[[79.9913243,7.1578203],[79.9913384,7.1577471]]]}},
{"type":"Feature","properties":{"osm_id":"98391423","code":8103,"fclass":"canal","width":0,"name":null},"geometry":{"type":"MultiLineString","coordinates":[[[79.8799938,6.7895147],[79.8801551,6.7896362],[79.8803052,6.7897411],[79.8804442,6.7897852],[79.8805721,6.7898294],[79.8807667,6.7898184],[79.8809447,6.7898294],[79.8811838,6.7898294],[79.8813617,6.7898515],[79.8814841,6.7899122],[79.8816676,6.7899895],[79.8817566,6.7901055],[79.8817955,6.7902546],[79.8817732,6.790365],[79.8816898,6.7905141],[79.8815286,6.790735],[79.8814229,6.7909558],[79.8813506,6.7911325],[79.8813117,6.7913203],[79.8813284,6.7914915],[79.8814118,6.7916792],[79.8814952,6.7918172],[79.8816064,6.7918725],[79.8818465,6.7919437],[79.8820124,6.7920271],[79.8820791,6.792132],[79.8821006,6.7922171],[79.8820831,6.7922869],[79.882001,6.7923727],[79.8819267,6.7924869],[79.8819251,6.7926023],[79.8819735,6.7926728],[79.8820883,6.7927524],[79.8821994,6.7928067],[79.8822578,6.7929011],[79.8822565,6.7930149],[79.8822388,6.7931451],[79.8822399,6.793248],[79.8822342,6.7933267],[79.8822541,6.7933929],[79.8822997,6.7934562],[79.8824473,6.7934725],[79.8825821,6.7935431],[79.8826495,6.7936263],[79.882737,6.7936987],[79.8828663,6.7937566],[79.8829593,6.7938344],[79.8830048,6.793999],[79.8830267,6.7941148],[79.8830394,6.7942849],[79.883054,6.7944604],[79.8830959,6.794578],[79.8831105,6.7946884],[79.8830638,6.7947786],[79.8829481,6.7948303],[79.8828284,6.7948791],[79.882784,6.7949158],[79.8827607,6.7949815],[79.8827747,6.7950932],[79.8827653,6.7952283],[79.8827501,6.7953692],[79.8827771,6.7954568],[79.8828099,6.795584],[79.8828347,6.7957713],[79.8828591,6.7959043],[79.8829119,6.7960707],[79.882921,6.7962661],[79.8829283,6.7964887],[79.8829174,6.7966081],[79.8829611,6.7968252],[79.883034,6.7970061],[79.8830795,6.7971455],[79.883085,6.797216],[79.8830285,6.797283],[79.8829593,6.7973119],[79.8828317,6.7973264],[79.8827224,6.7973698],[79.8826932,6.7974386],[79.8826629,6.7975674],[79.8826813,6.7976649],[79.8826879,6.7977536],[79.8826852,6.7978389],[79.8826709,6.7979867],[79.8826452,6.7982183],[79.8826547,6.798323],[79.8826722,6.7985372],[79.8826663,6.7987297],[79.8826547,6.7989381],[79.8827203,6.7990583],[79.8828456,6.7992797],[79.8828821,6.7994795],[79.882936,6.799714],[79.8829623,6.7999123],[79.8829652,6.8001381],[79.8829725,6.8003523],[79.883006,6.8004565],[79.8830556,6.8005477],[79.8831678,6.8006085],[79.8833005,6.8006259],[79.8835045,6.8006302],[79.8836357,6.8006186],[79.883742,6.8005797],[79.8838528,6.8005588],[79.8840266,6.8005253],[79.8840635,6.8004942],[79.8841315,6.8004555],[79.8842815,6.8004122],[79.8843935,6.8003859],[79.8845315,6.8003967],[79.8847076,6.8004014],[79.8847694,6.8004396]]]}},
{"type":"Feature","properties":{"osm_id":"228885484","code":8103,"fclass":"canal","width":0,"name":null},"geometry":{"type":"MultiLineString","coordinates":[[[79.9115654,6.9018964],[79.9112948,6.9017041]]]}},
{"type":"Feature","properties":{"osm_id":"228885482","code":8103,"fclass":"canal","width":0,"name":null},"geometry":{"type":"MultiLineString","coordinates":[[[79.8818514,6.9652027],[79.880677,6.965938]]]}},
{"type":"Feature","properties":{"osm_id":"428128457","code":8103,"fclass":"canal","width":0,"name":null},"geometry":{"type":"MultiLineString","coordinates":[[[79.9135509,7.1263504],[79.9136598,7.1263038],[79.9137067,7.1262833],[79.9137663,7.1262674],[79.9138224,7.1262606],[79.9138666,7.1262668],[79.9139442,7.1262316],[79.9140936,7.1261651],[79.914173,7.1261321]]]}},
{"type":"Feature","properties":{"osm_id":"228885486","code":8103,"fclass":"canal","width":0,"name":null},"geometry":{"type":"MultiLineString","coordinates":[[[79.9119696,6.9017478],[79.9139693,6.9010751],[79.9138239,6.9006785],[79.9135702,6.90032],[79.9131828,6.9001033],[79.9129441,6.9000458],[79.9128395,6.9001086],[79.9119696,6.9017478],[79.9117097,6.9019635]]]}},
{"type":"Feature","properties":{"osm_id":"430532290","code":8103,"fclass":"canal","width":0,"name":null},"geometry":{"type":"MultiLineString","coordinates":[[[80.0193543,7.1242593],[80.0193248,7.1243391],[80.0192872,7.1243711],[80.0192389,7.1244456],[80.0191773,7.1244908],[80.0190941,7.1244615],[80.0190378,7.1244456],[80.0189479,7.1244416],[80.0189318,7.1244695],[80.0188983,7.1245028],[80.018854,7.1245268],[80.0188487,7.1245574],[80.0188447,7.1246106],[80.018846,7.1246399],[80.0188259,7.1246958],[80.0188084,7.1247463],[80.0188098,7.1247823],[80.018846,7.1247849],[80.0188755,7.1247756],[80.018909,7.1247516],[80.0189519,7.124753],[80.0189774,7.1247636],[80.0190123,7.1248062],[80.0190498,7.1248488],[80.0190552,7.124926],[80.0190418,7.1249686],[80.0190364,7.1250085],[80.0190257,7.1250697],[80.0189962,7.1251389],[80.0189694,7.1251921],[80.0190325,7.1252166],[80.0199131,7.1255717],[80.020789,7.1259206],[80.0209666,7.1258794],[80.0211156,7.1258448]]]}},
{"type":"Feature","properties":{"osm_id":"155999515","code":8103,"fclass":"canal","width":0,"name":null},"geometry":{"type":"MultiLineString","coordinates":[[[79.8649594,6.8646149],[79.8644845,6.8650418],[79.8643524,6.8652827],[79.8643155,6.8656213],[79.8643139,6.8658348],[79.8643547,6.8660656],[79.8644308,6.866297],[79.8644846,6.8664143],[79.8650832,6.8670588],[79.8653927,6.8674326],[79.8656277,6.8677487],[79.8657425,6.8680612],[79.8657564,6.8681752],[79.8657246,6.8685266],[79.8656762,6.8686983],[79.8654022,6.8693604],[79.8653982,6.8695334],[79.8654771,6.8699497],[79.8657617,6.8708006],[79.8658759,6.8710826],[79.8660398,6.8713227],[79.8661925,6.8714975],[79.8663326,6.8715915],[79.8664396,6.8716156],[79.8673979,6.8716015],[79.8675658,6.8716265],[79.8677065,6.871681],[79.8685507,6.8723973],[79.8688155,6.872591],[79.8693396,6.8728565],[79.8713066,6.8736021],[79.8717003,6.8736909],[79.8722458,6.8737109],[79.872544,6.8736421],[79.8729288,6.8736623],[79.873413,6.87388],[79.8737621,6.8741687],[79.8738964,6.8743446],[79.8739993,6.8747114],[79.8740496,6.8756518]]]}},
{"type":"Feature","properties":{"osm_id":"146021988","code":8103,"fclass":"canal","width":0,"name":null},"geometry":{"type":"MultiLineString","coordinates":[[[79.877311,6.8457716],[79.8773137,6.8460459],[79.8772895,6.8460886],[79.8773164,6.8461417],[79.8773137,6.8465039],[79.8773271,6.8466212],[79.8773536,6.8466669]]]}},
{"type":"Feature","properties":{"osm_id":"430532272","code":8103,"fclass":"canal","width":0,"name":null},"geometry":{"type":"MultiLineString","coordinates":[[[80.0217863,7.1249515],[80.0217723,7.1249167],[80.0217522,7.1248754],[80.0217401,7.1248381],[80.0217227,7.1248075],[80.0216999,7.1247716],[80.0216757,7.124721],[80.021661,7.1246851],[80.0216382,7.1246678],[80.0215859,7.1246306],[80.0215389,7.1246039],[80.0215161,7.1245933],[80.0214719,7.1245826],[80.0214303,7.1245826],[80.0213874,7.1246066],[80.0213659,7.1246465],[80.0213311,7.1246745],[80.0212895,7.1247117],[80.021264,7.124733]]]}},
{"type":"Feature","properties":{"osm_id":"198186171","code":8103,"fclass":"canal","width":0,"name":null},"geometry":{"type":"MultiLineString","coordinates":[[[79.8951843,6.9685122],[79.8952432,6.9682923],[79.8951589,6.9680571],[79.8947086,6.9674634],[79.8944027,6.9671518],[79.8940684,6.9669456],[79.8940601,6.9667351],[79.8943911,6.9664364],[79.8944783,6.9661736],[79.8943603,6.9658914],[79.8923433,6.9634792],[79.8918323,6.9627835],[79.8909811,6.9613418],[79.8903893,6.9603394],[79.8901278,6.9600021],[79.8893536,6.9596143]]]}},
{"type":"Feature","properties":{"osm_id":"198186164","code":8103,"fclass":"canal","width":0,"name":null},"geometry":{"type":"MultiLineString","coordinates":[[[79.8743356,6.952616],[79.874875,6.9523168]]]}},
{"type":"Feature","properties":{"osm_id":"198177912","code":8103,"fclass":"canal","width":0,"name":null},"geometry":{"type":"MultiLineString","coordinates":[[[79.8787607,6.9480372],[79.8788092,6.9481068],[79.878887,6.9483241],[79.879067,6.9485848],[79.8792956,6.9487104],[79.8798064,6.9489035],[79.8801433,6.9489168]]]}},
{"type":"Feature","properties":{"osm_id":"430674323","code":8103,"fclass":"canal","width":0,"name":null},"geometry":{"type":"MultiLineString","coordinates":[[[79.9814083,7.1226679],[79.9814584,7.122542],[79.9814817,7.1224438],[79.9814991,7.1223826],[79.9815038,7.1223445],[79.981498,7.1223099],[79.981484,7.122221],[79.9814735,7.122169],[79.9814642,7.1220974],[79.9814677,7.1219877],[79.9814828,7.1219346],[79.9814886,7.1219022],[79.9814956,7.1218607],[79.9815084,7.121826],[79.9815294,7.1218249],[79.9815573,7.1218295],[79.9815643,7.1218122],[79.9815527,7.1217613],[79.9815329,7.1216632],[79.9815364,7.1216332],[79.9815422,7.1215696],[79.9815422,7.1215015],[79.9815713,7.1214184],[79.9816155,7.121326],[79.9816213,7.1212209],[79.9816198,7.1211835]]]}},
{"type":"Feature","properties":{"osm_id":"198177911","code":8103,"fclass":"canal","width":0,"name":null},"geometry":{"type":"MultiLineString","coordinates":[[[79.87819,6.9479984],[79.8784702,6.9480092],[79.8787607,6.9480372]]]}},
{"type":"Feature","properties":{"osm_id":"429808389","code":8103,"fclass":"canal","width":0,"name":null},"geometry":{"type":"MultiLineString","coordinates":[[[79.9968457,7.1208807],[79.9967759,7.1209153],[79.9967518,7.1208927],[79.9966941,7.1208754],[79.9966659,7.1208608],[79.9966485,7.1208182],[79.9966271,7.1208421],[79.9966029,7.1208235],[79.9965908,7.1207849],[79.996568,7.1207517],[79.9965372,7.1207024],[79.9965104,7.1206944],[79.9964621,7.1206958],[79.9963991,7.1207037],[79.9963414,7.1207317],[79.9962985,7.1207437],[79.9962435,7.120765],[79.9961992,7.1207849],[79.9961523,7.1208075],[79.9961215,7.1208089],[79.9960852,7.1208155],[79.9960571,7.1208155],[79.9960276,7.1208075],[79.995986,7.1207876],[79.9959458,7.1207703],[79.9958948,7.1207437],[79.9958573,7.1207157],[79.9958197,7.1206904],[79.995762,7.1206612],[79.9957071,7.1206172],[79.9956762,7.1205787],[79.9956668,7.1205427],[79.9956454,7.1205081],[79.9955609,7.1205001],[79.9955126,7.1204855],[79.9954588,7.1204761],[79.9952924,7.1204214],[79.9950953,7.120444],[79.9950081,7.1204334],[79.9948042,7.1203296],[79.9946782,7.1202124],[79.9945991,7.1200967],[79.9944247,7.1200221],[79.9943496,7.1199663],[79.9940894,7.1198625],[79.9940868,7.1198172],[79.9941377,7.1196043],[79.9940921,7.119559],[79.9937112,7.1194845],[79.9936415,7.1194579],[79.9936951,7.1193062],[79.9937112,7.1191465],[79.9936978,7.1190533],[79.9937059,7.1189336],[79.993671,7.1189096],[79.9936093,7.1188857],[79.9933813,7.1188697],[79.9932848,7.1188324],[79.9931963,7.1188191],[79.9931024,7.1188165],[79.9928368,7.118867],[79.9927537,7.1188378],[79.9926947,7.1187925],[79.9925579,7.118734],[79.9924023,7.118726],[79.9923138,7.1187499],[79.9922629,7.1187872],[79.9920674,7.1188684],[79.9917536,7.1189136],[79.9916262,7.1189566],[79.9914787,7.1188488],[79.9913553,7.1187184],[79.9911005,7.1186532],[79.9910335,7.1186146],[79.9906419,7.1184882],[79.9905306,7.1183551],[79.9902489,7.1181768],[79.9901001,7.1181768],[79.9897769,7.118065],[79.9895328,7.1180065],[79.9893973,7.1178441],[79.9892136,7.1177084],[79.9891304,7.1176019],[79.9889561,7.1174569],[79.9889346,7.117401],[79.9890701,7.1171854],[79.9888904,7.1169285],[79.9886454,7.1166737],[79.9885755,7.1165516],[79.9885483,7.1164411]]]}},
{"type":"Feature","properties":{"osm_id":"429808295","code":8103,"fclass":"canal","width":0,"name":null},"geometry":{"type":"MultiLineString","coordinates":[[[79.9973068,7.1204627],[79.9972451,7.1204813],[79.9971593,7.120508],[79.9970802,7.1205479],[79.9970145,7.1205785],[79.996997,7.1205785],[79.9969474,7.1205891],[79.9968911,7.1206104],[79.9967637,7.1206064],[79.9966376,7.1206104],[79.9965813,7.1206144],[79.9965344,7.120633],[79.9965104,7.1206944]]]}},
{"type":"Feature","properties":{"osm_id":"429049774","code":8103,"fclass":"canal","width":0,"name":null},"geometry":{"type":"MultiLineString","coordinates":[[[80.004552,7.1112422],[80.0045305,7.1114019],[80.0045144,7.111535]]]}},
{"type":"Feature","properties":{"osm_id":"407978740","code":8103,"fclass":"canal","width":0,"name":null},"geometry":{"type":"MultiLineString","coordinates":[[[79.8851431,6.877218],[79.8850016,6.8781213],[79.8848601,6.8788639],[79.8847455,6.8806036],[79.8847287,6.8806897],[79.8844826,6.8819484],[79.8844018,6.8834003],[79.8844115,6.884252],[79.8845166,6.8845675]]]}},
{"type":"Feature","properties":{"osm_id":"419531328","code":8103,"fclass":"canal","width":0,"name":null},"geometry":{"type":"MultiLineString","coordinates":[[[79.8944933,6.9715121],[79.8945039,6.9723524],[79.8945662,6.972973],[79.894678,6.9734636],[79.8945748,6.9736128],[79.8944844,6.9736466]]]}},
{"type":"Feature","properties":{"osm_id":"419443001","code":8103,"fclass":"canal","width":0,"name":null},"geometry":{"type":"MultiLineString","coordinates":[[[79.9022984,6.9289851],[79.9024965,6.9299317],[79.9026443,6.9311027],[79.9027086,6.9317737],[79.9028442,6.9321111],[79.9028442,6.9323921],[79.9027342,6.9326285],[79.9024656,6.932993],[79.9027616,6.933278],[79.9033624,6.9335149],[79.9045156,6.9336859],[79.9050698,6.9335315],[79.9061454,6.9333504],[79.906942,6.9335135],[79.9077108,6.9335793],[79.9084486,6.9333994],[79.9089611,6.9330266],[79.9109227,6.9321319],[79.9111127,6.9322021],[79.9113424,6.9323688],[79.9119035,6.9325486]]]}},
{"type":"Feature","properties":{"osm_id":"944328345","code":8103,"fclass":"canal","width":0,"name":null},"geometry":{"type":"MultiLineString","coordinates":[[[79.8272044,7.1934532],[79.8265884,7.1934676],[79.8263292,7.1934855],[79.826008,7.1934074],[79.825604,7.193366],[79.8245221,7.1935404]]]}},
{"type":"Feature","properties":{"osm_id":"941512667","code":8103,"fclass":"canal","width":0,"name":null},"geometry":{"type":"MultiLineString","coordinates":[[[79.8583186,7.0523236],[79.8586227,7.0524523],[79.8586942,7.0526172]]]}},
{"type":"Feature","properties":{"osm_id":"941241731","code":8103,"fclass":"canal","width":0,"name":null},"geometry":{"type":"MultiLineString","coordinates":[[[79.8684657,7.0258082],[79.8688751,7.0259374],[79.8696983,7.0260277],[79.8700548,7.0263327],[79.8710183,7.0264569],[79.8728315,7.0265661],[79.8757143,7.0266941],[79.8792458,7.0267505],[79.8810741,7.0268898],[79.8827507,7.0269651],[79.8850874,7.0270367],[79.8862898,7.0270517],[79.8871736,7.027112],[79.8876895,7.0271383],[79.8881485,7.0269651],[79.888433,7.0268823],[79.8890922,7.0270667]]]}},
{"type":"Feature","properties":{"osm_id":"403573343","code":8103,"fclass":"canal","width":2,"name":"Drai8nage cannel"},"geometry":{"type":"MultiLineString","coordinates":[[[79.9888801,6.8424389],[79.9891698,6.8425455],[79.9893951,6.8427159],[79.9897277,6.8429822],[79.9900495,6.8432805],[79.9903042,6.8436006]]]}},
{"type":"Feature","properties":{"osm_id":"941233720","code":8103,"fclass":"canal","width":0,"name":null},"geometry":{"type":"MultiLineString","coordinates":[[[79.8654288,7.0455353],[79.8653537,7.0452079],[79.8653296,7.044758]]]}},
{"type":"Feature","properties":{"osm_id":"940431868","code":8103,"fclass":"canal","width":0,"name":null},"geometry":{"type":"MultiLineString","coordinates":[[[79.8682263,7.0089319],[79.8697633,7.0087776],[79.8711565,7.0085797],[79.8714504,7.008538],[79.8719761,7.0084554],[79.8720995,7.0084741],[79.8724213,7.008727],[79.87277,7.0089213]]]}},
{"type":"Feature","properties":{"osm_id":"940431867","code":8103,"fclass":"canal","width":0,"name":null},"geometry":{"type":"MultiLineString","coordinates":[[[79.8701441,7.0074039],[79.8705465,7.0070711],[79.8706108,7.0070525],[79.8706886,7.0070844],[79.8707691,7.0071909],[79.8714504,7.008538]]]}},
{"type":"Feature","properties":{"osm_id":"940431864","code":8103,"fclass":"canal","width":0,"name":null},"geometry":{"type":"MultiLineString","coordinates":[[[79.8691678,7.01442],[79.8696935,7.0145717],[79.8700771,7.0146117],[79.8702984,7.0145853],[79.8704459,7.0145677],[79.8722004,7.0141327],[79.8723462,7.0140965],[79.8725796,7.014002],[79.8726372,7.0139142],[79.8726842,7.0137252],[79.8727351,7.0133817],[79.87277,7.0123422],[79.87277,7.0089213],[79.8727781,7.0086444],[79.8729417,7.0085273],[79.873403,7.0084847],[79.8802319,7.0084634],[79.8804465,7.0085034],[79.8806021,7.0085992],[79.880653,7.008727],[79.880653,7.0109259],[79.880704,7.0111043],[79.880814,7.0112747],[79.8825842,7.0128081],[79.8827398,7.0130556],[79.8827961,7.013439],[79.8828095,7.018103]]]}},
{"type":"Feature","properties":{"osm_id":"419531340","code":8103,"fclass":"canal","width":0,"name":null},"geometry":{"type":"MultiLineString","coordinates":[[[79.8886317,6.9670981],[79.8887093,6.9669359],[79.8887146,6.9667817],[79.8886514,6.9666557],[79.8884347,6.9663996],[79.8883832,6.9662369],[79.8883855,6.966137],[79.8884371,6.9659934],[79.8885404,6.9658568],[79.8889703,6.9656078]]]}},
{"type":"Feature","properties":{"osm_id":"941233724","code":8103,"fclass":"canal","width":0,"name":null},"geometry":{"type":"MultiLineString","coordinates":[[[79.865461,7.0369371],[79.8660516,7.0370392],[79.8665446,7.0371155],[79.8666814,7.0374509],[79.8670462,7.0375334],[79.8671105,7.0377437],[79.8671213,7.0378901],[79.8672661,7.0379886],[79.8674002,7.0380338],[79.8675799,7.0380578],[79.8677301,7.0380152],[79.8681003,7.0380924],[79.868162,7.038159],[79.8681566,7.0382734],[79.8680547,7.0383506],[79.8677784,7.0383187],[79.8676711,7.0384012],[79.8675638,7.0384491],[79.8674217,7.0384598],[79.8673439,7.0385396],[79.8671669,7.0385875],[79.866778,7.0385769]]]}},
{"type":"Feature","properties":{"osm_id":"941233723","code":8103,"fclass":"canal","width":0,"name":null},"geometry":{"type":"MultiLineString","coordinates":[[[79.8671669,7.0385875],[79.8672017,7.0387712],[79.867191,7.0388937],[79.8673466,7.0389256],[79.8673975,7.0388937],[79.8674297,7.0387659],[79.8676953,7.0387819],[79.8677516,7.0388591],[79.8678535,7.038867],[79.8678884,7.0387712],[79.8678991,7.0386221],[79.8680815,7.0385955],[79.8682719,7.0386168]]]}},
{"type":"Feature","properties":{"osm_id":"941233722","code":8103,"fclass":"canal","width":0,"name":null},"geometry":{"type":"MultiLineString","coordinates":[[[79.8689268,7.0361527],[79.8687386,7.0365591],[79.8686501,7.0369344],[79.8687118,7.0371474],[79.8682719,7.0386168],[79.8680654,7.0391945],[79.867942,7.0394261],[79.8677731,7.0395698],[79.8675585,7.0396869],[79.8672447,7.0397668],[79.8671079,7.0399239],[79.8668665,7.0400623],[79.8666251,7.0400649],[79.8665339,7.0400836],[79.8665017,7.0401874],[79.8666197,7.0402752],[79.8666197,7.0403631],[79.8665634,7.0405787],[79.8665875,7.0407997],[79.8665473,7.0408609],[79.866212,7.0408635],[79.865984,7.0410765],[79.8658472,7.0410685],[79.8657909,7.0412389],[79.8667431,7.0415823],[79.8667189,7.0417766],[79.8666251,7.0418591],[79.8662855,7.0417339],[79.8661557,7.0416861]]]}},
{"type":"Feature","properties":{"osm_id":"941233721","code":8103,"fclass":"canal","width":0,"name":null},"geometry":{"type":"MultiLineString","coordinates":[[[79.8662855,7.0417339],[79.8661315,7.0423942],[79.8660108,7.0424208],[79.8658553,7.042514],[79.8651767,7.042679],[79.8651284,7.0430464],[79.865182,7.0431156],[79.8656648,7.043222],[79.8660994,7.0432646],[79.8662442,7.0433445],[79.866263,7.0434563],[79.8662388,7.0438769],[79.8664132,7.0439754],[79.8664105,7.0441378],[79.8663381,7.0442229],[79.8661637,7.0442629],[79.8661235,7.0445078],[79.8660699,7.0446249],[79.8660135,7.0452611],[79.8653537,7.0452079],[79.8651274,7.0450712],[79.8647045,7.0449376],[79.8635988,7.0446308],[79.8626035,7.0443852]]]}},
{"type":"Feature","properties":{"osm_id":"419586723","code":8103,"fclass":"canal","width":0,"name":null},"geometry":{"type":"MultiLineString","coordinates":[[[79.8944563,6.9709161],[79.8944509,6.971112],[79.8944933,6.9715121],[79.8948828,6.9719636],[79.895109,6.9723107],[79.8953411,6.9725498],[79.8957349,6.9727627],[79.8959658,6.9728167]]]}},
{"type":"Feature","properties":{"osm_id":"419531334","code":8103,"fclass":"canal","width":0,"name":null},"geometry":{"type":"MultiLineString","coordinates":[[[79.891903,6.9657121],[79.8920296,6.9656147],[79.8921717,6.9655054],[79.8922479,6.9654467],[79.8923861,6.9653404]]]}},
{"type":"Feature","properties":{"osm_id":"419531332","code":8103,"fclass":"canal","width":0,"name":null},"geometry":{"type":"MultiLineString","coordinates":[[[79.8900466,6.9645816],[79.8890941,6.9655077],[79.8889703,6.9656078]]]}},
{"type":"Feature","properties":{"osm_id":"419531331","code":8103,"fclass":"canal","width":0,"name":null},"geometry":{"type":"MultiLineString","coordinates":[[[79.8908783,6.9680418],[79.8907911,6.9679001],[79.890985,6.9676707],[79.8912323,6.9669143],[79.8911863,6.9660887],[79.8910117,6.9656857],[79.8905032,6.9650453],[79.8900466,6.9645816]]]}},
{"type":"Feature","properties":{"osm_id":"419531330","code":8103,"fclass":"canal","width":0,"name":null},"geometry":{"type":"MultiLineString","coordinates":[[[79.8939849,6.9723803],[79.8938035,6.9723865],[79.8938808,6.9729581],[79.893999,6.9735062],[79.8941129,6.9737856],[79.8943965,6.9744723],[79.8949014,6.9752508],[79.8954601,6.9759439],[79.8957351,6.9761721]]]}},
{"type":"Feature","properties":{"osm_id":"419531339","code":8103,"fclass":"canal","width":0,"name":null},"geometry":{"type":"MultiLineString","coordinates":[[[79.8886317,6.9670981],[79.8885443,6.9671974],[79.8882983,6.9674904],[79.888001,6.9673148]]]}},
{"type":"Feature","properties":{"osm_id":"419531337","code":8103,"fclass":"canal","width":0,"name":null},"geometry":{"type":"MultiLineString","coordinates":[[[79.8940684,6.9669456],[79.8932921,6.9667176],[79.8928603,6.9664997],[79.8925347,6.9662222],[79.8920296,6.9656147]]]}},
{"type":"Feature","properties":{"osm_id":"419531336","code":8103,"fclass":"canal","width":0,"name":null},"geometry":{"type":"MultiLineString","coordinates":[[[79.8922479,6.9654467],[79.892563,6.9657023],[79.8931859,6.9660466],[79.8940601,6.9667351]]]}},
{"type":"Feature","properties":{"osm_id":"419531335","code":8103,"fclass":"canal","width":0,"name":null},"geometry":{"type":"MultiLineString","coordinates":[[[79.8906165,6.9638158],[79.8911013,6.9643462],[79.8915048,6.9645851],[79.8920958,6.9651929],[79.8921717,6.9655054]]]}},
{"type":"Feature","properties":{"osm_id":"970593984","code":8103,"fclass":"canal","width":0,"name":null},"geometry":{"type":"MultiLineString","coordinates":[[[80.0751693,7.1662966],[80.0752817,7.1661073],[80.0752349,7.1658864],[80.0751533,7.1654524],[80.0750777,7.1650881],[80.075088,7.164596],[80.0750917,7.1642553],[80.07508,7.1640806],[80.0750026,7.1638178],[80.0749166,7.1635907],[80.0749019,7.1635695],[80.0748884,7.1635502],[80.0748341,7.1635241],[80.0749019,7.1635695]]]}},
{"type":"Feature","properties":{"osm_id":"420045849","code":8103,"fclass":"canal","width":0,"name":null},"geometry":{"type":"MultiLineString","coordinates":[[[80.0486053,6.8912497],[80.0486964,6.8910577],[80.0486812,6.8908581],[80.0484801,6.89073],[80.0486053,6.8905455],[80.0488784,6.8904212],[80.0489619,6.8902254],[80.0487578,6.8896598],[80.0487419,6.8894045],[80.0484346,6.8886626],[80.0481566,6.8881644],[80.0483443,6.8879541],[80.0483443,6.8878955],[80.0482719,6.8878289],[80.0481539,6.887805],[80.0481003,6.8877331],[80.0481244,6.8876239],[80.048119,6.8875014],[80.0479098,6.8872538],[80.0479501,6.8871499],[80.0480681,6.8870887],[80.0482156,6.8869702],[80.0482464,6.8868197],[80.0483148,6.8866999],[80.0484034,6.8866559],[80.0484329,6.8865761],[80.0484087,6.8862911],[80.0485302,6.8857993],[80.048553,6.885264],[80.0484967,6.8847115],[80.0484376,6.884589],[80.0482526,6.8845144],[80.0481413,6.8843986],[80.0481118,6.8842455],[80.0481779,6.8837668],[80.0480961,6.8835405],[80.0480693,6.8832463],[80.0479942,6.8830212],[80.0477903,6.8827882],[80.0475704,6.8825925],[80.0472817,6.8822088],[80.046483,6.8814867],[80.0462118,6.8810744],[80.0462156,6.8808014],[80.0462687,6.8804474],[80.0463218,6.8802741],[80.0463768,6.8797883],[80.046447,6.8795435],[80.0463996,6.8791651],[80.0463863,6.8786096],[80.0464394,6.8783309],[80.0462061,6.8778301],[80.0462384,6.8776568],[80.0463996,6.877267],[80.0462459,6.8767662],[80.0462099,6.8765609],[80.0459728,6.8762559],[80.0458002,6.8758379],[80.0456466,6.8751412],[80.0455139,6.8743918],[80.0452578,6.8741846],[80.0451857,6.8740566],[80.0452199,6.8734917],[80.0452521,6.8732996],[80.0451118,6.8727667]]]}},
{"type":"Feature","properties":{"osm_id":"419896372","code":8103,"fclass":"canal","width":0,"name":null},"geometry":{"type":"MultiLineString","coordinates":[[[79.9891465,6.9346049],[79.9886273,6.934691],[79.9881414,6.9347635]]]}},
{"type":"Feature","properties":{"osm_id":"419874450","code":8103,"fclass":"canal","width":0,"name":null},"geometry":{"type":"MultiLineString","coordinates":[[[80.0475794,6.9253304],[80.0475582,6.9254029],[80.0475372,6.9255489],[80.047508,6.9257147],[80.0474835,6.9258746],[80.0474497,6.9260311],[80.0474356,6.926133],[80.0474263,6.9261956],[80.0474193,6.9262107],[80.0474041,6.9262408],[80.0473703,6.9262791],[80.0473002,6.9263301],[80.0472514,6.9263695],[80.0472222,6.9263932],[80.0471921,6.9264266],[80.0471532,6.9264512],[80.0469964,6.9264709],[80.0468591,6.9265421]]]}},
{"type":"Feature","properties":{"osm_id":"420000705","code":8103,"fclass":"canal","width":0,"name":null},"geometry":{"type":"MultiLineString","coordinates":[[[79.8893536,6.9596143],[79.8883132,6.959096],[79.887811,6.9590212],[79.8869385,6.9591954],[79.8858724,6.9593729],[79.8854004,6.9593605],[79.8848472,6.9592802],[79.883099,6.9612473],[79.8829381,6.9615029],[79.8829005,6.9622963],[79.8827137,6.9633437],[79.8827514,6.96364],[79.8828493,6.963907],[79.8829763,6.9640703],[79.8826001,6.9645434],[79.8821289,6.9650124],[79.8819259,6.9651516],[79.8818514,6.9652027]]]}},
{"type":"Feature","properties":{"osm_id":"1027344405","code":8103,"fclass":"canal","width":0,"name":null},"geometry":{"type":"MultiLineString","coordinates":[[[79.8734059,7.1660573],[79.873177,7.1657613]]]}},
{"type":"Feature","properties":{"osm_id":"1027344406","code":8103,"fclass":"canal","width":0,"name":null},"geometry":{"type":"MultiLineString","coordinates":[[[79.8734685,7.1661371],[79.8734059,7.1660573]]]}},
{"type":"Feature","properties":{"osm_id":"1027344429","code":8103,"fclass":"canal","width":0,"name":null},"geometry":{"type":"MultiLineString","coordinates":[[[79.873177,7.1657613],[79.8730037,7.1661749]]]}},
{"type":"Feature","properties":{"osm_id":"420107680","code":8103,"fclass":"canal","width":0,"name":null},"geometry":{"type":"MultiLineString","coordinates":[[[79.9370903,6.9302102],[79.9372149,6.930178],[79.9383987,6.9300273],[79.9389743,6.9300899],[79.939028,6.9301235],[79.9390303,6.9301514],[79.9389533,6.9305361],[79.938986,6.9305918],[79.9390549,6.9306428],[79.939272,6.9307587],[79.9393409,6.9307726],[79.9394495,6.9307749]]]}},
{"type":"Feature","properties":{"osm_id":"420107435","code":8103,"fclass":"canal","width":0,"name":null},"geometry":{"type":"MultiLineString","coordinates":[[[79.9370562,6.9298155],[79.9370597,6.9297611],[79.937173,6.9294586],[79.9375291,6.9288432],[79.9375956,6.9288455],[79.9376974,6.9288991],[79.9377709,6.9289118],[79.9381994,6.9289162]]]}},
{"type":"Feature","properties":{"osm_id":"420107434","code":8103,"fclass":"canal","width":0,"name":null},"geometry":{"type":"MultiLineString","coordinates":[[[79.9370903,6.9302102],[79.9370824,6.9301293],[79.9370577,6.9298625],[79.9370562,6.9298155]]]}},
{"type":"Feature","properties":{"osm_id":"420107433","code":8103,"fclass":"canal","width":0,"name":null},"geometry":{"type":"MultiLineString","coordinates":[[[79.9357184,6.931034],[79.9364619,6.9303286],[79.9365663,6.9303813],[79.9366814,6.9303796],[79.9370903,6.9302102]]]}},
{"type":"Feature","properties":{"osm_id":"420108235","code":8103,"fclass":"canal","width":0,"name":null},"geometry":{"type":"MultiLineString","coordinates":[[[79.9394929,6.9310211],[79.939467,6.9309973],[79.9392971,6.9309095],[79.9390158,6.9307057]]]}},
{"type":"Feature","properties":{"osm_id":"420107793","code":8103,"fclass":"canal","width":0,"name":null},"geometry":{"type":"MultiLineString","coordinates":[[[79.9394929,6.9310211],[79.9395143,6.9310424],[79.9396136,6.9311995],[79.9396377,6.9314125]]]}},
{"type":"Feature","properties":{"osm_id":"420107739","code":8103,"fclass":"canal","width":0,"name":null},"geometry":{"type":"MultiLineString","coordinates":[[[79.9394495,6.9307749],[79.9394486,6.9308254],[79.9394553,6.9309199],[79.9394969,6.9309612],[79.9394929,6.9310211]]]}},
{"type":"Feature","properties":{"osm_id":"1027344430","code":8103,"fclass":"canal","width":0,"name":null},"geometry":{"type":"MultiLineString","coordinates":[[[79.8730037,7.1661749],[79.8729654,7.1662663]]]}},
{"type":"Feature","properties":{"osm_id":"420107714","code":8103,"fclass":"canal","width":0,"name":null},"geometry":{"type":"MultiLineString","coordinates":[[[79.9394495,6.9307749],[79.9394939,6.9307705],[79.9398652,6.9307766],[79.9399561,6.9307904],[79.9400491,6.930836],[79.9400706,6.931081],[79.9401296,6.9311835]]]}},
{"type":"Feature","properties":{"osm_id":"383296306","code":8103,"fclass":"canal","width":0,"name":null},"geometry":{"type":"MultiLineString","coordinates":[[[79.9275987,6.875278],[79.9286732,6.8733498],[79.9289262,6.8728957],[79.9293585,6.8721292],[79.9298777,6.8707655],[79.9303656,6.869671],[79.9305839,6.8689806],[79.9309263,6.8680332],[79.9312497,6.8671688],[79.9313629,6.8669494],[79.9314788,6.8668959],[79.932264,6.8670245],[79.9328383,6.8671186]]]}},
{"type":"Feature","properties":{"osm_id":"387057241","code":8103,"fclass":"canal","width":0,"name":null},"geometry":{"type":"MultiLineString","coordinates":[[[79.9075207,6.8448021],[79.906484,6.8447169],[79.90613,6.8447235],[79.906071,6.8447475],[79.9058899,6.8447555],[79.9041679,6.8445518],[79.9035725,6.844388],[79.9030039,6.8443347],[79.9018277,6.8440431],[79.9017566,6.8440604],[79.9017213,6.8441171],[79.9007965,6.8438351],[79.900406,6.8438184],[79.9002836,6.8437858]]]}},
{"type":"Feature","properties":{"osm_id":"387052747","code":8103,"fclass":"canal","width":0,"name":"Katu Ela"},"geometry":{"type":"MultiLineString","coordinates":[[[79.8973654,6.8482186],[79.8973565,6.8481103],[79.8973438,6.8480131],[79.8970888,6.8472595],[79.8968167,6.8466807],[79.8967022,6.8462947],[79.8965688,6.8459685],[79.89647,6.8458607],[79.8962709,6.8457588],[79.8958665,6.8456086],[79.8957617,6.8455697]]]}},
{"type":"Feature","properties":{"osm_id":"383296308","code":8103,"fclass":"canal","width":0,"name":null},"geometry":{"type":"MultiLineString","coordinates":[[[79.9328383,6.8671186],[79.9330146,6.867161],[79.9337579,6.8671479],[79.9338468,6.8672121],[79.9338064,6.86756],[79.9338954,6.8677661],[79.9338738,6.8679053],[79.9337444,6.8679508],[79.9334298,6.8678825],[79.9331048,6.867911],[79.9328448,6.8682247],[79.9326973,6.8684882],[79.9322889,6.8689784],[79.9320031,6.8694173],[79.9319694,6.8695799],[79.9320139,6.8698241],[79.9319465,6.8701131],[79.9320031,6.870378],[79.9321217,6.8706563],[79.9321325,6.870932],[79.932084,6.8711193],[79.9319546,6.8711728],[79.931897,6.8713315],[79.9318262,6.8716423],[79.9317197,6.8719352],[79.9315337,6.872265],[79.9314042,6.8728479],[79.9314667,6.8729738],[79.9317201,6.8730809],[79.931863,6.8732334],[79.9317578,6.8736643],[79.9316147,6.8737274],[79.9313619,6.8737518],[79.9311374,6.8738796],[79.9307425,6.874414],[79.9305098,6.8752111],[79.9305503,6.8753422],[79.9306824,6.8754144],[79.9307201,6.8754894],[79.9306096,6.8756633],[79.9305073,6.875762],[79.9303237,6.8757642],[79.9296967,6.8756352],[79.9294028,6.8756489],[79.9290405,6.8758065],[79.9287643,6.876044]]]}},
{"type":"Feature","properties":{"osm_id":"383296307","code":8103,"fclass":"canal","width":0,"name":null},"geometry":{"type":"MultiLineString","coordinates":[[[79.9273665,6.8766837],[79.9272631,6.8771136]]]}},
{"type":"Feature","properties":{"osm_id":"715285468","code":8103,"fclass":"canal","width":0,"name":"Hamilton Canal"},"geometry":{"type":"MultiLineString","coordinates":[[[79.8474499,7.2690345],[79.8478496,7.2691915],[79.8481433,7.2693871],[79.8484008,7.269713],[79.848661,7.270227],[79.8489077,7.2710001],[79.8489292,7.2711451],[79.8489061,7.2712127],[79.8485167,7.2716799],[79.848266679908392,7.272174700241158]]]}},
{"type":"Feature","properties":{"osm_id":"704744477","code":8103,"fclass":"canal","width":0,"name":null},"geometry":{"type":"MultiLineString","coordinates":[[[80.0470267,7.1321676],[80.0469034,7.1320914],[80.04675,7.1320362],[80.0451731,7.1315095],[80.0451274,7.1314945],[80.0442457,7.131114],[80.0438856,7.1309457],[80.0432892,7.1305645],[80.0431815,7.1304242],[80.0424664,7.1295168],[80.0423151,7.1293278],[80.0418168,7.1288773],[80.0401236,7.1276736],[80.0393937,7.12745]]]}},
{"type":"Feature","properties":{"osm_id":"374662747","code":8103,"fclass":"canal","width":0,"name":null},"geometry":{"type":"MultiLineString","coordinates":[[[79.8987432,6.9699277],[79.899796,6.9701612],[79.9009431,6.9702779],[79.9016075,6.9703727],[79.9023291,6.9704309],[79.9028278,6.9705257],[79.903343,6.9707402],[79.9036339,6.9708268],[79.9044576,6.9709866],[79.9067107,6.9712262],[79.9082986,6.9712954],[79.9099347,6.9710132]]]}},
{"type":"Feature","properties":{"osm_id":"744234889","code":8103,"fclass":"canal","width":0,"name":null},"geometry":{"type":"MultiLineString","coordinates":[[[79.8799923,7.1084315],[79.8801111,7.108302],[79.880242,7.1081875],[79.8802728,7.1081229]]]}},
{"type":"Feature","properties":{"osm_id":"744234888","code":8103,"fclass":"canal","width":0,"name":null},"geometry":{"type":"MultiLineString","coordinates":[[[79.8802728,7.1081229],[79.8802976,7.1080418]]]}},
{"type":"Feature","properties":{"osm_id":"374662745","code":8103,"fclass":"canal","width":0,"name":null},"geometry":{"type":"MultiLineString","coordinates":[[[79.9009431,6.9702779],[79.9003222,6.9707938],[79.8997986,6.9712929],[79.8992252,6.9717425],[79.898827,6.9720935],[79.8988714,6.972591]]]}},
{"type":"Feature","properties":{"osm_id":"808205294","code":8103,"fclass":"canal","width":0,"name":null},"geometry":{"type":"MultiLineString","coordinates":[[[79.872773,7.1113438],[79.8728687,7.1114692],[79.8731221,7.1115839],[79.8732273,7.1118182],[79.8733945,7.1120731],[79.8734393,7.1121877],[79.8734221,7.1123861],[79.8733669,7.1125435],[79.8733807,7.1126478],[79.8734841,7.1127556],[79.8736427,7.1127778],[79.8738771,7.1127026],[79.8740444,7.112682],[79.8741992,7.1127252]]]}},
{"type":"Feature","properties":{"osm_id":"387058931","code":8103,"fclass":"canal","width":0,"name":null},"geometry":{"type":"MultiLineString","coordinates":[[[79.9071962,6.8460231],[79.9063996,6.8459925],[79.9058977,6.8459869],[79.905507,6.8459585],[79.9049879,6.8459925],[79.9045516,6.8459642],[79.9043634,6.8459897],[79.9042921,6.8459784],[79.9041835,6.845894],[79.9039328,6.8458594],[79.9035535,6.845698],[79.9034822,6.8456329],[79.9032854,6.845565],[79.9029346,6.8456386],[79.9026152,6.8456216],[79.9021789,6.8454829],[79.9016713,6.8454319],[79.9014488,6.8453837],[79.9010695,6.8452478],[79.9008699,6.8451459],[79.9007073,6.845061],[79.9004963,6.8449307],[79.9003252,6.8448514],[79.9001997,6.8447976],[79.9001053,6.8447737]]]}},
{"type":"Feature","properties":{"osm_id":"808205293","code":8103,"fclass":"canal","width":0,"name":null},"geometry":{"type":"MultiLineString","coordinates":[[[79.8762579,7.1114937],[79.8762482,7.1112805],[79.8760155,7.1108169],[79.8759465,7.1107639],[79.8757379,7.1107297],[79.8751053,7.1108101],[79.8746761,7.1108836],[79.873478,7.1111197],[79.872773,7.1113438],[79.8723765,7.1114977],[79.8718465,7.1116369],[79.8712397,7.1117378],[79.8709708,7.1118233],[79.8704002,7.1121124],[79.870083,7.1122972],[79.86994,7.1124973],[79.8696262,7.1126923],[79.8694642,7.1129899],[79.8692056,7.1135014],[79.8689677,7.1139992],[79.8687178,7.1146885],[79.8686281,7.1154189],[79.868523,7.1157011],[79.8682711,7.1158169]]]}},
{"type":"Feature","properties":{"osm_id":"387058085","code":8103,"fclass":"canal","width":0,"name":null},"geometry":{"type":"MultiLineString","coordinates":[[[79.8997822,6.8459967],[79.8993436,6.845777],[79.8991691,6.8457014],[79.8990718,6.845685],[79.8987373,6.8458374],[79.8984221,6.8460156],[79.8982286,6.846086],[79.898046,6.8461158],[79.8977626,6.8461104],[79.8975977,6.8460942],[79.8975516,6.8460611],[79.8974937,6.8459141],[79.8974945,6.8457803],[79.8969602,6.8457402],[79.8968918,6.8455957],[79.896882,6.8455995],[79.896814,6.8456257],[79.896752,6.8456535],[79.8966956,6.8456787],[79.8965898,6.845753],[79.8964978,6.8458336],[79.89647,6.8458607]]]}},
{"type":"Feature","properties":{"osm_id":"808205286","code":8103,"fclass":"canal","width":0,"name":null},"geometry":{"type":"MultiLineString","coordinates":[[[79.91828,7.1394865],[79.9185126,7.1400853],[79.9185453,7.1402308]]]}},
{"type":"Feature","properties":{"osm_id":"387058081","code":8103,"fclass":"canal","width":0,"name":null},"geometry":{"type":"MultiLineString","coordinates":[[[79.8999515,6.8437042],[79.8999199,6.8436975],[79.8993223,6.8435661],[79.8982181,6.8433435],[79.8977118,6.8432136],[79.8975959,6.8432359],[79.896686,6.8430838],[79.8964356,6.8430634],[79.8962899,6.8430931],[79.8961615,6.8430771],[79.896041,6.843053],[79.8958696,6.843051],[79.8956921,6.8430827],[79.8956024,6.8430965],[79.8954253,6.8430738]]]}},
{"type":"Feature","properties":{"osm_id":"852543786","code":8103,"fclass":"canal","width":0,"name":null},"geometry":{"type":"MultiLineString","coordinates":[[[79.8669425,7.0175929],[79.8688808,7.017898],[79.8694655,7.0180365],[79.8699537,7.0181776],[79.8704651,7.0187453],[79.8707181,7.0189097],[79.8720222,7.0208873],[79.8721102,7.0210207],[79.8722684,7.0212656],[79.8728203,7.0221162],[79.8735527,7.0229267],[79.8737408,7.0229786],[79.8741903,7.0228871],[79.8745057,7.022863],[79.8760429,7.022951],[79.8794696,7.0231063],[79.8826589,7.0232508],[79.8847921,7.0233107],[79.8852672,7.023324],[79.8868095,7.0233465],[79.8875297,7.0234759],[79.8889172,7.0235315]]]}},
{"type":"Feature","properties":{"osm_id":"808205281","code":8103,"fclass":"canal","width":0,"name":null},"geometry":{"type":"MultiLineString","coordinates":[[[79.9234102,7.1151542],[79.9232902,7.1154204],[79.9231987,7.1155651],[79.9231318,7.1156066]]]}},
{"type":"Feature","properties":{"osm_id":"808205280","code":8103,"fclass":"canal","width":0,"name":null},"geometry":{"type":"MultiLineString","coordinates":[[[79.9236399,7.1149594],[79.9234715,7.1150691],[79.9234102,7.1151542]]]}},
{"type":"Feature","properties":{"osm_id":"808205285","code":8103,"fclass":"canal","width":0,"name":null},"geometry":{"type":"MultiLineString","coordinates":[[[79.9182526,7.1394309],[79.91828,7.1394865]]]}}
]
}
